{"skeleton":{"hash":"MdEhAXi5ZtECsFjbxqDB3665IjY","spine":"3.8.99","x":-192.19,"y":-132,"width":259,"height":264,"images":"../","audio":"D:/work/CryptoGladiator/美术资源/角色/spine"},"bones":[{"name":"root"}],"slots":[{"name":"tx/电7/1_00001","bone":"root"}],"skins":[{"name":"default","attachments":{"tx/电7/1_00001":{"tx/电7/1_00001":{"x":-62.69,"rotation":180,"width":259,"height":264},"tx/电7/1_00002":{"x":-62.69,"rotation":180,"width":259,"height":264},"tx/电7/1_00003":{"x":-62.69,"rotation":180,"width":259,"height":264},"tx/电7/1_00005":{"x":-62.69,"rotation":180,"width":259,"height":264},"tx/电7/1_00007":{"x":-62.69,"rotation":180,"width":259,"height":264},"tx/电7/1_00009":{"x":-62.69,"rotation":180,"width":259,"height":264},"tx/电7/1_00011":{"x":-62.69,"rotation":180,"width":259,"height":264},"tx/电7/1_00013":{"x":-62.69,"rotation":180,"width":259,"height":264},"tx/电7/1_00015":{"x":-62.69,"rotation":180,"width":259,"height":264},"tx/电7/1_00017":{"x":-62.69,"rotation":180,"width":259,"height":264},"tx/电7/1_00019":{"x":-62.69,"rotation":180,"width":259,"height":264},"tx/电7/1_00021":{"x":-62.69,"rotation":180,"width":259,"height":264},"tx/电7/1_00023":{"x":-62.69,"rotation":180,"width":259,"height":264},"tx/电7/1_00025":{"x":-62.69,"rotation":180,"width":259,"height":264},"tx/电7/1_00026":{"x":-62.69,"rotation":180,"width":259,"height":264},"tx/电7/1_00028":{"x":-62.69,"rotation":180,"width":259,"height":264},"tx/电7/1_00029":{"x":-62.69,"rotation":180,"width":259,"height":264}}}}],"animations":{"ARCHER_ATTACK11":{"slots":{"tx/电7/1_00001":{"attachment":[{"name":"tx/电7/1_00001"},{"time":0.0333,"name":"tx/电7/1_00002"},{"time":0.0667,"name":"tx/电7/1_00003"},{"time":0.1,"name":null},{"time":0.1333,"name":"tx/电7/1_00005"},{"time":0.1667,"name":null},{"time":0.2,"name":"tx/电7/1_00007"},{"time":0.2333,"name":null},{"time":0.2667,"name":"tx/电7/1_00009"},{"time":0.3,"name":null},{"time":0.3333,"name":"tx/电7/1_00011"},{"time":0.3667,"name":null},{"time":0.4,"name":"tx/电7/1_00013"},{"time":0.4333,"name":null},{"time":0.4667,"name":"tx/电7/1_00015"},{"time":0.5,"name":null},{"time":0.5333,"name":"tx/电7/1_00017"},{"time":0.5667,"name":null},{"time":0.6,"name":"tx/电7/1_00019"},{"time":0.6333,"name":null},{"time":0.6667,"name":"tx/电7/1_00021"},{"time":0.7,"name":null},{"time":0.7333,"name":"tx/电7/1_00023"},{"time":0.7667,"name":null},{"time":0.8,"name":"tx/电7/1_00025"},{"time":0.8333,"name":"tx/电7/1_00026"},{"time":0.8667,"name":null},{"time":0.9,"name":"tx/电7/1_00028"},{"time":0.9333,"name":"tx/电7/1_00029"},{"time":0.9667,"name":null}]}},"bones":{"root":{"scale":[{"x":2,"y":2}]}}}}}