{"skeleton":{"hash":"lXCivUkD4UZWLwKk0rO5IrES2mU","spine":"3.8.99","x":-35.66,"y":-54.99,"width":54,"height":69,"images":"../","audio":"D:/work/CryptoGladiator/美术资源/角色/斯巴达人物拆分/斯巴达(标准)"},"bones":[{"name":"root"}],"slots":[{"name":"dabiyou","bone":"root","attachment":"斯巴达人物拆分小/斯巴达(标准)/dabiyou"}],"skins":[{"name":"a1","attachments":{"dabiyou":{"斯巴达人物拆分小/斯巴达(标准)/dabiyou":{"x":-8.66,"y":-20.49,"width":54,"height":69}}}},{"name":"a2","attachments":{"dabiyou":{"斯巴达人物拆分小/斯巴达(标准)/dabiyou":{"name":"斯巴达人物拆分小/斯巴达(标准伤疤)/dabiyou","x":-8.66,"y":-20.49,"width":54,"height":69}}}},{"name":"a3","attachments":{"dabiyou":{"斯巴达人物拆分小/斯巴达(标准)/dabiyou":{"name":"斯巴达人物拆分小/斯巴达(标准无肌肉)/dabiyou","x":-8.66,"y":-20.49,"width":54,"height":70}}}},{"name":"a4","attachments":{"dabiyou":{"斯巴达人物拆分小/斯巴达(标准)/dabiyou":{"name":"斯巴达人物拆分小/斯巴达(标准肌肉)/dabiyou","x":-8.66,"y":-20.49,"width":54,"height":69}}}}],"animations":{"a":{}}}