{"skeleton":{"hash":"47BcaTmqX5oL/n9degJROnS+SWY","spine":"3.8.99","x":-9.83,"y":-27.38,"width":36,"height":34,"images":"../","audio":"D:/work/CryptoGladiator/美术资源/角色/斯巴达人物拆分/斯巴达(标准)"},"bones":[{"name":"root"}],"slots":[{"name":"斯巴达人物拆分小/斯巴达(标准)/shouzuo","bone":"root","attachment":"shouzuo"}],"skins":[{"name":"a1","attachments":{"斯巴达人物拆分小/斯巴达(标准)/shouzuo":{"shouzuo":{"name":"斯巴达人物拆分小/斯巴达(标准)/shouzuo","x":8.17,"y":-10.38,"width":36,"height":34}}}},{"name":"a2","attachments":{"斯巴达人物拆分小/斯巴达(标准)/shouzuo":{"shouzuo":{"name":"斯巴达人物拆分小/斯巴达(标准)/shouzuo","x":8.17,"y":-10.38,"width":36,"height":34}}}},{"name":"a3","attachments":{"斯巴达人物拆分小/斯巴达(标准)/shouzuo":{"shouzuo":{"name":"斯巴达人物拆分小/斯巴达(标准)/shouzuo2","path":"斯巴达人物拆分小/斯巴达(标准)/shouzuo","x":8.17,"y":-10.38,"width":36,"height":34}}}},{"name":"a4","attachments":{"斯巴达人物拆分小/斯巴达(标准)/shouzuo":{"shouzuo":{"name":"斯巴达人物拆分小/斯巴达(标准)/shouzuo3","path":"斯巴达人物拆分小/斯巴达(标准)/shouzuo","x":8.17,"y":-10.38,"width":36,"height":34}}}}],"animations":{"a":{}}}