{"skeleton":{"hash":"dnDkZhCAiC2IP7kEFMUFjBbYTEw","spine":"3.8.99","x":-52.79,"y":-36.92,"width":83,"height":84,"images":"../","audio":"D:/work/CryptoGladiator/美术资源/角色/斯巴达人物拆分/斯巴达(标准)"},"bones":[{"name":"root"}],"slots":[{"name":"jianjia","bone":"root","attachment":"斯巴达人物拆分/斯巴达(标准)/jianjia"}],"skins":[{"name":"a1","attachments":{"jianjia":{"斯巴达人物拆分/斯巴达(标准)/jianjia":{"name":"斯巴达人物拆分小/斯巴达(标准)/jianjia","x":-11.29,"y":5.08,"width":68,"height":60}}}},{"name":"a2","attachments":{"jianjia":{"斯巴达人物拆分/斯巴达(标准)/jianjia":{"name":"斯巴达人物拆分小/1/jianjia","x":-11.29,"y":5.08,"width":83,"height":84}}}}],"animations":{"a":{}}}