{"skeleton":{"hash":"p1Y7lAnJHN/uLppXvfCFH2soTSQ","spine":"3.8.99","x":-115.45,"y":-2.38,"width":191.45,"height":305.5,"images":"../","audio":"D:/work/CryptoGladiator/美术资源/角色/斯巴达人物拆分/斯巴达(标准)"},"bones":[{"name":"root"},{"name":"GDbody","parent":"root","rotation":90,"x":-17.31,"y":126.6,"color":"fff900ff"},{"name":"shenti","parent":"GDbody","length":34.17,"color":"fff900ff"},{"name":"shenti2","parent":"shenti","length":61.37,"rotation":6.34,"x":35.07,"color":"fff900ff"},{"name":"GDhead","parent":"shenti2","rotation":-6.34,"x":62.87,"y":4.36,"color":"ff0000ff"},{"name":"tou","parent":"GDhead","length":48.87,"transform":"noScale","color":"ff0000ff"},{"name":"GDRarm","parent":"shenti2","rotation":151.99,"x":50.76,"y":44.18,"color":"2bff00ff"},{"name":"dabiyou","parent":"GDRarm","length":50.67,"rotation":-3.85,"transform":"noScale","color":"2bff00ff"},{"name":"xiaobiyou","parent":"dabiyou","length":55.75,"rotation":30.4,"x":47.59,"y":2.05,"color":"2bff00ff"},{"name":"xiaobiyou2","parent":"xiaobiyou","length":26.43,"rotation":22.1,"x":57.66,"y":0.21,"color":"2bff00ff"},{"name":"GDLarm","parent":"shenti2","rotation":179.58,"x":41.7,"y":-38.26,"color":"0040ffff"},{"name":"dabizuo","parent":"GDLarm","length":45.59,"rotation":3.18,"transform":"noScale","color":"0040ffff"},{"name":"xiaobizuo","parent":"dabizuo","length":62.21,"rotation":19.03,"x":42.08,"y":-1.15,"color":"0040ffff"},{"name":"xiaobizuo2","parent":"xiaobizuo","length":24.56,"rotation":0.48,"x":62.89,"y":0.8,"color":"0040ffff"},{"name":"GDRleg","parent":"shenti","rotation":173.35,"x":-27.74,"y":20.51,"color":"1eff00ff"},{"name":"datuiyou","parent":"GDRleg","length":42.62,"color":"1eff00ff"},{"name":"xiaotuiyou","parent":"datuiyou","length":58.72,"rotation":-7.47,"x":33.48,"y":0.11,"color":"1eff00ff"},{"name":"jiaoyou","parent":"xiaotuiyou","length":32.49,"rotation":-5.98,"x":59.19,"y":-1.01,"transform":"noRotationOrReflection","color":"1eff00ff"},{"name":"GDLleg","parent":"shenti","rotation":-169.94,"x":-25.32,"y":-21.73,"color":"0000ffff"},{"name":"datuizuo","parent":"GDLleg","length":47.85,"color":"0000ffff"},{"name":"xiaotuizuo","parent":"datuizuo","length":55.67,"rotation":-9.7,"x":36.77,"y":-0.92,"color":"0000ffff"},{"name":"jiaozuo","parent":"xiaotuizuo","length":33.47,"rotation":-7.56,"x":54.19,"y":0.05,"transform":"noRotationOrReflection","color":"0000ffff"},{"name":"R","parent":"GDbody","rotation":-90,"x":-117.95,"y":38.96,"color":"ff3f00ff"},{"name":"L","parent":"GDbody","rotation":-90,"x":-117.23,"y":-28.74,"color":"ff3f00ff"},{"name":"shenti3","parent":"shenti","length":46.86,"rotation":169.42,"x":7.04,"y":29.28,"color":"fff900ff"},{"name":"shenti4","parent":"shenti","length":37.12,"rotation":-165.96,"x":6.62,"y":-26.06,"color":"fff900ff"},{"name":"shenti5","parent":"shenti","length":49.18,"rotation":-178.39,"x":6.28,"y":-0.86,"color":"fff900ff"},{"name":"GDRweapon","parent":"xiaobiyou2","rotation":67.29,"x":11.71,"y":-2.44,"color":"2bff00ff"},{"name":"Rweapon","parent":"GDbody","length":266.27,"rotation":-85.73,"x":-75.31,"y":138.61,"color":"2bff00ff"},{"name":"rootRweapon","parent":"GDRweapon","color":"2bff00ff"}],"slots":[{"name":"xiaobizuo","bone":"xiaobizuo","attachment":"斯巴达人物拆分小/斯巴达(标准)/xiaobizuo"},{"name":"dabizuo","bone":"dabizuo","attachment":"斯巴达人物拆分小/斯巴达(标准)/dabizuo"},{"name":"xiaotuizuo","bone":"xiaotuizuo","attachment":"斯巴达人物拆分小/斯巴达(标准)/xiaotuizuo"},{"name":"jiaozuo","bone":"jiaozuo","attachment":"斯巴达人物拆分小/斯巴达(标准)/jiaozuo"},{"name":"datuizuo","bone":"datuizuo","attachment":"斯巴达人物拆分小/斯巴达(标准)/datuizuo"},{"name":"xiezuo2","bone":"jiaozuo","attachment":"斯巴达人物拆分/斯巴达(标准)/xiezuo2"},{"name":"xiezuo1","bone":"xiaotuizuo","attachment":"斯巴达人物拆分/斯巴达(标准)/xiezuo1"},{"name":"shenti","bone":"shenti","attachment":"斯巴达人物拆分小/斯巴达(标准)/shenti"},{"name":"xiaotuiyou","bone":"xiaotuiyou","attachment":"斯巴达人物拆分小/斯巴达(标准)/xiaotuiyou"},{"name":"jiaoyou","bone":"jiaoyou","attachment":"斯巴达人物拆分小/斯巴达(标准)/jiaoyou"},{"name":"datuiyou","bone":"datuiyou","attachment":"斯巴达人物拆分小/斯巴达(标准)/datuiyou"},{"name":"xieyou2","bone":"jiaoyou","attachment":"斯巴达人物拆分/斯巴达(标准)/xieyou2"},{"name":"xieyou1","bone":"xiaotuiyou","attachment":"斯巴达人物拆分/斯巴达(标准)/xieyou1"},{"name":"beidai","bone":"shenti","attachment":"斯巴达人物拆分/斯巴达(标准)/beidai"},{"name":"weiqun","bone":"shenti","attachment":"斯巴达人物拆分小/斯巴达(标准)/weiqun"},{"name":"yaodai","bone":"shenti","attachment":"斯巴达人物拆分/斯巴达(标准)/yaodai"},{"name":"tou","bone":"tou","attachment":"斯巴达人物拆分小/斯巴达(标准)/tou"},{"name":"toukui","bone":"tou","attachment":"斯巴达人物拆分/斯巴达(标准)/toukui"},{"name":"dabiyou","bone":"dabiyou","attachment":"斯巴达人物拆分小/斯巴达(标准)/dabiyou"},{"name":"jianjia","bone":"dabiyou","attachment":"斯巴达人物拆分/斯巴达(标准)/jianjia"},{"name":"斯巴达人物拆分小/斯巴达(标准)/jianbing","bone":"Rweapon","attachment":"斯巴达人物拆分小/斯巴达(标准)/jianbing"},{"name":"xiaobiyou","bone":"xiaobiyou","attachment":"斯巴达人物拆分小/斯巴达(标准)/xiaobiyou"},{"name":"wuqi","bone":"Rweapon","attachment":"斯巴达人物拆分/斯巴达(标准)/wuqi"},{"name":"hubi","bone":"xiaobiyou","attachment":"斯巴达人物拆分/斯巴达(标准)/hubi"}],"ik":[{"name":"L","order":1,"bones":["datuizuo","xiaotuizuo"],"target":"L","bendPositive":false},{"name":"R","bones":["datuiyou","xiaotuiyou"],"target":"R","bendPositive":false}],"transform":[{"name":"rootRweapon","order":2,"bones":["Rweapon"],"target":"rootRweapon"}],"skins":[{"name":"default","attachments":{"dabiyou":{"斯巴达人物拆分小/斯巴达(标准)/dabiyou":{"x":22.22,"y":1.02,"rotation":115.52,"width":54,"height":69}},"dabizuo":{"斯巴达人物拆分小/斯巴达(标准)/dabizuo":{"x":24.5,"y":-0.31,"rotation":80.9,"width":37,"height":60}},"datuiyou":{"斯巴达人物拆分小/斯巴达(标准)/datuiyou":{"x":20.52,"y":-0.08,"rotation":96.65,"width":27,"height":56}},"datuizuo":{"斯巴达人物拆分小/斯巴达(标准)/datuizuo":{"x":20.49,"y":-0.48,"rotation":79.94,"width":28,"height":57}},"jiaoyou":{"斯巴达人物拆分小/斯巴达(标准)/jiaoyou":{"x":20.3,"y":0.81,"rotation":5.98,"width":58,"height":19}},"jiaozuo":{"斯巴达人物拆分小/斯巴达(标准)/jiaozuo":{"x":18.08,"y":-1.53,"rotation":7.56,"width":58,"height":18}},"shenti":{"斯巴达人物拆分小/斯巴达(标准)/shenti":{"type":"mesh","uvs":[1,0.31262,1,0.61725,1,1,0.83267,1,0.60294,1,0.42955,1,0.28218,1,0,1,0,0.55859,0,0.23883,0,0,0.49674,0,0.67012,0,1,0,0.62894,0.82916,0.64628,0.61157,0.62678,0.38452,0.27785,0.09125,0.32119,0.3429,0.33636,0.59833,0.41222,0.81591,0.87384,0.85375,0.19332,0.8197,0.77415,0.13477,0.54875,0.18207],"triangles":[24,11,12,17,10,11,9,10,17,16,24,23,18,17,24,16,23,0,18,24,16,19,18,16,8,18,19,1,15,16,19,16,15,1,16,0,20,19,15,21,15,1,23,13,0,23,12,13,24,12,23,17,11,24,9,17,18,22,8,19,8,9,18,21,1,2,22,19,20,14,20,15,7,8,22,6,22,20,7,22,6,5,20,14,6,20,5,4,5,14,3,14,21,4,14,3,3,21,2,14,15,21],"vertices":[1,3,39.45,-52.95,1,1,3,1.3,-48.71,1,1,2,-6.49,-48.27,1,1,2,-6.49,-29.86,1,1,2,-6.49,-4.59,1,1,2,-6.49,14.48,1,1,2,-6.49,30.69,1,1,2,-6.49,61.73,1,1,3,20.79,59.8,1,1,3,60.84,55.35,1,1,3,90.75,52.03,1,1,5,22.44,-4.18,1,1,5,22.44,-23.26,1,1,3,78.6,-57.3,1,1,2,15.04,-7.45,1,1,3,6.31,-10.12,1,1,3,34.98,-11.15,1,2,3,75.94,22.92,0.784,5,10.95,19.89,0.216,1,3,43.9,21.68,1,1,3,11.73,23.58,1,1,2,16.71,16.39,1,1,2,11.94,-34.39,1,1,2,16.23,40.46,1,2,3,64.47,-30.73,0.784,5,5.46,-34.7,0.216,2,3,61.28,-5.43,0.784,5,-0.5,-9.91,0.216],"hull":14,"edges":[20,22,8,10,4,6,6,8,4,2,2,0,0,26,22,24,24,26,18,20,14,16,16,18,10,12,12,14],"width":111,"height":127}},"tou":{"斯巴达人物拆分小/斯巴达(标准)/tou":{"x":24.42,"y":-13.7,"rotation":-90,"width":64,"height":89}},"weiqun":{"斯巴达人物拆分小/斯巴达(标准)/weiqun":{"type":"mesh","uvs":[1,0.30783,1,0.59918,1,0.6972,1,1,0.35594,1,0,1,0,0,0.1178,0,0.40087,0,0.71091,0,1,0,0.09533,0.32962,0.04141,0.64002,0.37167,0.35957,0.69294,0.37046,0.37167,0.62913,0.71316,0.61007,0.73562,0.81428],"triangles":[4,17,3,16,14,1,17,16,2,16,1,2,17,2,3,14,0,1,15,14,16,4,15,17,15,16,17,15,12,11,5,12,4,12,5,6,4,12,15,9,10,0,11,6,7,13,7,8,11,7,13,14,8,9,14,9,0,13,8,14,15,13,14,12,6,11,15,11,13],"vertices":[2,2,-10.92,-52.77,0.704,25,-6.07,-12.45,0.296,1,25,35.55,6.36,1,1,25,42.55,4.61,1,1,25,64.17,-0.8,1,2,24,56.57,42.27,0.432,26,60.81,-33.26,0.568,1,24,65.3,-7.21,1,1,2,17.78,48.35,1,1,2,17.78,37.84,1,1,2,17.78,12.59,1,1,2,17.78,-15.06,1,1,2,17.78,-40.85,1,2,2,-15.33,50.79,0.664,24,-5.93,10.13,0.336,1,24,38.58,-8.44,1,3,2,-18.86,22.31,0.6192,24,-7.69,38.78,0.21834,26,-2.74,-23.1,0.16246,3,2,-17.7,-21.07,0.6512,26,-2.68,20.29,0.15971,25,-7.19,-44.84,0.18909,2,24,29.48,38.64,0.432,26,33.56,-31.09,0.568,2,26,31.39,30.6,0.576,25,28.3,-42.1,0.424,2,26,46.38,32.82,0.56,25,43.42,-43.15,0.44],"hull":11,"edges":[10,12,12,14,0,20,18,20,14,16,16,18,0,2,6,8,8,10,2,4,4,6],"width":90,"height":75}},"xiaobiyou":{"斯巴达人物拆分小/斯巴达(标准)/xiaobiyou":{"type":"mesh","uvs":[1,0.30757,1,0.63769,1,1,0.32012,1,0,1,0,0.4941,0,0,1,0,0.28941,0.77622,0.69407,0.62617,0.54697,0.6747,0.39913,0.71023,0.16973,0.69839,0.34815,0.60808,0.49854,0.58144,0.6999,0.56959,0.74578,0.46005,0.56481,0.4112,0.33541,0.4186],"triangles":[2,3,10,9,1,2,4,8,3,3,8,11,4,12,8,3,11,10,10,9,2,11,13,10,10,14,9,9,15,1,8,12,11,4,5,12,12,13,11,12,5,13,13,14,10,15,16,1,16,0,1,9,14,15,5,18,13,13,18,14,14,17,15,14,18,17,15,17,16,5,6,18,16,17,0,18,6,17,0,17,7,17,6,7],"vertices":[1,8,25.39,26.62,1,1,9,6.99,22.89,1,1,9,36.56,7.83,1,1,9,20.15,-24.4,1,1,9,12.43,-39.58,1,1,8,37.89,-27.84,1,1,8,-7.2,-23.99,1,1,8,-2.68,29.02,1,1,9,1.15,-16.56,1,1,9,-1.34,8.86,1,1,9,-0.92,-0.13,1,1,9,-1.59,-8.61,1,1,8,57.3,-20.43,1,1,8,49.87,-10.27,1,1,8,48.12,-2.09,1,1,8,47.95,8.67,1,1,8,38.16,11.96,1,1,8,32.88,2.75,1,1,8,32.52,-9.47,1],"hull":8,"edges":[12,14,4,6,6,8,4,2,8,10,10,12,2,0,0,14],"width":54,"height":93}},"xiaobizuo":{"斯巴达人物拆分小/斯巴达(标准)/xiaobizuo":{"type":"mesh","uvs":[1,0.63385,1,1,0.50981,1,0,1,0,0.57729,0,0,1,0,0.47876,0.81695,0.5525,0.74401,0.64176,0.68,0.79312,0.63087,0.41085,0.75145,0.50205,0.66362,0.60683,0.60408,0.77177,0.5624,0.76983,0.41056,0.57773,0.41949,0.3701,0.48946,0.21486,0.62194],"triangles":[7,11,8,9,13,10,0,10,14,8,12,9,2,7,8,2,3,7,10,0,1,9,10,1,8,9,1,2,8,1,3,11,7,6,16,5,15,16,6,17,5,16,16,15,14,4,5,17,13,16,14,17,16,13,18,4,17,14,15,0,6,0,15,13,14,10,12,17,13,18,17,12,12,13,9,11,18,12,11,12,8,3,4,18,3,18,11],"vertices":[1,13,5.81,24.19,1,1,13,33.97,8.83,1,1,13,18.2,-20.08,1,1,13,1.79,-50.16,1,1,12,32.45,-31.88,1,1,12,-12.15,-8.04,1,1,12,19.53,51.22,1,1,13,3.12,-14.24,1,1,13,-0.12,-6.83,1,1,13,-2.17,1.12,1,1,13,-1.07,12.11,1,1,12,58.92,-14.73,1,1,12,55.03,-5.7,1,2,12,53.98,2.97,0.99732,13,-97.44,3.79,0.00268,1,12,55.75,14.47,1,1,12,43.96,20.62,1,1,12,38.56,8.87,1,1,12,37.39,-6.32,1,1,12,42.71,-20.99,1],"hull":7,"edges":[10,12,2,0,0,12,2,4,4,6,6,8,8,10],"width":69,"height":89}},"xiaotuiyou":{"斯巴达人物拆分小/斯巴达(标准)/xiaotuiyou":{"x":26.61,"y":-0.19,"rotation":104.12,"width":32,"height":68}},"xiaotuizuo":{"斯巴达人物拆分小/斯巴达(标准)/xiaotuizuo":{"x":26.85,"y":-1.52,"rotation":89.64,"width":31,"height":69}},"斯巴达人物拆分小/斯巴达(标准)/jianbing":{"斯巴达人物拆分小/斯巴达(标准)/jianbing":{"x":-6.74,"y":-1.05,"rotation":-4.27,"width":50,"height":28}}}},{"name":"01","attachments":{"beidai":{"斯巴达人物拆分/斯巴达(标准)/beidai":{"name":"斯巴达人物拆分小/斯巴达(标准)/beidai","type":"mesh","uvs":[1,0.78849,1,1,0.88661,1,0,1,0,0.21954,0,0,0.20893,0,1,0,0.09996,0.28848,0.26837,0.04819,0.17591,0.34166,0.35588,0.09546,0.50943,0.13879,0.70095,0.32787,0.52594,0.6233,0.44504,0.6233,0.76609,0.42018,0.61419,0.6841,0.86515,0.54426,0.71821,0.76879,0.77104,0.82788,0.90643,0.60729,0.94605,0.69592,0.84369,0.92438,0.06547,0.10595],"triangles":[11,9,6,6,12,11,24,5,6,7,12,6,4,5,24,9,8,24,9,24,6,4,24,8,13,12,7,10,8,9,10,9,11,16,13,7,18,16,7,21,18,7,12,10,11,14,15,12,13,14,12,15,10,12,16,14,13,17,14,16,17,16,18,22,21,7,19,17,18,19,18,21,3,4,8,3,8,10,3,10,15,15,17,19,19,20,15,15,14,17,0,22,7,20,19,21,22,20,21,23,20,22,23,22,0,2,23,0,3,15,20,23,3,20,2,3,23,2,0,1],"vertices":[1,2,26.01,-42.61,1,1,2,9.34,-42.61,1,1,2,9.34,-31.95,1,2,2,16.63,51.39,0.90795,3,-91.34,61.86,0.09205,1,3,48.04,56.9,1,1,3,58.43,45.22,1,1,3,66.46,36.78,1,2,2,167.25,-42.61,7.6E-4,3,47.99,-48.2,0.99924,1,3,34.79,38.39,1,1,3,51.86,20.56,1,1,3,29.84,31.76,1,1,3,47.25,12.8,1,1,3,42.27,-1.17,1,1,3,25.47,-17.42,1,1,3,4.15,1.51,1,1,3,4.99,9.06,1,2,2,116.47,-20.62,0.224,3,-0.06,-20.74,0.776,2,2,95.67,-6.34,0.224,3,-19.15,-4.25,0.776,2,2,97.19,-29.93,0.344,3,-20.25,-27.87,0.656,2,2,79.5,-16.12,0.344,3,-36.31,-12.18,0.656,2,2,53.94,-21.08,0.608,3,-62.26,-14.3,0.392,2,2,71.32,-33.81,0.608,3,-46.39,-28.86,0.392,2,2,45.34,-37.54,0.848,3,-72.63,-29.7,0.152,2,2,27.33,-27.91,0.848,3,-89.46,-18.15,0.152,1,3,65.54,52.66,1],"hull":8,"edges":[6,8,8,10,10,12,12,14,20,22,22,24,24,26,26,28,28,30,30,20,2,0,0,14,2,4,4,6,0,4],"width":92,"height":80}},"hubi":{"斯巴达人物拆分/斯巴达(标准)/hubi":{"name":"斯巴达人物拆分小/斯巴达(标准)/hubi","x":31.56,"y":-5.17,"rotation":85.12,"width":55,"height":78}},"jianjia":{"斯巴达人物拆分/斯巴达(标准)/jianjia":{"name":"斯巴达人物拆分小/斯巴达(标准)/jianjia","x":0.28,"y":-12.37,"rotation":115.52,"width":68,"height":60}},"toukui":{"斯巴达人物拆分/斯巴达(标准)/toukui":{"name":"斯巴达人物拆分小/斯巴达(标准)/toukui","x":33.95,"y":-11.97,"rotation":-90,"width":79,"height":91}},"wuqi":{"斯巴达人物拆分/斯巴达(标准)/wuqi":{"name":"斯巴达人物拆分小/斯巴达(标准)/wuqi","x":78.17,"y":-3.73,"rotation":-4.27,"width":136,"height":58}},"xieyou1":{"斯巴达人物拆分/斯巴达(标准)/xieyou1":{"name":"斯巴达人物拆分小/斯巴达(标准)/xieyou1","x":33.03,"y":1.08,"rotation":104.12,"width":37,"height":48}},"xieyou2":{"斯巴达人物拆分/斯巴达(标准)/xieyou2":{"name":"斯巴达人物拆分小/斯巴达(标准)/xieyou2","x":19.69,"y":5.96,"rotation":5.98,"width":60,"height":27}},"xiezuo1":{"斯巴达人物拆分/斯巴达(标准)/xiezuo1":{"name":"斯巴达人物拆分小/斯巴达(标准)/xiezuo1","x":33.39,"y":-2.18,"rotation":89.64,"width":38,"height":48}},"xiezuo2":{"斯巴达人物拆分/斯巴达(标准)/xiezuo2":{"name":"斯巴达人物拆分小/斯巴达(标准)/xiezuo2","x":16.38,"y":3.59,"rotation":7.56,"width":60,"height":27}},"yaodai":{"斯巴达人物拆分/斯巴达(标准)/yaodai":{"name":"斯巴达人物拆分小/斯巴达(标准)/yaodai","x":-2.99,"y":1.02,"rotation":-90,"width":81,"height":56}}}}],"animations":{"ATTACKSWORD1":{"bones":{"shenti":{"rotate":[{"angle":-3.41,"curve":0.25,"c3":0.75},{"time":0.1667,"angle":-13.5,"curve":0.25,"c3":0.75},{"time":0.3333,"angle":0.58,"curve":0.25,"c3":0.75},{"time":0.5,"angle":4.6,"curve":0.25,"c3":0.75},{"time":0.5333,"angle":-35.43,"curve":0.25,"c3":0.75},{"time":0.6,"angle":-43.53,"curve":0.363,"c2":0.44,"c3":0.755},{"time":0.8,"angle":-35.43,"curve":0.25,"c3":0.75},{"time":0.9667,"angle":-3.41}],"translate":[{"x":-7.09,"y":-17.22,"curve":0.25,"c3":0.75},{"time":0.1667,"x":-26.53,"y":-7.7,"curve":0.25,"c3":0.75},{"time":0.3333,"x":4.37,"y":28.91,"curve":0.25,"c3":0.75},{"time":0.5,"x":8.27,"y":35.69,"curve":0.25,"c3":0.75},{"time":0.5333,"x":-27.31,"y":-49.95,"curve":0.25,"c3":0.75},{"time":0.6,"x":-27.31,"y":-71.91,"curve":0.25,"c3":0.75},{"time":0.8,"x":-25.74,"y":-42.98,"curve":0.25,"c3":0.75},{"time":0.9667,"x":-7.09,"y":-17.22}]},"shenti2":{"rotate":[{"angle":-10.41,"curve":0.25,"c3":0.75},{"time":0.1667,"angle":-17.85,"curve":0.25,"c3":0.75},{"time":0.3333,"angle":12.43,"curve":"stepped"},{"time":0.5,"angle":12.43,"curve":0.25,"c3":0.75},{"time":0.5333,"angle":-14.47,"curve":"stepped"},{"time":0.8,"angle":-14.47,"curve":0.25,"c3":0.75},{"time":0.9667,"angle":-10.41}],"scale":[{"y":1.007}]},"tou":{"rotate":[{"angle":14.63,"curve":0.25,"c3":0.75},{"time":0.1667,"angle":25.05,"curve":0.25,"c3":0.75},{"time":0.3333,"angle":-11.12,"curve":0.25,"c3":0.75},{"time":0.5,"angle":-1.24,"curve":0.25,"c3":0.75},{"time":0.5333,"angle":39.77,"curve":0.25,"c3":0.75},{"time":0.7333,"angle":14.63}],"translate":[{"time":0.5,"curve":0.25,"c3":0.75},{"time":0.5333,"x":-0.02,"y":-3.79,"curve":0.25,"c3":0.75},{"time":0.7333}]},"dabiyou":{"rotate":[{"angle":-19.89,"curve":0.25,"c3":0.75},{"time":0.1667,"angle":52.47,"curve":0.25,"c3":0.75},{"time":0.3333,"angle":169.46,"curve":0.25,"c3":0.75},{"time":0.5,"angle":-170.19,"curve":0.25,"c3":0.75},{"time":0.5333,"angle":101.88,"curve":0.25,"c3":0.75},{"time":0.6,"angle":97.63,"curve":0.25,"c3":0.75},{"time":0.8,"angle":71.35,"curve":0.25,"c3":0.75},{"time":0.9667,"angle":-19.89}],"translate":[{"x":17.71,"y":-5.1,"curve":0.25,"c3":0.625,"c4":0.5},{"time":0.1667,"x":4.44,"y":11.72,"curve":0.375,"c2":0.5,"c3":0.75},{"time":0.3333,"x":-0.65,"y":4.32,"curve":0.25,"c3":0.75},{"time":0.5,"x":1.57,"y":0.53,"curve":0.25,"c3":0.75},{"time":0.5333,"x":-3.46,"y":17.52,"curve":0.25,"c3":0.75},{"time":0.6,"x":-8.23,"y":23.8,"curve":0.25,"c3":0.75},{"time":0.8,"x":8.23,"y":7.52,"curve":0.25,"c3":0.75},{"time":0.9667,"x":17.71,"y":-5.1}]},"xiaobiyou":{"rotate":[{"angle":46.44,"curve":0.25,"c3":0.75},{"time":0.1667,"angle":9.4,"curve":0.25,"c3":0.75},{"time":0.3333,"angle":54.58,"curve":0.25,"c3":0.75},{"time":0.5,"angle":40.83,"curve":0.25,"c3":0.75},{"time":0.5333,"angle":-20.08,"curve":0.25,"c3":0.75},{"time":0.6,"angle":-18.24,"curve":0.25,"c3":0.75},{"time":0.8,"angle":10.41,"curve":0.25,"c3":0.75},{"time":0.9667,"angle":46.44}]},"xiaobiyou2":{"rotate":[{"angle":-1.93,"curve":"stepped"},{"time":0.5,"angle":-1.93,"curve":0.25,"c3":0.75},{"time":0.5333,"angle":-63.62,"curve":"stepped"},{"time":0.8,"angle":-63.62,"curve":0.25,"c3":0.75},{"time":0.9667,"angle":-1.93}],"scale":[{"time":0.5,"curve":0.25,"c3":0.75},{"time":0.5333,"x":1.2,"y":1.2,"curve":0.25,"c3":0.75},{"time":0.6}]},"dabizuo":{"rotate":[{"angle":22.16,"curve":0.25,"c3":0.75},{"time":0.1667,"angle":-39.93,"curve":0.25,"c3":0.75},{"time":0.3333,"angle":23.69,"curve":0.25,"c3":0.75},{"time":0.5,"angle":29.47,"curve":0.25,"c3":0.75},{"time":0.5333,"angle":-55.23,"curve":0.25,"c3":0.75},{"time":0.7,"angle":-64.43,"curve":0.25,"c3":0.75},{"time":0.9667,"angle":22.16}],"translate":[{"x":-13.86,"y":-4.16,"curve":0.25,"c3":0.75},{"time":0.1667,"x":-13.28,"y":-0.15,"curve":0.25,"c3":0.75},{"time":0.3333,"x":0.41,"y":-1.94,"curve":0.25,"c3":0.75},{"time":0.5,"x":2.07,"y":4.41,"curve":0.25,"c3":0.75},{"time":0.5333,"x":-12.3,"y":-73.11,"curve":0.25,"c3":0.75},{"time":0.7,"x":-15.56,"y":-77.99,"curve":0.25,"c3":0.75},{"time":0.9667,"x":-13.86,"y":-4.16}]},"xiaobizuo":{"rotate":[{"angle":15.3,"curve":0.25,"c3":0.75},{"time":0.1667,"angle":92.5,"curve":0.25,"c3":0.75},{"time":0.3333,"angle":13.74,"curve":0.25,"c3":0.75},{"time":0.5,"angle":7.11,"curve":0.25,"c3":0.75},{"time":0.5333,"angle":51.83,"curve":0.25,"c3":0.75},{"time":0.7,"angle":44.67,"curve":0.25,"c3":0.75},{"time":0.9667,"angle":15.3}]},"xiaobizuo2":{"rotate":[{"curve":0.25,"c3":0.75},{"time":0.1667,"angle":36.54,"curve":0.25,"c3":0.75},{"time":0.3333,"angle":17.57,"curve":"stepped"},{"time":0.5,"angle":17.57,"curve":0.25,"c3":0.75},{"time":0.5333}]},"datuiyou":{"rotate":[{"angle":0.62,"curve":0.25,"c3":0.75},{"time":0.3333,"angle":34.03,"curve":"stepped"},{"time":0.5,"angle":34.03,"curve":0.25,"c3":0.75},{"time":0.5333,"angle":0.62}]},"xiaotuiyou":{"rotate":[{"angle":-1.42,"curve":0.25,"c3":0.75},{"time":0.3333,"angle":-24.23,"curve":"stepped"},{"time":0.5,"angle":-24.23,"curve":0.25,"c3":0.75},{"time":0.5333,"angle":-1.42}],"translate":[{"x":8.75,"y":-2.59,"curve":0.25,"c3":0.75},{"time":0.3333,"x":15.23,"y":-0.42,"curve":"stepped"},{"time":0.8,"x":15.23,"y":-0.42,"curve":0.25,"c3":0.75},{"time":0.9667,"x":8.75,"y":-2.59}]},"jiaoyou":{"rotate":[{"time":0.5333,"curve":0.25,"c3":0.75},{"time":0.6,"angle":-37.4,"curve":0.363,"c2":0.44,"c3":0.755},{"time":0.8}]},"datuizuo":{"rotate":[{"angle":0.01,"curve":0.25,"c3":0.75},{"time":0.3333,"angle":86.1,"curve":"stepped"},{"time":0.5,"angle":86.1,"curve":0.25,"c3":0.75},{"time":0.5333,"angle":0.01}]},"xiaotuizuo":{"rotate":[{"angle":-0.5,"curve":0.25,"c3":0.75},{"time":0.3333,"angle":-74.72,"curve":"stepped"},{"time":0.5,"angle":-74.72,"curve":0.25,"c3":0.75},{"time":0.5333,"angle":-0.5}],"translate":[{"x":3.55,"y":-0.35,"curve":0.25,"c3":0.625,"c4":0.5},{"time":0.1667,"x":5.49,"y":-1.66,"curve":0.375,"c2":0.5,"c3":0.75},{"time":0.3333,"x":6.27,"y":-2.71,"curve":"stepped"},{"time":0.5,"x":6.27,"y":-2.71,"curve":0.25,"c3":0.75},{"time":0.5333,"x":13.36,"y":-3.27,"curve":"stepped"},{"time":0.8,"x":13.36,"y":-3.27,"curve":0.25,"c3":0.75},{"time":0.9667,"x":3.55,"y":-0.35}]},"jiaozuo":{"rotate":[{"time":0.1667,"curve":0.25,"c3":0.75},{"time":0.3333,"angle":24,"curve":"stepped"},{"time":0.5,"angle":24,"curve":0.25,"c3":0.75},{"time":0.5333}]},"R":{"translate":[{"time":0.5333,"curve":0.25,"c3":0.75},{"time":0.6,"x":28.16,"y":-12.95,"curve":0.363,"c2":0.44,"c3":0.755},{"time":0.8}]},"L":{"translate":[{"y":-33.62,"curve":0.25,"c3":0.75},{"time":0.1667,"y":-55.35,"curve":0.25,"c3":0.75},{"time":0.3333,"x":29.85,"y":-30.86,"curve":0.25,"c3":0.75},{"time":0.5,"x":46.97,"y":-36.22,"curve":0.25,"c3":0.75},{"time":0.5333,"y":-87,"curve":"stepped"},{"time":0.8,"y":-87,"curve":0.25,"c3":0.75},{"time":0.9667,"y":-33.62}]},"shenti3":{"rotate":[{"angle":-0.87,"curve":0.25,"c3":0.75},{"time":0.1667,"angle":15.81,"curve":0.375,"c2":0.5,"c3":0.75},{"time":0.3333,"angle":10.3,"curve":0.25,"c3":0.75},{"time":0.5,"angle":4.19,"curve":0.25,"c3":0.75},{"time":0.5333,"angle":-22.66,"curve":0.25,"c3":0.75},{"time":0.8,"angle":22.16,"curve":0.25,"c3":0.75},{"time":0.9667,"angle":-0.87}]},"shenti4":{"rotate":[{"angle":11.62,"curve":0.25,"c3":0.75},{"time":0.1667,"angle":43.22,"curve":0.375,"c2":0.5,"c3":0.75},{"time":0.3333,"angle":45.74,"curve":0.25,"c3":0.75},{"time":0.5,"angle":54.21,"curve":0.25,"c3":0.75},{"time":0.5333,"angle":86.51,"curve":0.25,"c3":0.75},{"time":0.8,"angle":84.21,"curve":0.25,"c3":0.75},{"time":0.9667,"angle":11.62}],"translate":[{"time":0.5,"curve":0.25,"c3":0.75},{"time":0.5333,"x":13.54,"y":2.83,"curve":0.25,"c3":0.75},{"time":0.8}]},"shenti5":{"rotate":[{"angle":1.47,"curve":0.25,"c3":0.75},{"time":0.1667,"angle":29.86,"curve":0.375,"c2":0.5,"c3":0.75},{"time":0.3333,"angle":20.24,"curve":0.25,"c3":0.75},{"time":0.5,"angle":7.22,"curve":0.25,"c3":0.75},{"time":0.5333,"angle":-5.54,"curve":0.25,"c3":0.75},{"time":0.8,"angle":44.24,"curve":0.25,"c3":0.75},{"time":0.9667,"angle":1.47}]},"Rweapon":{"rotate":[{"curve":0.25,"c3":0.75},{"time":0.3333,"angle":-125.07,"curve":"stepped"},{"time":0.5,"angle":-125.07,"curve":0.25,"c3":0.75},{"time":0.5333}],"translate":[{"curve":0.25,"c3":0.75},{"time":0.3333,"x":485.5,"y":206.79,"curve":"stepped"},{"time":0.5,"x":485.5,"y":206.79,"curve":0.25,"c3":0.75},{"time":0.5333}]}}},"BACK":{"bones":{"shenti":{"rotate":[{"angle":-2.33}],"translate":[{"x":-12.48,"y":-24.42,"curve":0.25,"c3":0.75},{"time":0.1667,"x":-2.32,"y":-24.42,"curve":0.25,"c3":0.75},{"time":0.3333,"x":-0.46,"y":-24.42,"curve":0.25,"c3":0.75},{"time":0.5,"x":-12.48,"y":-24.42,"curve":0.25,"c3":0.75},{"time":0.6667,"x":-2.32,"y":-24.42,"curve":0.25,"c3":0.75},{"time":0.8333,"x":-0.46,"y":-24.42,"curve":0.25,"c3":0.75},{"time":1,"x":-12.48,"y":-24.42}]},"shenti2":{"rotate":[{"angle":-4.6,"curve":0.25,"c3":0.75},{"time":0.2667,"angle":-6.98,"curve":0.25,"c3":0.75},{"time":0.5,"angle":-4.6,"curve":0.25,"c3":0.75},{"time":0.7667,"angle":-6.98,"curve":0.25,"c3":0.75},{"time":1,"angle":-4.6}],"scale":[{"y":1.007}]},"tou":{"rotate":[{"angle":-1.01,"curve":0.25,"c3":0.75},{"time":0.1667,"angle":-3.59,"curve":0.25,"c3":0.75},{"time":0.4333,"angle":0.01,"curve":0.25,"c3":0.75},{"time":0.6667,"angle":-3.59,"curve":0.25,"c3":0.75},{"time":0.9333,"angle":0.01,"curve":0.25,"c3":0.75},{"time":1,"angle":-1.01}]},"dabiyou":{"rotate":[{"angle":-11.97,"curve":0.25,"c3":0.75},{"time":0.5,"angle":-24.67,"curve":0.25,"c3":0.75},{"time":1,"angle":-11.97}],"translate":[{"x":-1.63,"y":3.2,"curve":0.25,"c3":0.75},{"time":0.5,"x":1.95,"y":-3.58,"curve":0.25,"c3":0.75},{"time":1,"x":-1.63,"y":3.2}]},"xiaobiyou":{"rotate":[{"angle":31.49,"curve":0.25,"c3":0.75},{"time":0.5,"angle":34.55,"curve":0.25,"c3":0.75},{"time":1,"angle":31.49}]},"xiaobiyou2":{"rotate":[{"angle":-23.53}]},"dabizuo":{"rotate":[{"angle":-7.49,"curve":0.25,"c3":0.75},{"time":0.5,"angle":7.83,"curve":0.25,"c3":0.75},{"time":1,"angle":-7.49}],"translate":[{"x":0.61,"y":-7.58,"curve":0.25,"c3":0.75},{"time":0.5,"x":0.57,"y":0.45,"curve":0.25,"c3":0.75},{"time":1,"x":0.61,"y":-7.58}]},"xiaobizuo":{"rotate":[{"angle":36.36,"curve":0.25,"c3":0.75},{"time":0.5,"angle":19.12,"curve":0.25,"c3":0.75},{"time":1,"angle":36.36}]},"xiaobizuo2":{"rotate":[{"angle":40.17}]},"datuiyou":{"rotate":[{"angle":20.49}],"translate":[{"curve":0.25,"c3":0.75},{"time":0.5,"x":-15.74,"y":26.84,"curve":0.25,"c3":0.75},{"time":0.8333,"x":-26.64,"y":12.68,"curve":0.25,"c3":0.75},{"time":1}]},"xiaotuiyou":{"rotate":[{"angle":-1.42}],"translate":[{"x":8.36,"y":-2.78}]},"jiaoyou":{"rotate":[{"angle":-5.96,"curve":0.25,"c3":0.75},{"time":0.1667,"curve":"stepped"},{"time":0.5,"curve":0.25,"c3":0.75},{"time":0.6667,"angle":-20.71,"curve":0.25,"c3":0.75},{"time":0.8333,"angle":-34.04,"curve":0.25,"c3":0.75},{"time":1,"angle":-5.96}]},"datuizuo":{"rotate":[{"angle":39.94}],"translate":[{"curve":0.25,"c3":0.75},{"time":0.3333,"x":-20.41,"y":-9.5,"curve":0.25,"c3":0.75},{"time":0.5,"x":-16.89,"y":-39.15,"curve":0.25,"c3":0.75},{"time":1}]},"xiaotuizuo":{"rotate":[{"angle":-0.5}],"translate":[{"x":5.87,"y":-1.67}]},"jiaozuo":{"rotate":[{"curve":0.25,"c3":0.75},{"time":0.1667,"angle":-12.85,"curve":0.25,"c3":0.75},{"time":0.3333,"angle":-43.5,"curve":0.25,"c3":0.75},{"time":0.5,"angle":-4.97,"curve":0.25,"c3":0.75},{"time":0.6667}]},"R":{"translate":[{"x":4.64,"y":-16.64,"curve":0.302,"c3":0.638,"c4":0.36},{"time":0.1667,"x":0.13,"y":-34.32,"curve":0.298,"c2":0.2,"c3":0.64,"c4":0.56},{"time":0.5,"y":-97.23,"curve":0.25,"c3":0.75},{"time":0.6667,"x":23.62,"y":-110.41,"curve":0.25,"c3":0.75},{"time":0.8333,"x":29.2,"y":-57.04,"curve":0.25,"c3":0.75},{"time":1,"x":4.64,"y":-16.64}]},"L":{"translate":[{"y":-31.11,"curve":0.25,"c3":0.75},{"time":0.1667,"x":14.43,"y":-34.64,"curve":0.25,"c3":0.75},{"time":0.3333,"x":33.73,"y":9.82,"curve":0.25,"c3":0.75},{"time":0.5,"x":5.51,"y":61.29,"curve":0.322,"c3":0.655,"c4":0.34},{"time":0.6667,"x":0.29,"y":43.68,"curve":0.314,"c2":0.17,"c3":0.649,"c4":0.52},{"time":1,"y":-31.11}]},"shenti3":{"rotate":[{"angle":-0.87,"curve":0.25,"c3":0.75},{"time":0.2667,"angle":17.29,"curve":0.25,"c3":0.75},{"time":0.5,"angle":-0.87,"curve":0.25,"c3":0.75},{"time":0.7667,"angle":17.29,"curve":0.25,"c3":0.75},{"time":1,"angle":-0.87}]},"shenti4":{"rotate":[{"angle":33.91,"curve":0.25,"c3":0.75},{"time":0.2667,"angle":30.22,"curve":0.25,"c3":0.75},{"time":0.5,"angle":9.1,"curve":0.25,"c3":0.75},{"time":0.7667,"angle":21.43,"curve":0.25,"c3":0.75},{"time":1,"angle":33.91}]},"shenti5":{"rotate":[{"angle":6.26,"curve":0.25,"c3":0.75},{"time":0.2667,"angle":23.72,"curve":0.25,"c3":0.75},{"time":0.5,"angle":39.39,"curve":0.248,"c3":0.628,"c4":0.52},{"time":0.7667,"angle":36.98,"curve":0.378,"c2":0.52,"c3":0.748},{"time":1,"angle":6.26}]},"Rweapon":{"rotate":[{"angle":-3.48}],"translate":[{"x":58.82,"y":-8.57}]}}},"DEATH":{"bones":{"shenti":{"rotate":[{"angle":-3.41,"curve":0.25,"c3":0.75},{"time":0.0667,"angle":-15.45,"curve":0.25,"c3":0.75},{"time":0.2667,"angle":11.21,"curve":0.25,"c3":0.75},{"time":0.6,"angle":-2.72,"curve":0.25,"c3":0.75},{"time":0.7667,"angle":0.88,"curve":0.25,"c3":0.75},{"time":0.9333,"angle":-92.74,"curve":0.25,"c3":0.75},{"time":1.1,"angle":-86.06}],"translate":[{"x":-7.09,"y":-17.22,"curve":0.25,"c3":0.75},{"time":0.0667,"x":0.91,"y":6.74,"curve":0.25,"c3":0.75},{"time":0.2667,"x":18.05,"y":-61,"curve":0.25,"c3":0.75},{"time":0.4333,"x":-45.81,"y":-114.77,"curve":0.25,"c3":0.75},{"time":0.5,"x":-34.38,"y":-110.88,"curve":0.25,"c3":0.75},{"time":0.6,"x":-57.08,"y":-102.83,"curve":0.25,"c3":0.75},{"time":0.7667,"x":-49.76,"y":-112.35,"curve":0.25,"c3":0.75},{"time":0.9333,"x":-91.94,"y":-216.41,"curve":0.25,"c3":0.75},{"time":1,"x":-76.03,"y":-216.41,"curve":0.25,"c3":0.75},{"time":1.1,"x":-91.94,"y":-216.41,"curve":"stepped"},{"time":1.7667,"x":-91.94,"y":-216.41}]},"shenti2":{"rotate":[{"angle":-10.41,"curve":0.25,"c3":0.75},{"time":0.0667,"angle":-35.98,"curve":0.25,"c3":0.75},{"time":0.2667,"angle":4.1,"curve":0.25,"c3":0.75},{"time":0.6,"angle":-13,"curve":0.25,"c3":0.75},{"time":0.9333,"angle":8.22,"curve":0.25,"c3":0.75},{"time":1,"angle":-9.64,"curve":0.25,"c3":0.75},{"time":1.1667,"angle":9.56,"curve":0.25,"c3":0.75},{"time":1.3,"angle":-5.17}],"scale":[{"y":1.007}]},"tou":{"rotate":[{"angle":14.63,"curve":0.25,"c3":0.75},{"time":0.0667,"angle":33.31,"curve":0.25,"c3":0.75},{"time":0.2667,"angle":-3.02,"curve":0.25,"c3":0.75},{"time":0.4333,"angle":26.83,"curve":0.25,"c3":0.75},{"time":0.7667,"angle":-12.8,"curve":0.25,"c3":0.75},{"time":0.9333,"angle":35.96,"curve":0.25,"c3":0.75},{"time":1.0333,"angle":7.35,"curve":0.25,"c3":0.75},{"time":1.2333,"angle":27.39,"curve":0.25,"c3":0.75},{"time":1.4,"angle":-5}],"translate":[{"curve":0.25,"c3":0.75},{"time":0.0667,"x":-0.45,"y":-3.48,"curve":0.25,"c3":0.75},{"time":0.2667,"x":-2.38,"y":3.43,"curve":0.25,"c3":0.75},{"time":0.4333,"x":3.15,"y":6.8,"curve":0.25,"c3":0.75},{"time":0.7667,"x":-8.12,"y":-1.51,"curve":0.25,"c3":0.75},{"time":0.9333,"x":3.12,"y":4.72,"curve":0.25,"c3":0.75},{"time":1.4,"x":-2.98,"y":-9.05}]},"dabiyou":{"rotate":[{"angle":-19.89,"curve":0.25,"c3":0.75},{"time":0.0667,"angle":68.72,"curve":0.247,"c3":0.63,"c4":0.52},{"time":0.2667,"angle":22.79,"curve":0.379,"c2":0.52,"c3":0.747},{"time":0.4333,"angle":-13.28,"curve":0.25,"c3":0.75},{"time":0.7667,"angle":16.11,"curve":0.25,"c3":0.75},{"time":0.9333,"angle":-8.86,"curve":0.25,"c3":0.75},{"time":1.4333,"angle":52.06}],"translate":[{"x":17.71,"y":-5.1,"curve":0.25,"c3":0.75},{"time":0.0667,"x":11.54,"y":11.98,"curve":0.271,"c3":0.619,"c4":0.41},{"time":0.2667,"x":21.02,"y":-3.49,"curve":0.342,"c2":0.36,"c3":0.757},{"time":0.7667,"x":16.27,"y":3.54},{"time":1.4333,"x":12.55,"y":12.35}]},"xiaobiyou":{"rotate":[{"angle":46.44,"curve":0.25,"c3":0.75},{"time":0.0667,"angle":26.58,"curve":0.247,"c3":0.63,"c4":0.52},{"time":0.2667,"angle":24.94,"curve":0.379,"c2":0.52,"c3":0.747},{"time":0.4333,"angle":23.66,"curve":0.25,"c3":0.75},{"time":0.7667,"angle":1.74,"curve":0.25,"c3":0.75},{"time":0.9333,"angle":-14.32,"curve":0.25,"c3":0.75},{"time":1.4333,"angle":7.28}]},"xiaobiyou2":{"rotate":[{"angle":-1.93}]},"dabizuo":{"rotate":[{"angle":22.16,"curve":0.25,"c3":0.75},{"time":0.0667,"angle":72.04,"curve":0.247,"c3":0.63,"c4":0.52},{"time":0.2667,"angle":22.11,"curve":0.379,"c2":0.52,"c3":0.747},{"time":0.4333,"angle":-17.1,"curve":0.25,"c3":0.75},{"time":0.7667,"angle":14.32,"curve":0.25,"c3":0.75},{"time":0.9333,"angle":-28.58,"curve":0.25,"c3":0.75},{"time":1.4333,"angle":-15.94}],"translate":[{"x":-13.86,"y":-4.16,"curve":0.25,"c3":0.75},{"time":0.0667,"x":-27.48,"y":-10.8,"curve":0.247,"c3":0.63,"c4":0.52},{"time":0.2667,"x":18.75,"y":4.81,"curve":0.379,"c2":0.52,"c3":0.747},{"time":0.4333,"x":-2.17,"y":-0.76,"curve":0.25,"c3":0.75},{"time":0.7667,"x":3.06,"y":-1.88,"curve":0.25,"c3":0.75},{"time":1.4333,"x":-7,"y":-14.15}]},"xiaobizuo":{"rotate":[{"angle":15.3,"curve":0.25,"c3":0.75},{"time":0.0667,"angle":15.54,"curve":0.292,"c2":0.2,"c3":0.658,"c4":0.64},{"time":0.2667,"angle":17.13,"curve":0.382,"c2":0.55,"c3":0.741},{"time":0.4333,"angle":18.13,"curve":0.25,"c3":0.75},{"time":0.7667,"angle":-11.67,"curve":0.25,"c3":0.75},{"time":1.4333,"angle":-6.54}]},"datuiyou":{"rotate":[{"angle":0.62,"curve":0.25,"c3":0.75},{"time":0.0667,"angle":57.68},{"time":0.2667,"angle":19.16}],"translate":[{"curve":0.25,"c3":0.75},{"time":0.0667,"x":-0.02,"y":0.45,"curve":0.301,"c2":0.15,"c3":0.638,"c4":0.5},{"time":0.2667,"x":-0.16,"y":3.37,"curve":0.301,"c2":0.23,"c3":0.671,"c4":0.68},{"time":0.9333,"x":3.78,"y":3.2,"curve":0.382,"c2":0.58,"c3":0.733},{"time":1.3667,"x":3.36,"y":16.15}]},"xiaotuiyou":{"rotate":[{"angle":-1.42,"curve":0.25,"c3":0.75},{"time":0.0667,"angle":-43.84},{"time":0.2667,"angle":-90.2}],"translate":[{"x":8.75,"y":-2.59,"curve":0.25,"c3":0.75},{"time":0.0667,"x":11.13,"y":-1.11},{"time":0.2667,"x":8.4,"y":-2.23}]},"jiaoyou":{"rotate":[{"curve":0.25,"c3":0.75},{"time":0.0667,"angle":-13},{"time":0.2667,"angle":-81.54},{"time":0.4333,"angle":-138.65}]},"datuizuo":{"rotate":[{"angle":0.01,"curve":0.25,"c3":0.75},{"time":0.0667,"angle":58.14},{"time":0.2667,"angle":25.55}],"translate":[{"curve":0.25,"c3":0.75},{"time":0.0667,"x":-0.12,"y":-0.49,"curve":0.301,"c2":0.15,"c3":0.638,"c4":0.5},{"time":0.2667,"x":-0.91,"y":-3.66,"curve":0.301,"c2":0.23,"c3":0.671,"c4":0.68},{"time":0.9333,"x":-1.99,"y":-16.31,"curve":0.382,"c2":0.58,"c3":0.733},{"time":1.3667,"x":-4.94,"y":-41.06}]},"xiaotuizuo":{"rotate":[{"angle":-0.5,"curve":0.25,"c3":0.75},{"time":0.0667,"angle":-40.87},{"time":0.2667,"angle":-85.19}],"translate":[{"x":3.55,"y":-0.35,"curve":0.25,"c3":0.75},{"time":0.0667,"x":6.32,"y":-2.6},{"time":0.2667,"x":4.86,"y":-1.54}]},"jiaozuo":{"rotate":[{"curve":0.25,"c3":0.75},{"time":0.0667,"angle":-11.54},{"time":0.2667,"angle":-86.43},{"time":0.4333,"angle":-148.84}]},"R":{"translate":[{"curve":0.25,"c3":0.75},{"time":0.0667,"x":11.82,"y":-22.58},{"time":0.2667,"x":39.43,"y":-46.21},{"time":0.4333,"x":13.45,"y":-63.33,"curve":"stepped"},{"time":0.7667,"x":13.45,"y":-63.33},{"time":0.9333,"x":56.61,"y":-128.25},{"time":1.0333,"x":19.77,"y":-125.8},{"time":1.1667,"x":34.15,"y":-133.01},{"time":1.3667,"x":20.42,"y":-135.26}]},"L":{"translate":[{"y":-33.62,"curve":0.25,"c3":0.75},{"time":0.0667,"x":7.07,"y":-20.87},{"time":0.2667,"x":32.73,"y":-44.51},{"time":0.4333,"x":3.52,"y":-61.62,"curve":"stepped"},{"time":0.7667,"x":3.52,"y":-61.62},{"time":0.9333,"x":35.54,"y":-64.63},{"time":1.0333,"x":16.19,"y":-68.3},{"time":1.1667,"x":42.89,"y":-76.78},{"time":1.3667,"x":9.46,"y":-69.05}]},"shenti3":{"rotate":[{"angle":-0.87,"curve":0.25,"c3":0.75},{"time":0.0667,"angle":28.5},{"time":0.2667,"angle":-23.6},{"time":0.5,"angle":-31.14},{"time":0.7333,"angle":-11.51},{"time":1,"angle":-23.2},{"time":1.5,"angle":19.39}]},"shenti4":{"rotate":[{"angle":11.62,"curve":0.25,"c3":0.75},{"time":0.0667,"angle":34.01},{"time":0.2667,"angle":34.17},{"time":0.5,"angle":40.49},{"time":0.7333,"angle":1.85},{"time":1,"angle":-9.84},{"time":1.5,"angle":6.38}]},"shenti5":{"rotate":[{"angle":1.47,"curve":0.25,"c3":0.75},{"time":0.0667,"angle":22.92},{"time":0.2667,"angle":1.47},{"time":0.5,"angle":7.72},{"time":0.7333,"angle":-6.24},{"time":1,"angle":-17.92},{"time":1.5,"angle":22.92}]},"Rweapon":{"rotate":[{"time":0.5,"curve":0.25,"c3":0.75},{"time":0.6667,"angle":2.36,"curve":"stepped"},{"time":0.7667,"angle":2.36},{"time":0.9,"angle":-9.67},{"time":1,"angle":1.9},{"time":1.1,"angle":-6.24}],"translate":[{"time":0.5,"curve":0.25,"c3":0.75},{"time":0.6667,"x":-236.15,"y":-162.39},{"time":0.7667,"x":-80.34,"y":-209.51},{"time":0.9,"x":-48.1,"y":-209.51},{"time":1,"x":-91.5,"y":-209.51},{"time":1.1,"x":-85.3,"y":-209.51}],"scale":[{"time":0.7667},{"time":1.1,"y":0.538}]}},"transform":{"rootRweapon":[{"time":0.6667},{"time":0.8333,"rotateMix":0,"translateMix":0,"scaleMix":0,"shearMix":0}]}},"HIT":{"bones":{"shenti":{"rotate":[{"angle":-3.41,"curve":0.25,"c3":0.75},{"time":0.0667,"angle":-15.45,"curve":0.25,"c3":0.75},{"time":0.1667,"angle":11.21,"curve":0.25,"c3":0.75},{"time":0.2333,"angle":14.41,"curve":0.25,"c3":0.75},{"time":0.5,"angle":-11.79,"curve":0.25,"c3":0.75},{"time":0.6667,"angle":-3.41}],"translate":[{"x":-7.09,"y":-17.22,"curve":0.25,"c3":0.75},{"time":0.0667,"x":0.91,"y":1.4,"curve":0.25,"c3":0.75},{"time":0.1667,"x":4.62,"y":12.31,"curve":0.25,"c3":0.75},{"time":0.2333,"x":0.65,"y":-8.06,"curve":0.25,"c3":0.75},{"time":0.3333,"x":-17.02,"y":-26.49,"curve":0.25,"c3":0.75},{"time":0.5,"x":-23.01,"y":-31.15,"curve":0.25,"c3":0.75},{"time":0.6667,"x":-7.09,"y":-17.22}]},"shenti2":{"rotate":[{"angle":-10.41,"curve":0.25,"c3":0.75},{"time":0.0667,"angle":-35.98,"curve":0.25,"c3":0.75},{"time":0.1667,"angle":4.1,"curve":0.25,"c3":0.75},{"time":0.2333,"angle":7.1,"curve":0.25,"c3":0.75},{"time":0.5,"angle":-23.95,"curve":0.25,"c3":0.75},{"time":0.6667,"angle":-10.41}],"scale":[{"y":1.007}]},"tou":{"rotate":[{"angle":14.63,"curve":0.25,"c3":0.75},{"time":0.0667,"angle":33.31,"curve":0.25,"c3":0.75},{"time":0.1667,"angle":-3.02,"curve":0.25,"c3":0.75},{"time":0.2333,"angle":10.94,"curve":0.25,"c3":0.75},{"time":0.3333,"angle":24.59,"curve":"stepped"},{"time":0.5,"angle":24.59,"curve":0.25,"c3":0.75},{"time":0.6667,"angle":14.63}],"translate":[{"curve":0.25,"c3":0.75},{"time":0.0667,"x":-0.81,"y":-3.68,"curve":0.25,"c3":0.75},{"time":0.1667,"x":-4.06,"y":-4.59,"curve":0.25,"c3":0.75},{"time":0.2333,"x":1.29,"y":6.27,"curve":0.25,"c3":0.75},{"time":0.3333,"curve":0.25,"c3":0.75},{"time":0.5,"x":-3.86,"y":-2.58,"curve":0.25,"c3":0.75},{"time":0.6667}]},"dabiyou":{"rotate":[{"angle":-19.89,"curve":0.25,"c3":0.75},{"time":0.0667,"angle":68.72,"curve":0.25,"c3":0.75},{"time":0.2333,"angle":27.35,"curve":0.25,"c3":0.75},{"time":0.5,"angle":-9.83,"curve":0.25,"c3":0.75},{"time":0.6667,"angle":-19.89}],"translate":[{"x":17.71,"y":-5.1,"curve":0.25,"c3":0.75},{"time":0.0667,"x":5.7,"y":10.88,"curve":0.25,"c3":0.75},{"time":0.2333,"x":-4.49,"y":4.55,"curve":0.25,"c3":0.75},{"time":0.5,"x":10.51,"y":-9.23,"curve":0.25,"c3":0.75},{"time":0.6667,"x":17.71,"y":-5.1}]},"xiaobiyou":{"rotate":[{"angle":46.44,"curve":0.25,"c3":0.75},{"time":0.0667,"angle":26.58,"curve":0.25,"c3":0.75},{"time":0.2333,"angle":27.96,"curve":0.25,"c3":0.75},{"time":0.5,"angle":32.08,"curve":0.25,"c3":0.75},{"time":0.6667,"angle":46.44}]},"xiaobiyou2":{"rotate":[{"angle":-1.93,"curve":0.25,"c3":0.75},{"time":0.0667,"angle":-28.33,"curve":0.247,"c3":0.631,"c4":0.53},{"time":0.2333,"angle":-47.53,"curve":0.25,"c3":0.75},{"time":0.3333,"angle":-28.33,"curve":0.25,"c3":0.75},{"time":0.5,"angle":2.87,"curve":0.25,"c3":0.75},{"time":0.6667,"angle":-1.93}]},"dabizuo":{"rotate":[{"angle":22.16,"curve":0.25,"c3":0.75},{"time":0.0667,"angle":72.04,"curve":0.25,"c3":0.75},{"time":0.1667,"angle":22.11,"curve":0.25,"c3":0.75},{"time":0.3333,"angle":20.22,"curve":"stepped"},{"time":0.5,"angle":20.22,"curve":0.25,"c3":0.75},{"time":0.6667,"angle":22.16}],"translate":[{"x":-13.86,"y":-4.16,"curve":0.25,"c3":0.75},{"time":0.0667,"x":-20.68,"y":-17.93,"curve":0.25,"c3":0.75},{"time":0.1667,"x":-1.12,"y":4.66,"curve":0.25,"c3":0.75},{"time":0.3333,"x":-25.86,"y":-16.68,"curve":0.25,"c3":0.75},{"time":0.5,"x":-30.01,"y":-20.29,"curve":0.25,"c3":0.75},{"time":0.6667,"x":-13.86,"y":-4.16}]},"xiaobizuo":{"rotate":[{"angle":15.3,"curve":0.25,"c3":0.75},{"time":0.0667,"angle":15.54,"curve":0.25,"c3":0.75},{"time":0.1667,"angle":17.13,"curve":"stepped"},{"time":0.2333,"angle":17.13,"curve":0.25,"c3":0.75},{"time":0.3333,"angle":48.23,"curve":"stepped"},{"time":0.5,"angle":48.23,"curve":0.25,"c3":0.75},{"time":0.6667,"angle":15.3}]},"datuiyou":{"rotate":[{"angle":0.62,"curve":0.25,"c3":0.75},{"time":0.0667,"angle":57.68,"curve":0.25,"c3":0.75},{"time":0.1667,"angle":19.16,"curve":"stepped"},{"time":0.2333,"angle":19.16,"curve":0.25,"c3":0.75},{"time":0.3333,"angle":0.62}],"translate":[{"curve":0.25,"c3":0.75},{"time":0.0667,"x":-0.02,"y":0.45,"curve":0.25,"c3":0.75},{"time":0.1667,"x":-0.16,"y":3.37,"curve":"stepped"},{"time":0.2333,"x":-0.16,"y":3.37,"curve":0.25,"c3":0.75},{"time":0.3333}]},"xiaotuiyou":{"rotate":[{"angle":-1.42,"curve":0.25,"c3":0.75},{"time":0.0667,"angle":-43.84,"curve":0.25,"c3":0.75},{"time":0.1667,"angle":-90.2,"curve":"stepped"},{"time":0.2333,"angle":-90.2,"curve":0.25,"c3":0.75},{"time":0.3333,"angle":-1.42}],"translate":[{"x":8.75,"y":-2.59,"curve":0.25,"c3":0.75},{"time":0.0667,"x":8.35,"y":-1.7,"curve":"stepped"},{"time":0.5,"x":8.35,"y":-1.7,"curve":0.25,"c3":0.75},{"time":0.6667,"x":8.75,"y":-2.59}]},"jiaoyou":{"rotate":[{"curve":0.25,"c3":0.75},{"time":0.0667,"angle":6.32,"curve":0.25,"c3":0.75},{"time":0.3333}]},"datuizuo":{"rotate":[{"angle":0.01,"curve":0.25,"c3":0.75},{"time":0.0667,"angle":58.14,"curve":0.25,"c3":0.75},{"time":0.1667,"angle":25.55,"curve":"stepped"},{"time":0.2333,"angle":25.55,"curve":0.25,"c3":0.75},{"time":0.3333,"angle":0.01}],"translate":[{"curve":0.25,"c3":0.75},{"time":0.0667,"x":-0.12,"y":-0.49,"curve":0.25,"c3":0.75},{"time":0.1667,"x":-0.91,"y":-3.66,"curve":"stepped"},{"time":0.2333,"x":-0.91,"y":-3.66,"curve":0.25,"c3":0.75},{"time":0.3333}]},"xiaotuizuo":{"rotate":[{"angle":-0.5,"curve":0.25,"c3":0.75},{"time":0.0667,"angle":-40.87,"curve":0.25,"c3":0.75},{"time":0.1667,"angle":-85.19,"curve":"stepped"},{"time":0.2333,"angle":-85.19,"curve":0.25,"c3":0.75},{"time":0.3333,"angle":-0.5}],"translate":[{"x":3.55,"y":-0.35,"curve":0.25,"c3":0.75},{"time":0.0667,"x":4.3,"y":-2.93,"curve":"stepped"},{"time":0.5,"x":4.3,"y":-2.93,"curve":0.25,"c3":0.75},{"time":0.6667,"x":3.55,"y":-0.35}]},"jiaozuo":{"rotate":[{"curve":0.25,"c3":0.75},{"time":0.0667,"angle":0.07,"curve":0.25,"c3":0.75},{"time":0.3333}]},"L":{"translate":[{"y":-33.62,"curve":0.25,"c3":0.75},{"time":0.0667,"x":20.66,"y":-32.4,"curve":0.25,"c3":0.75},{"time":0.1667,"x":36.59,"y":-33.16,"curve":0.25,"c3":0.75},{"time":0.2333,"x":32.61,"y":-47.45,"curve":0.25,"c3":0.75},{"time":0.3333,"y":-55.35,"curve":"stepped"},{"time":0.5,"y":-55.35,"curve":0.25,"c3":0.75},{"time":0.6667,"y":-33.62}]},"shenti3":{"rotate":[{"angle":-0.87,"curve":0.25,"c3":0.75},{"time":0.0667,"angle":11.05,"curve":0.25,"c3":0.75},{"time":0.1667,"angle":-0.87,"curve":0.25,"c3":0.75},{"time":0.3333,"angle":-40.95,"curve":0.25,"c3":0.75},{"time":0.5,"angle":10.19,"curve":0.25,"c3":0.75},{"time":0.6667,"angle":-0.87}]},"shenti4":{"rotate":[{"angle":11.62,"curve":0.25,"c3":0.75},{"time":0.0667,"angle":49.09,"curve":0.25,"c3":0.75},{"time":0.1667,"angle":27.52,"curve":0.25,"c3":0.75},{"time":0.3333,"angle":53.4,"curve":0.25,"c3":0.75},{"time":0.5,"angle":44.35,"curve":0.25,"c3":0.75},{"time":0.6667,"angle":11.62}]},"shenti5":{"rotate":[{"angle":1.47,"curve":0.25,"c3":0.75},{"time":0.0667,"angle":38.94,"curve":0.25,"c3":0.75},{"time":0.1667,"angle":6.82,"curve":0.25,"c3":0.75},{"time":0.3333,"angle":-16.06,"curve":0.25,"c3":0.75},{"time":0.5,"angle":25.54,"curve":0.25,"c3":0.75},{"time":0.6667,"angle":1.47}]},"Rweapon":{"rotate":[{"curve":0.25,"c3":0.75},{"time":0.0667,"angle":42.13,"curve":0.25,"c3":0.75},{"time":0.1667,"angle":61.08,"curve":"stepped"},{"time":0.2333,"angle":61.08,"curve":0.25,"c3":0.75},{"time":0.3333}],"translate":[{"curve":0.25,"c3":0.75},{"time":0.0667,"x":101.38,"y":-248.89,"curve":0.25,"c3":0.75},{"time":0.1667,"x":56.96,"y":-217.45,"curve":"stepped"},{"time":0.2333,"x":56.96,"y":-217.45,"curve":0.25,"c3":0.75},{"time":0.3333}]}}},"IDLE":{"bones":{"shenti":{"rotate":[{"angle":-3.41}],"translate":[{"x":-7.09,"y":-17.22,"curve":0.25,"c3":0.75},{"time":0.6667,"x":-18.17,"y":-17.22,"curve":0.25,"c3":0.75},{"time":1.3333,"x":-7.09,"y":-17.22}]},"shenti2":{"rotate":[{"angle":-10.41,"curve":0.25,"c3":0.75},{"time":0.1667,"angle":-11.01,"curve":0.25,"c3":0.75},{"time":0.8333,"angle":-7.75,"curve":0.25,"c3":0.75},{"time":1.3333,"angle":-10.41}],"scale":[{"y":1.007,"curve":0.25,"c3":0.75},{"time":0.5,"y":1.037,"curve":0.25,"c3":0.75},{"time":1.1667,"curve":0.25,"c3":0.75},{"time":1.3333,"y":1.007}]},"tou":{"rotate":[{"angle":14.63,"curve":0.25,"c3":0.75},{"time":0.1667,"angle":15.68,"curve":0.25,"c3":0.75},{"time":0.8333,"angle":9.98,"curve":0.25,"c3":0.75},{"time":1.3333,"angle":14.63}]},"dabiyou":{"rotate":[{"angle":-19.89,"curve":0.25,"c3":0.75},{"time":0.1667,"angle":-19.1,"curve":0.25,"c3":0.75},{"time":0.8333,"angle":-23.39,"curve":0.25,"c3":0.75},{"time":1.3333,"angle":-19.89}],"translate":[{"x":17.71,"y":-5.1}]},"xiaobiyou":{"rotate":[{"angle":46.44,"curve":0.25,"c3":0.75},{"time":0.1667,"angle":45.21,"curve":0.25,"c3":0.75},{"time":0.8333,"angle":49.57,"curve":0.25,"c3":0.75},{"time":1.3333,"angle":46.44}]},"xiaobiyou2":{"rotate":[{"angle":-1.93}]},"dabizuo":{"rotate":[{"angle":22.16,"curve":0.25,"c3":0.75},{"time":0.1667,"angle":22.06,"curve":0.25,"c3":0.75},{"time":0.8333,"angle":22.59,"curve":0.25,"c3":0.75},{"time":1.3333,"angle":22.16}],"translate":[{"x":-13.86,"y":-4.16,"curve":0.25,"c3":0.75},{"time":0.1667,"x":-12.97,"y":-3.26,"curve":0.25,"c3":0.75},{"time":0.8333,"x":-17.8,"y":-8.15,"curve":0.25,"c3":0.75},{"time":1.3333,"x":-13.86,"y":-4.16}]},"xiaobizuo":{"rotate":[{"angle":15.3,"curve":0.25,"c3":0.75},{"time":0.1667,"angle":14.33,"curve":0.25,"c3":0.75},{"time":0.8333,"angle":19.59,"curve":0.25,"c3":0.75},{"time":1.3333,"angle":15.3}]},"datuiyou":{"rotate":[{"angle":0.62}]},"xiaotuiyou":{"rotate":[{"angle":-1.42}],"translate":[{"x":8.75,"y":-2.59}]},"datuizuo":{"rotate":[{"angle":0.01}]},"xiaotuizuo":{"rotate":[{"angle":-0.5}],"translate":[{"x":3.55,"y":-0.35}]},"L":{"translate":[{"y":-33.62}]},"shenti3":{"rotate":[{"angle":-0.87,"curve":0.25,"c3":0.75},{"time":0.1667,"curve":0.25,"c3":0.75},{"time":0.8333,"angle":-4.72,"curve":0.25,"c3":0.75},{"time":1.3333,"angle":-0.87}]},"shenti4":{"rotate":[{"angle":11.62,"curve":0.25,"c3":0.75},{"time":0.1667,"angle":10.68,"curve":0.25,"c3":0.75},{"time":0.8333,"angle":15.79,"curve":0.25,"c3":0.75},{"time":1.3333,"angle":11.62}]},"shenti5":{"rotate":[{"angle":1.47,"curve":0.25,"c3":0.75},{"time":0.1667,"curve":0.25,"c3":0.75},{"time":0.8333,"angle":7.95,"curve":0.25,"c3":0.75},{"time":1.3333,"angle":1.47}]}}},"WALK":{"bones":{"shenti":{"rotate":[{"angle":-5.78}],"translate":[{"x":-4.7,"y":-24.42,"curve":0.25,"c3":0.75},{"time":0.1333,"x":0.98,"y":-24.42,"curve":0.25,"c3":0.75},{"time":0.2667,"x":3.56,"y":-24.42,"curve":0.25,"c3":0.75},{"time":0.4,"x":-4.7,"y":-24.42,"curve":0.25,"c3":0.75},{"time":0.5333,"x":0.98,"y":-24.42,"curve":0.25,"c3":0.75},{"time":0.6667,"x":3.56,"y":-24.42,"curve":0.25,"c3":0.75},{"time":0.8,"x":-4.7,"y":-24.42}]},"shenti2":{"rotate":[{"angle":-18.16,"curve":0.25,"c3":0.75},{"time":0.2,"angle":-20.54,"curve":0.25,"c3":0.75},{"time":0.4,"angle":-18.16,"curve":0.25,"c3":0.75},{"time":0.6,"angle":-20.54,"curve":0.25,"c3":0.75},{"time":0.8,"angle":-18.16}],"scale":[{"y":1.007}]},"tou":{"rotate":[{"angle":20.42,"curve":0.382,"c2":0.57,"c3":0.735},{"time":0.0667,"angle":21.44,"curve":0.25,"c3":0.75},{"time":0.2667,"angle":17.84,"curve":0.25,"c3":0.75},{"time":0.4667,"angle":21.44,"curve":0.25,"c3":0.75},{"time":0.6667,"angle":17.84,"curve":0.243,"c3":0.649,"c4":0.6},{"time":0.8,"angle":20.42}]},"dabiyou":{"rotate":[{"angle":-8.4,"curve":0.25,"c3":0.75},{"time":0.4,"angle":-24.67,"curve":0.25,"c3":0.75},{"time":0.8,"angle":-8.4}],"translate":[{"x":11.64,"y":3.68,"curve":0.25,"c3":0.75},{"time":0.4,"x":9.28,"y":-6.99,"curve":0.25,"c3":0.75},{"time":0.8,"x":11.64,"y":3.68}]},"xiaobiyou":{"rotate":[{"angle":51.31,"curve":0.25,"c3":0.75},{"time":0.4,"angle":46.73,"curve":0.25,"c3":0.75},{"time":0.8,"angle":51.31}]},"xiaobiyou2":{"rotate":[{"angle":-11.53}]},"dabizuo":{"rotate":[{"angle":-15.92,"curve":0.25,"c3":0.75},{"time":0.4,"angle":7.97,"curve":0.25,"c3":0.75},{"time":0.8,"angle":-15.92}],"translate":[{"x":-18.84,"y":-8.19,"curve":0.25,"c3":0.75},{"time":0.4,"x":-20.38,"y":-4.13,"curve":0.25,"c3":0.75},{"time":0.8,"x":-18.84,"y":-8.19}]},"xiaobizuo":{"rotate":[{"angle":68.88,"curve":0.25,"c3":0.75},{"time":0.4,"angle":51.64,"curve":0.25,"c3":0.75},{"time":0.8,"angle":68.88}]},"xiaobizuo2":{"rotate":[{"angle":22.95}]},"datuiyou":{"rotate":[{"angle":20.49}],"translate":[{"x":-0.86,"y":0.25,"curve":0.265,"c3":0.618,"c4":0.43},{"time":0.1333,"x":-16.14,"y":6.47,"curve":0.351,"c2":0.4,"c3":0.757},{"time":0.4,"x":-21.39,"y":42.28,"curve":0.25,"c3":0.75},{"time":0.8,"x":-0.86,"y":0.25}]},"xiaotuiyou":{"rotate":[{"angle":-1.42}],"translate":[{"x":7.67,"y":-1.71}]},"jiaoyou":{"rotate":[{"angle":-26.92,"curve":0.25,"c3":0.75},{"time":0.1333,"angle":-57.73,"curve":0.25,"c3":0.75},{"time":0.2667,"angle":6.42,"curve":0.25,"c3":0.75},{"time":0.4,"curve":"stepped"},{"time":0.6667,"curve":0.25,"c3":0.75},{"time":0.8,"angle":-26.92}]},"datuizuo":{"rotate":[{"angle":39.94}],"translate":[{"x":-0.51,"y":0.04,"curve":0.25,"c3":0.75},{"time":0.4,"x":-13.05,"y":-27.12,"curve":0.265,"c3":0.618,"c4":0.43},{"time":0.5333,"x":-20.92,"y":-15.61,"curve":0.351,"c2":0.4,"c3":0.757},{"time":0.8,"x":-0.51,"y":0.04}]},"xiaotuizuo":{"rotate":[{"angle":-0.5}],"translate":[{"x":6.28,"y":-1.36}]},"jiaozuo":{"rotate":[{"time":0.2667,"curve":0.382,"c2":0.57,"c3":0.735},{"time":0.4,"angle":-28.38,"curve":0.265,"c3":0.618,"c4":0.43},{"time":0.5333,"angle":-61.6,"curve":0.325,"c2":0.31,"c3":0.675,"c4":0.69},{"time":0.6667,"angle":5.15,"curve":0.382,"c2":0.57,"c3":0.735},{"time":0.8}]},"R":{"translate":[{"x":18.62,"y":4.64,"curve":0.265,"c3":0.618,"c4":0.43},{"time":0.1333,"x":45.85,"y":-32,"curve":0.325,"c2":0.31,"c3":0.675,"c4":0.69},{"time":0.2667,"x":32.16,"y":-87.72,"curve":0.382,"c2":0.57,"c3":0.735},{"time":0.4,"y":-103.85,"curve":0.243,"c3":0.649,"c4":0.6},{"time":0.6667,"x":-0.08,"y":-32,"curve":0.382,"c2":0.57,"c3":0.735},{"time":0.8,"x":18.62,"y":4.64}]},"L":{"translate":[{"y":-51.22,"curve":0.243,"c3":0.649,"c4":0.6},{"time":0.2667,"x":0.19,"y":36.69,"curve":0.382,"c2":0.57,"c3":0.735},{"time":0.4,"x":19,"y":71.53,"curve":0.302,"c3":0.638,"c4":0.36},{"time":0.5333,"x":38.5,"y":37.96,"curve":0.313,"c2":0.24,"c3":0.648,"c4":0.58},{"time":0.6667,"x":32.68,"y":-14.56,"curve":0.321,"c2":0.29,"c3":0.656,"c4":0.63},{"time":0.8,"y":-51.22}]},"shenti3":{"rotate":[{"angle":-0.87,"curve":0.25,"c3":0.75},{"time":0.2,"angle":17.29,"curve":0.25,"c3":0.75},{"time":0.4,"angle":-0.87,"curve":0.25,"c3":0.75},{"time":0.6,"angle":17.29,"curve":0.25,"c3":0.75},{"time":0.8,"angle":-0.87}]},"shenti4":{"rotate":[{"angle":33.91,"curve":0.25,"c3":0.75},{"time":0.2,"angle":9.29,"curve":0.25,"c3":0.75},{"time":0.4,"angle":20.36,"curve":0.25,"c3":0.75},{"time":0.6,"angle":30.22,"curve":0.25,"c3":0.75},{"time":0.8,"angle":33.91}]},"shenti5":{"rotate":[{"angle":23.13,"curve":0.25,"c3":0.75},{"time":0.2,"angle":49.2,"curve":0.25,"c3":0.75},{"time":0.4,"angle":56.4,"curve":0.25,"c3":0.75},{"time":0.6,"angle":42.59,"curve":0.25,"c3":0.75},{"time":0.8,"angle":23.13}]},"Rweapon":{"rotate":[{"angle":-3.48}],"translate":[{"x":58.82,"y":-8.57}]}}}}}