{"skeleton":{"hash":"TNQIpKPV3eyE550XGbN30RoeF9M","spine":"3.8.99","x":-27.53,"y":-11.55,"width":79,"height":91,"images":"../","audio":"D:/work/CryptoGladiator/美术资源/角色/斯巴达人物拆分/斯巴达(标准)"},"bones":[{"name":"root"}],"slots":[{"name":"toukui","bone":"root","attachment":"斯巴达人物拆分/斯巴达(标准)/toukui"}],"skins":[{"name":"a1","attachments":{"toukui":{"斯巴达人物拆分/斯巴达(标准)/toukui":{"name":"斯巴达人物拆分小/斯巴达(标准)/toukui","x":11.97,"y":33.95,"width":79,"height":91}}}},{"name":"a2","attachments":{"toukui":{"斯巴达人物拆分/斯巴达(标准)/toukui":{"name":"斯巴达人物拆分小/1/微信图片_20210615163458","x":11.97,"y":35.1,"width":88,"height":88}}}}],"animations":{"a":{}}}