{"skeleton":{"hash":"8F4ToNzOEFnEeNPPvb56vsAINnI","spine":"3.8.99","x":-10.9,"y":-48.76,"width":28,"height":57,"images":"../","audio":"D:/work/CryptoGladiator/美术资源/角色/斯巴达人物拆分/斯巴达(标准)"},"bones":[{"name":"root"}],"slots":[{"name":"datuizuo","bone":"root","attachment":"斯巴达人物拆分小/斯巴达(标准)/datuizuo"}],"skins":[{"name":"a1","attachments":{"datuizuo":{"斯巴达人物拆分小/斯巴达(标准)/datuizuo":{"x":3.1,"y":-20.26,"width":28,"height":57}}}},{"name":"a2","attachments":{"datuizuo":{"斯巴达人物拆分小/斯巴达(标准)/datuizuo":{"x":3.1,"y":-20.26,"width":28,"height":57}}}},{"name":"a3","attachments":{"datuizuo":{"斯巴达人物拆分小/斯巴达(标准)/datuizuo":{"x":3.1,"y":-20.26,"width":28,"height":57}}}},{"name":"a4","attachments":{"datuizuo":{"斯巴达人物拆分小/斯巴达(标准)/datuizuo":{"x":3.1,"y":-20.26,"width":28,"height":57}}}}],"animations":{"a":{}}}