{"skeleton":{"hash":"V8JaAeMqiXhvszBK/3rwt2+QTKc","spine":"3.8.99","images":"../","audio":"D:/work/CryptoGladiator/美术资源/角色/spine"},"bones":[{"name":"root"},{"name":"jian","parent":"root","x":-157.64},{"name":"2","parent":"jian","x":157.43,"transform":"noScale"},{"name":"02","parent":"root","x":-157.64},{"name":"tx/爆气2/2 (1)","parent":"02"},{"name":"tx/炸点2/1_00000","parent":"02","rotation":90},{"name":"tx/石头1/1_00003","parent":"02"},{"name":"tx/爆气3/1_00002","parent":"02"},{"name":"jian2","parent":"root","x":-157.64},{"name":"3","parent":"jian2","x":157.43,"transform":"noScale"},{"name":"4","parent":"root","x":-157.64},{"name":"tx/爆气2/2 (1)2","parent":"4"},{"name":"tx/炸点2/1_0","parent":"4","rotation":90},{"name":"tx/石头1/1_3","parent":"4"},{"name":"tx/爆气3/1_2","parent":"4"},{"name":"jian3","parent":"root","x":-157.64},{"name":"5","parent":"jian3","x":157.43,"transform":"noScale"},{"name":"6","parent":"root","x":-157.64},{"name":"tx/爆气2/2 (1)3","parent":"6"},{"name":"tx/炸点2/1_1","parent":"6","rotation":90},{"name":"tx/石头1/1_4","parent":"6"},{"name":"tx/爆气3/1_3","parent":"6"},{"name":"jian4","parent":"root","x":-157.64,"scaleY":1.4763},{"name":"7","parent":"jian4","x":157.43,"transform":"noScale"},{"name":"8","parent":"root","x":-157.64},{"name":"tx/爆气2/2 (1)4","parent":"8"},{"name":"tx/炸点2/1_2","parent":"8","rotation":90},{"name":"tx/石头1/1_5","parent":"8"},{"name":"tx/爆气3/1_4","parent":"8"},{"name":"jian5","parent":"root","x":-157.64},{"name":"9","parent":"jian5","x":157.43,"transform":"noScale"},{"name":"10","parent":"root","x":-157.64},{"name":"tx/爆气2/2 (1)5","parent":"10"},{"name":"tx/炸点2/1_3","parent":"10","rotation":90},{"name":"tx/石头1/1_6","parent":"10"},{"name":"tx/爆气3/1_5","parent":"10"},{"name":"jian6","parent":"root","x":-157.64},{"name":"11","parent":"jian6","x":157.43,"transform":"noScale"},{"name":"12","parent":"root","x":-157.64},{"name":"tx/爆气2/2 (1)6","parent":"12"},{"name":"tx/炸点2/1_4","parent":"12","rotation":90},{"name":"tx/石头1/1_7","parent":"12"},{"name":"tx/爆气3/1_6","parent":"12"}],"slots":[{"name":"斯巴达人物拆分小/武器/gongjian1-2","bone":"jian"},{"name":"斯巴达人物拆分小/武器/gongjian1-3","bone":"jian2"},{"name":"斯巴达人物拆分小/武器/gongjian1-4","bone":"jian3"},{"name":"斯巴达人物拆分小/武器/gongjian1-5","bone":"jian4"},{"name":"斯巴达人物拆分小/武器/gongjian1-6","bone":"jian5"},{"name":"斯巴达人物拆分小/武器/gongjian1-7","bone":"jian6"},{"name":"tx/炸点6/1_00005","bone":"2","blend":"additive"},{"name":"tx/炸点6/1_5","bone":"3","blend":"additive"},{"name":"tx/炸点6/1_6","bone":"5","blend":"additive"},{"name":"tx/炸点6/1_7","bone":"7","blend":"additive"},{"name":"tx/炸点6/1_8","bone":"9","blend":"additive"},{"name":"tx/炸点6/1_9","bone":"11","blend":"additive"},{"name":"tx/炸点2/1_00000","bone":"tx/炸点2/1_00000","blend":"additive"},{"name":"tx/炸点2/1_0","bone":"tx/炸点2/1_0","blend":"additive"},{"name":"tx/炸点2/1_1","bone":"tx/炸点2/1_1","blend":"additive"},{"name":"tx/炸点2/1_2","bone":"tx/炸点2/1_2","blend":"additive"},{"name":"tx/炸点2/1_3","bone":"tx/炸点2/1_3","blend":"additive"},{"name":"tx/炸点2/1_4","bone":"tx/炸点2/1_4","blend":"additive"},{"name":"tx/石头1/1_00003","bone":"tx/石头1/1_00003"},{"name":"tx/石头1/1_3","bone":"tx/石头1/1_3"},{"name":"tx/石头1/1_4","bone":"tx/石头1/1_4"},{"name":"tx/石头1/1_5","bone":"tx/石头1/1_5"},{"name":"tx/石头1/1_6","bone":"tx/石头1/1_6"},{"name":"tx/石头1/1_7","bone":"tx/石头1/1_7"},{"name":"tx/爆气3/1_00002","bone":"tx/爆气3/1_00002","blend":"additive"},{"name":"tx/爆气3/1_2","bone":"tx/爆气3/1_2","blend":"additive"},{"name":"tx/爆气3/1_3","bone":"tx/爆气3/1_3","blend":"additive"},{"name":"tx/爆气3/1_4","bone":"tx/爆气3/1_4","blend":"additive"},{"name":"tx/爆气3/1_5","bone":"tx/爆气3/1_5","blend":"additive"},{"name":"tx/爆气3/1_6","bone":"tx/爆气3/1_6","blend":"additive"},{"name":"tx/爆气2/2 (1)","bone":"tx/爆气2/2 (1)","blend":"additive"},{"name":"tx/爆气2/2 (1)2","bone":"tx/爆气2/2 (1)2","blend":"additive"},{"name":"tx/爆气2/2 (1)3","bone":"tx/爆气2/2 (1)3","blend":"additive"},{"name":"tx/爆气2/2 (1)4","bone":"tx/爆气2/2 (1)4","blend":"additive"},{"name":"tx/爆气2/2 (1)5","bone":"tx/爆气2/2 (1)5","blend":"additive"},{"name":"tx/爆气2/2 (1)6","bone":"tx/爆气2/2 (1)6","blend":"additive"}],"skins":[{"name":"default","attachments":{"tx/炸点2/1_0":{"tx/炸点2/1_1":{"path":"tx/炸点2/1_00001","x":103.57,"y":-2.08,"width":254,"height":164},"tx/炸点2/1_2":{"path":"tx/炸点2/1_00002","x":103.57,"y":-2.08,"width":254,"height":164},"tx/炸点2/1_3":{"path":"tx/炸点2/1_00003","x":103.57,"y":-2.08,"width":254,"height":164},"tx/炸点2/1_4":{"path":"tx/炸点2/1_00004","x":103.57,"y":-2.08,"width":254,"height":164},"tx/炸点2/1_5":{"path":"tx/炸点2/1_00005","x":103.57,"y":-2.08,"width":254,"height":164},"tx/炸点2/1_6":{"path":"tx/炸点2/1_00006","x":103.57,"y":-2.08,"width":254,"height":164},"tx/炸点2/1_7":{"path":"tx/炸点2/1_00007","x":103.57,"y":-2.08,"width":254,"height":164},"tx/炸点2/1_8":{"path":"tx/炸点2/1_00008","x":103.57,"y":-2.08,"width":254,"height":164}},"tx/炸点2/1_00000":{"tx/炸点2/1_1":{"path":"tx/炸点2/1_00001","x":103.57,"y":-2.08,"width":254,"height":164},"tx/炸点2/1_2":{"path":"tx/炸点2/1_00002","x":103.57,"y":-2.08,"width":254,"height":164},"tx/炸点2/1_3":{"path":"tx/炸点2/1_00003","x":103.57,"y":-2.08,"width":254,"height":164},"tx/炸点2/1_4":{"path":"tx/炸点2/1_00004","x":103.57,"y":-2.08,"width":254,"height":164},"tx/炸点2/1_5":{"path":"tx/炸点2/1_00005","x":103.57,"y":-2.08,"width":254,"height":164},"tx/炸点2/1_6":{"path":"tx/炸点2/1_00006","x":103.57,"y":-2.08,"width":254,"height":164},"tx/炸点2/1_7":{"path":"tx/炸点2/1_00007","x":103.57,"y":-2.08,"width":254,"height":164},"tx/炸点2/1_8":{"path":"tx/炸点2/1_00008","x":103.57,"y":-2.08,"width":254,"height":164}},"tx/炸点2/1_1":{"tx/炸点2/1_1":{"path":"tx/炸点2/1_00001","x":103.57,"y":-2.08,"width":254,"height":164},"tx/炸点2/1_2":{"path":"tx/炸点2/1_00002","x":103.57,"y":-2.08,"width":254,"height":164},"tx/炸点2/1_3":{"path":"tx/炸点2/1_00003","x":103.57,"y":-2.08,"width":254,"height":164},"tx/炸点2/1_4":{"path":"tx/炸点2/1_00004","x":103.57,"y":-2.08,"width":254,"height":164},"tx/炸点2/1_5":{"path":"tx/炸点2/1_00005","x":103.57,"y":-2.08,"width":254,"height":164},"tx/炸点2/1_6":{"path":"tx/炸点2/1_00006","x":103.57,"y":-2.08,"width":254,"height":164},"tx/炸点2/1_7":{"path":"tx/炸点2/1_00007","x":103.57,"y":-2.08,"width":254,"height":164},"tx/炸点2/1_8":{"path":"tx/炸点2/1_00008","x":103.57,"y":-2.08,"width":254,"height":164}},"tx/炸点2/1_2":{"tx/炸点2/1_1":{"path":"tx/炸点2/1_00001","x":103.57,"y":-2.08,"width":254,"height":164},"tx/炸点2/1_2":{"path":"tx/炸点2/1_00002","x":103.57,"y":-2.08,"width":254,"height":164},"tx/炸点2/1_3":{"path":"tx/炸点2/1_00003","x":103.57,"y":-2.08,"width":254,"height":164},"tx/炸点2/1_4":{"path":"tx/炸点2/1_00004","x":103.57,"y":-2.08,"width":254,"height":164},"tx/炸点2/1_5":{"path":"tx/炸点2/1_00005","x":103.57,"y":-2.08,"width":254,"height":164},"tx/炸点2/1_6":{"path":"tx/炸点2/1_00006","x":103.57,"y":-2.08,"width":254,"height":164},"tx/炸点2/1_7":{"path":"tx/炸点2/1_00007","x":103.57,"y":-2.08,"width":254,"height":164},"tx/炸点2/1_8":{"path":"tx/炸点2/1_00008","x":103.57,"y":-2.08,"width":254,"height":164}},"tx/炸点2/1_3":{"tx/炸点2/1_1":{"path":"tx/炸点2/1_00001","x":103.57,"y":-2.08,"width":254,"height":164},"tx/炸点2/1_2":{"path":"tx/炸点2/1_00002","x":103.57,"y":-2.08,"width":254,"height":164},"tx/炸点2/1_3":{"path":"tx/炸点2/1_00003","x":103.57,"y":-2.08,"width":254,"height":164},"tx/炸点2/1_4":{"path":"tx/炸点2/1_00004","x":103.57,"y":-2.08,"width":254,"height":164},"tx/炸点2/1_5":{"path":"tx/炸点2/1_00005","x":103.57,"y":-2.08,"width":254,"height":164},"tx/炸点2/1_6":{"path":"tx/炸点2/1_00006","x":103.57,"y":-2.08,"width":254,"height":164},"tx/炸点2/1_7":{"path":"tx/炸点2/1_00007","x":103.57,"y":-2.08,"width":254,"height":164},"tx/炸点2/1_8":{"path":"tx/炸点2/1_00008","x":103.57,"y":-2.08,"width":254,"height":164}},"tx/炸点2/1_4":{"tx/炸点2/1_1":{"path":"tx/炸点2/1_00001","x":103.57,"y":-2.08,"width":254,"height":164},"tx/炸点2/1_2":{"path":"tx/炸点2/1_00002","x":103.57,"y":-2.08,"width":254,"height":164},"tx/炸点2/1_3":{"path":"tx/炸点2/1_00003","x":103.57,"y":-2.08,"width":254,"height":164},"tx/炸点2/1_4":{"path":"tx/炸点2/1_00004","x":103.57,"y":-2.08,"width":254,"height":164},"tx/炸点2/1_5":{"path":"tx/炸点2/1_00005","x":103.57,"y":-2.08,"width":254,"height":164},"tx/炸点2/1_6":{"path":"tx/炸点2/1_00006","x":103.57,"y":-2.08,"width":254,"height":164},"tx/炸点2/1_7":{"path":"tx/炸点2/1_00007","x":103.57,"y":-2.08,"width":254,"height":164},"tx/炸点2/1_8":{"path":"tx/炸点2/1_00008","x":103.57,"y":-2.08,"width":254,"height":164}},"tx/炸点6/1_00005":{"tx/炸点6/3 (1)2":{"path":"tx/炸点6/3 (1)","x":-24.81,"y":-0.85,"scaleY":1.4961,"width":254,"height":143},"tx/炸点6/3 (2)2":{"path":"tx/炸点6/3 (2)","x":-52.22,"y":-0.85,"scaleY":1.4961,"width":254,"height":143}},"tx/炸点6/1_5":{"tx/炸点6/3 (1)":{"x":-24.81,"y":-0.85,"scaleY":1.4961,"width":254,"height":143},"tx/炸点6/3 (2)":{"x":-52.22,"y":-0.85,"scaleY":1.4961,"width":254,"height":143}},"tx/炸点6/1_6":{"tx/炸点6/3 (1)":{"x":-24.81,"y":-0.85,"scaleY":1.4961,"width":254,"height":143},"tx/炸点6/3 (2)":{"x":-52.22,"y":-0.85,"scaleY":1.4961,"width":254,"height":143}},"tx/炸点6/1_7":{"tx/炸点6/3 (1)":{"x":-24.81,"y":-0.85,"scaleY":1.4961,"width":254,"height":143},"tx/炸点6/3 (2)":{"x":-52.22,"y":-0.85,"scaleY":1.4961,"width":254,"height":143}},"tx/炸点6/1_8":{"tx/炸点6/3 (1)":{"x":-24.81,"y":-0.85,"scaleY":1.4961,"width":254,"height":143},"tx/炸点6/3 (2)":{"x":-52.22,"y":-0.85,"scaleY":1.4961,"width":254,"height":143}},"tx/炸点6/1_9":{"tx/炸点6/3 (1)":{"x":-24.81,"y":-0.85,"scaleY":1.4961,"width":254,"height":143},"tx/炸点6/3 (2)":{"x":-52.22,"y":-0.85,"scaleY":1.4961,"width":254,"height":143}},"tx/爆气2/2 (1)":{"tx/爆气2/2 (1)2":{"path":"tx/爆气2/2 (1)","x":0.46,"y":101.14,"width":255,"height":252},"tx/爆气2/2 (3)2":{"path":"tx/爆气2/2 (3)","x":0.46,"y":101.14,"width":255,"height":252},"tx/爆气2/2 (7)2":{"path":"tx/爆气2/2 (7)","x":0.46,"y":101.14,"width":255,"height":252},"tx/爆气2/2 (9)2":{"path":"tx/爆气2/2 (9)","x":0.46,"y":101.14,"width":255,"height":252}},"tx/爆气2/2 (1)2":{"tx/爆气2/2 (1)2":{"path":"tx/爆气2/2 (1)","x":0.46,"y":101.14,"width":255,"height":252},"tx/爆气2/2 (3)2":{"path":"tx/爆气2/2 (3)","x":0.46,"y":101.14,"width":255,"height":252},"tx/爆气2/2 (7)2":{"path":"tx/爆气2/2 (7)","x":0.46,"y":101.14,"width":255,"height":252},"tx/爆气2/2 (9)2":{"path":"tx/爆气2/2 (9)","x":0.46,"y":101.14,"width":255,"height":252}},"tx/爆气2/2 (1)3":{"tx/爆气2/2 (1)2":{"path":"tx/爆气2/2 (1)","x":0.46,"y":101.14,"width":255,"height":252},"tx/爆气2/2 (3)2":{"path":"tx/爆气2/2 (3)","x":0.46,"y":101.14,"width":255,"height":252},"tx/爆气2/2 (7)2":{"path":"tx/爆气2/2 (7)","x":0.46,"y":101.14,"width":255,"height":252},"tx/爆气2/2 (9)2":{"path":"tx/爆气2/2 (9)","x":0.46,"y":101.14,"width":255,"height":252}},"tx/爆气2/2 (1)4":{"tx/爆气2/2 (1)2":{"path":"tx/爆气2/2 (1)","x":0.46,"y":101.14,"width":255,"height":252},"tx/爆气2/2 (3)2":{"path":"tx/爆气2/2 (3)","x":0.46,"y":101.14,"width":255,"height":252},"tx/爆气2/2 (7)2":{"path":"tx/爆气2/2 (7)","x":0.46,"y":101.14,"width":255,"height":252},"tx/爆气2/2 (9)2":{"path":"tx/爆气2/2 (9)","x":0.46,"y":101.14,"width":255,"height":252}},"tx/爆气2/2 (1)5":{"tx/爆气2/2 (1)2":{"path":"tx/爆气2/2 (1)","x":0.46,"y":101.14,"width":255,"height":252},"tx/爆气2/2 (3)2":{"path":"tx/爆气2/2 (3)","x":0.46,"y":101.14,"width":255,"height":252},"tx/爆气2/2 (7)2":{"path":"tx/爆气2/2 (7)","x":0.46,"y":101.14,"width":255,"height":252},"tx/爆气2/2 (9)2":{"path":"tx/爆气2/2 (9)","x":0.46,"y":101.14,"width":255,"height":252}},"tx/爆气2/2 (1)6":{"tx/爆气2/2 (1)2":{"path":"tx/爆气2/2 (1)","x":0.46,"y":101.14,"width":255,"height":252},"tx/爆气2/2 (3)2":{"path":"tx/爆气2/2 (3)","x":0.46,"y":101.14,"width":255,"height":252},"tx/爆气2/2 (7)2":{"path":"tx/爆气2/2 (7)","x":0.46,"y":101.14,"width":255,"height":252},"tx/爆气2/2 (9)2":{"path":"tx/爆气2/2 (9)","x":0.46,"y":101.14,"width":255,"height":252}},"tx/爆气3/1_00002":{"tx/爆气3/1_2":{"path":"tx/爆气3/1_00002","x":1.8,"y":4.11,"width":254,"height":117},"tx/爆气3/1_3":{"path":"tx/爆气3/1_00003","x":1.8,"y":4.11,"width":254,"height":117},"tx/爆气3/1_4":{"path":"tx/爆气3/1_00004","x":1.8,"y":4.11,"width":254,"height":117},"tx/爆气3/1_5":{"path":"tx/爆气3/1_00005","x":1.8,"y":4.11,"width":254,"height":117},"tx/爆气3/1_6":{"path":"tx/爆气3/1_00006","x":1.8,"y":4.11,"width":254,"height":117},"tx/爆气3/1_7":{"path":"tx/爆气3/1_00007","x":1.8,"y":4.11,"width":254,"height":117},"tx/爆气3/1_8":{"path":"tx/爆气3/1_00008","x":1.8,"y":4.11,"width":254,"height":117},"tx/爆气3/1_9":{"path":"tx/爆气3/1_00009","x":1.8,"y":4.11,"width":254,"height":117}},"tx/爆气3/1_2":{"tx/爆气3/1_2":{"path":"tx/爆气3/1_00002","x":1.8,"y":4.11,"width":254,"height":117},"tx/爆气3/1_3":{"path":"tx/爆气3/1_00003","x":1.8,"y":4.11,"width":254,"height":117},"tx/爆气3/1_4":{"path":"tx/爆气3/1_00004","x":1.8,"y":4.11,"width":254,"height":117},"tx/爆气3/1_5":{"path":"tx/爆气3/1_00005","x":1.8,"y":4.11,"width":254,"height":117},"tx/爆气3/1_6":{"path":"tx/爆气3/1_00006","x":1.8,"y":4.11,"width":254,"height":117},"tx/爆气3/1_7":{"path":"tx/爆气3/1_00007","x":1.8,"y":4.11,"width":254,"height":117},"tx/爆气3/1_8":{"path":"tx/爆气3/1_00008","x":1.8,"y":4.11,"width":254,"height":117},"tx/爆气3/1_9":{"path":"tx/爆气3/1_00009","x":1.8,"y":4.11,"width":254,"height":117}},"tx/爆气3/1_3":{"tx/爆气3/1_2":{"path":"tx/爆气3/1_00002","x":1.8,"y":4.11,"width":254,"height":117},"tx/爆气3/1_3":{"path":"tx/爆气3/1_00003","x":1.8,"y":4.11,"width":254,"height":117},"tx/爆气3/1_4":{"path":"tx/爆气3/1_00004","x":1.8,"y":4.11,"width":254,"height":117},"tx/爆气3/1_5":{"path":"tx/爆气3/1_00005","x":1.8,"y":4.11,"width":254,"height":117},"tx/爆气3/1_6":{"path":"tx/爆气3/1_00006","x":1.8,"y":4.11,"width":254,"height":117},"tx/爆气3/1_7":{"path":"tx/爆气3/1_00007","x":1.8,"y":4.11,"width":254,"height":117},"tx/爆气3/1_8":{"path":"tx/爆气3/1_00008","x":1.8,"y":4.11,"width":254,"height":117},"tx/爆气3/1_9":{"path":"tx/爆气3/1_00009","x":1.8,"y":4.11,"width":254,"height":117}},"tx/爆气3/1_4":{"tx/爆气3/1_2":{"path":"tx/爆气3/1_00002","x":1.8,"y":4.11,"width":254,"height":117},"tx/爆气3/1_3":{"path":"tx/爆气3/1_00003","x":1.8,"y":4.11,"width":254,"height":117},"tx/爆气3/1_4":{"path":"tx/爆气3/1_00004","x":1.8,"y":4.11,"width":254,"height":117},"tx/爆气3/1_5":{"path":"tx/爆气3/1_00005","x":1.8,"y":4.11,"width":254,"height":117},"tx/爆气3/1_6":{"path":"tx/爆气3/1_00006","x":1.8,"y":4.11,"width":254,"height":117},"tx/爆气3/1_7":{"path":"tx/爆气3/1_00007","x":1.8,"y":4.11,"width":254,"height":117},"tx/爆气3/1_8":{"path":"tx/爆气3/1_00008","x":1.8,"y":4.11,"width":254,"height":117},"tx/爆气3/1_9":{"path":"tx/爆气3/1_00009","x":1.8,"y":4.11,"width":254,"height":117}},"tx/爆气3/1_5":{"tx/爆气3/1_2":{"path":"tx/爆气3/1_00002","x":1.8,"y":4.11,"width":254,"height":117},"tx/爆气3/1_3":{"path":"tx/爆气3/1_00003","x":1.8,"y":4.11,"width":254,"height":117},"tx/爆气3/1_4":{"path":"tx/爆气3/1_00004","x":1.8,"y":4.11,"width":254,"height":117},"tx/爆气3/1_5":{"path":"tx/爆气3/1_00005","x":1.8,"y":4.11,"width":254,"height":117},"tx/爆气3/1_6":{"path":"tx/爆气3/1_00006","x":1.8,"y":4.11,"width":254,"height":117},"tx/爆气3/1_7":{"path":"tx/爆气3/1_00007","x":1.8,"y":4.11,"width":254,"height":117},"tx/爆气3/1_8":{"path":"tx/爆气3/1_00008","x":1.8,"y":4.11,"width":254,"height":117},"tx/爆气3/1_9":{"path":"tx/爆气3/1_00009","x":1.8,"y":4.11,"width":254,"height":117}},"tx/爆气3/1_6":{"tx/爆气3/1_2":{"path":"tx/爆气3/1_00002","x":1.8,"y":4.11,"width":254,"height":117},"tx/爆气3/1_3":{"path":"tx/爆气3/1_00003","x":1.8,"y":4.11,"width":254,"height":117},"tx/爆气3/1_4":{"path":"tx/爆气3/1_00004","x":1.8,"y":4.11,"width":254,"height":117},"tx/爆气3/1_5":{"path":"tx/爆气3/1_00005","x":1.8,"y":4.11,"width":254,"height":117},"tx/爆气3/1_6":{"path":"tx/爆气3/1_00006","x":1.8,"y":4.11,"width":254,"height":117},"tx/爆气3/1_7":{"path":"tx/爆气3/1_00007","x":1.8,"y":4.11,"width":254,"height":117},"tx/爆气3/1_8":{"path":"tx/爆气3/1_00008","x":1.8,"y":4.11,"width":254,"height":117},"tx/爆气3/1_9":{"path":"tx/爆气3/1_00009","x":1.8,"y":4.11,"width":254,"height":117}},"tx/石头1/1_00003":{"tx/石头1/1_00003":{"x":-1.9,"y":104.68,"width":243,"height":252},"tx/石头1/1_00005":{"x":-1.9,"y":104.68,"width":243,"height":252},"tx/石头1/1_00007":{"x":-1.9,"y":104.68,"width":243,"height":252},"tx/石头1/1_00009":{"x":-1.9,"y":104.68,"width":243,"height":252},"tx/石头1/1_00011":{"x":-1.9,"y":104.68,"width":243,"height":252},"tx/石头1/1_00013":{"x":-1.9,"y":104.68,"width":243,"height":252}},"tx/石头1/1_3":{"tx/石头1/1_00003":{"x":-1.9,"y":104.68,"width":243,"height":252},"tx/石头1/1_00005":{"x":-1.9,"y":104.68,"width":243,"height":252},"tx/石头1/1_00007":{"x":-1.9,"y":104.68,"width":243,"height":252},"tx/石头1/1_00009":{"x":-1.9,"y":104.68,"width":243,"height":252},"tx/石头1/1_00011":{"x":-1.9,"y":104.68,"width":243,"height":252},"tx/石头1/1_00013":{"x":-1.9,"y":104.68,"width":243,"height":252}},"tx/石头1/1_4":{"tx/石头1/1_00003":{"x":-1.9,"y":104.68,"width":243,"height":252},"tx/石头1/1_00005":{"x":-1.9,"y":104.68,"width":243,"height":252},"tx/石头1/1_00007":{"x":-1.9,"y":104.68,"width":243,"height":252},"tx/石头1/1_00009":{"x":-1.9,"y":104.68,"width":243,"height":252},"tx/石头1/1_00011":{"x":-1.9,"y":104.68,"width":243,"height":252},"tx/石头1/1_00013":{"x":-1.9,"y":104.68,"width":243,"height":252}},"tx/石头1/1_5":{"tx/石头1/1_00003":{"x":-1.9,"y":104.68,"width":243,"height":252},"tx/石头1/1_00005":{"x":-1.9,"y":104.68,"width":243,"height":252},"tx/石头1/1_00007":{"x":-1.9,"y":104.68,"width":243,"height":252},"tx/石头1/1_00009":{"x":-1.9,"y":104.68,"width":243,"height":252},"tx/石头1/1_00011":{"x":-1.9,"y":104.68,"width":243,"height":252},"tx/石头1/1_00013":{"x":-1.9,"y":104.68,"width":243,"height":252}},"tx/石头1/1_6":{"tx/石头1/1_00003":{"x":-1.9,"y":104.68,"width":243,"height":252},"tx/石头1/1_00005":{"x":-1.9,"y":104.68,"width":243,"height":252},"tx/石头1/1_00007":{"x":-1.9,"y":104.68,"width":243,"height":252},"tx/石头1/1_00009":{"x":-1.9,"y":104.68,"width":243,"height":252},"tx/石头1/1_00011":{"x":-1.9,"y":104.68,"width":243,"height":252},"tx/石头1/1_00013":{"x":-1.9,"y":104.68,"width":243,"height":252}},"tx/石头1/1_7":{"tx/石头1/1_00003":{"x":-1.9,"y":104.68,"width":243,"height":252},"tx/石头1/1_00005":{"x":-1.9,"y":104.68,"width":243,"height":252},"tx/石头1/1_00007":{"x":-1.9,"y":104.68,"width":243,"height":252},"tx/石头1/1_00009":{"x":-1.9,"y":104.68,"width":243,"height":252},"tx/石头1/1_00011":{"x":-1.9,"y":104.68,"width":243,"height":252},"tx/石头1/1_00013":{"x":-1.9,"y":104.68,"width":243,"height":252}},"斯巴达人物拆分小/武器/gongjian1-2":{"斯巴达人物拆分小/武器/gongjian1-4":{"path":"斯巴达人物拆分小/武器/gongjian1-2","x":77.79,"rotation":-90,"width":24,"height":171},"斯巴达人物拆分小/武器/gongjian1-5":{"type":"mesh","path":"斯巴达人物拆分小/武器/gongjian1-2","uvs":[1,0.16164,1,1,0,1,0,0.15989],"triangles":[0,2,3,0,1,2],"vertices":[135.65,-12,-7.71,-12,-7.71,12,135.94,12],"hull":4,"edges":[2,4,4,6,2,0,6,0],"width":24,"height":171}},"斯巴达人物拆分小/武器/gongjian1-3":{"斯巴达人物拆分小/武器/gongjian1-4":{"path":"斯巴达人物拆分小/武器/gongjian1-2","x":77.79,"rotation":-90,"width":24,"height":171},"斯巴达人物拆分小/武器/gongjian1-5":{"type":"mesh","path":"斯巴达人物拆分小/武器/gongjian1-2","uvs":[1,0.16164,1,1,0,1,0,0.15989],"triangles":[0,2,3,0,1,2],"vertices":[135.65,-12,-7.71,-12,-7.71,12,135.94,12],"hull":4,"edges":[2,4,4,6,2,0,6,0],"width":24,"height":171}},"斯巴达人物拆分小/武器/gongjian1-4":{"斯巴达人物拆分小/武器/gongjian1-4":{"path":"斯巴达人物拆分小/武器/gongjian1-2","x":77.79,"rotation":-90,"width":24,"height":171},"斯巴达人物拆分小/武器/gongjian1-5":{"type":"mesh","path":"斯巴达人物拆分小/武器/gongjian1-2","uvs":[1,0.16164,1,1,0,1,0,0.15989],"triangles":[0,2,3,0,1,2],"vertices":[135.65,-12,-7.71,-12,-7.71,12,135.94,12],"hull":4,"edges":[2,4,4,6,2,0,6,0],"width":24,"height":171}},"斯巴达人物拆分小/武器/gongjian1-5":{"斯巴达人物拆分小/武器/gongjian1-4":{"path":"斯巴达人物拆分小/武器/gongjian1-2","x":77.79,"rotation":-90,"width":24,"height":171},"斯巴达人物拆分小/武器/gongjian1-5":{"type":"mesh","path":"斯巴达人物拆分小/武器/gongjian1-2","uvs":[1,0.16164,1,1,0,1,0,0.15989],"triangles":[0,2,3,0,1,2],"vertices":[135.65,-12,-7.71,-12,-7.71,12,135.94,12],"hull":4,"edges":[2,4,4,6,2,0,6,0],"width":24,"height":171}},"斯巴达人物拆分小/武器/gongjian1-6":{"斯巴达人物拆分小/武器/gongjian1-4":{"path":"斯巴达人物拆分小/武器/gongjian1-2","x":77.79,"rotation":-90,"width":24,"height":171},"斯巴达人物拆分小/武器/gongjian1-5":{"type":"mesh","path":"斯巴达人物拆分小/武器/gongjian1-2","uvs":[1,0.16164,1,1,0,1,0,0.15989],"triangles":[0,2,3,0,1,2],"vertices":[135.65,-12,-7.71,-12,-7.71,12,135.94,12],"hull":4,"edges":[2,4,4,6,2,0,6,0],"width":24,"height":171}},"斯巴达人物拆分小/武器/gongjian1-7":{"斯巴达人物拆分小/武器/gongjian1-4":{"path":"斯巴达人物拆分小/武器/gongjian1-2","x":77.79,"rotation":-90,"width":24,"height":171},"斯巴达人物拆分小/武器/gongjian1-5":{"type":"mesh","path":"斯巴达人物拆分小/武器/gongjian1-2","uvs":[1,0.16164,1,1,0,1,0,0.15989],"triangles":[0,2,3,0,1,2],"vertices":[135.65,-12,-7.71,-12,-7.71,12,135.94,12],"hull":4,"edges":[2,4,4,6,2,0,6,0],"width":24,"height":171}}}}],"animations":{"ARCHER_ATTACK3":{"slots":{"tx/炸点2/1_0":{"attachment":[{"time":0.3333,"name":"tx/炸点2/1_1"},{"time":0.3667,"name":"tx/炸点2/1_2"},{"time":0.4,"name":"tx/炸点2/1_3"},{"time":0.4333,"name":"tx/炸点2/1_4"},{"time":0.4667,"name":"tx/炸点2/1_5"},{"time":0.5,"name":"tx/炸点2/1_6"},{"time":0.5333,"name":"tx/炸点2/1_7"},{"time":0.5667,"name":"tx/炸点2/1_8"},{"time":0.6,"name":null}]},"tx/炸点2/1_00000":{"attachment":[{"time":0.2333,"name":"tx/炸点2/1_1"},{"time":0.2667,"name":"tx/炸点2/1_2"},{"time":0.3,"name":"tx/炸点2/1_3"},{"time":0.3333,"name":"tx/炸点2/1_4"},{"time":0.3667,"name":"tx/炸点2/1_5"},{"time":0.4,"name":"tx/炸点2/1_6"},{"time":0.4333,"name":"tx/炸点2/1_7"},{"time":0.4667,"name":"tx/炸点2/1_8"},{"time":0.5,"name":null}]},"tx/炸点2/1_1":{"attachment":[{"time":0.4667,"name":"tx/炸点2/1_1"},{"time":0.5,"name":"tx/炸点2/1_2"},{"time":0.5333,"name":"tx/炸点2/1_3"},{"time":0.5667,"name":"tx/炸点2/1_5"},{"time":0.6,"name":"tx/炸点2/1_6"},{"time":0.6333,"name":"tx/炸点2/1_7"},{"time":0.6667,"name":"tx/炸点2/1_8"},{"time":0.7,"name":null}]},"tx/炸点2/1_2":{"attachment":[{"time":0.5333,"name":"tx/炸点2/1_1"},{"time":0.5667,"name":"tx/炸点2/1_2"},{"time":0.6,"name":"tx/炸点2/1_3"},{"time":0.6333,"name":"tx/炸点2/1_4"},{"time":0.6667,"name":"tx/炸点2/1_5"},{"time":0.7,"name":"tx/炸点2/1_6"},{"time":0.7333,"name":"tx/炸点2/1_7"},{"time":0.7667,"name":"tx/炸点2/1_8"},{"time":0.8,"name":null}]},"tx/炸点2/1_3":{"attachment":[{"time":0.6333,"name":"tx/炸点2/1_1"},{"time":0.6667,"name":"tx/炸点2/1_2"},{"time":0.7,"name":"tx/炸点2/1_3"},{"time":0.7333,"name":"tx/炸点2/1_4"},{"time":0.7667,"name":"tx/炸点2/1_5"},{"time":0.8,"name":"tx/炸点2/1_6"},{"time":0.8333,"name":"tx/炸点2/1_7"},{"time":0.8667,"name":"tx/炸点2/1_8"},{"time":0.9,"name":null}]},"tx/炸点2/1_4":{"attachment":[{"time":0.7333,"name":"tx/炸点2/1_1"},{"time":0.7667,"name":"tx/炸点2/1_2"},{"time":0.8,"name":"tx/炸点2/1_3"},{"time":0.8333,"name":"tx/炸点2/1_4"},{"time":0.8667,"name":"tx/炸点2/1_5"},{"time":0.9,"name":"tx/炸点2/1_6"},{"time":0.9333,"name":"tx/炸点2/1_7"},{"time":0.9667,"name":"tx/炸点2/1_8"},{"time":1,"name":null}]},"tx/炸点6/1_00005":{"color":[{"color":"ffffffa0"}],"attachment":[{"name":"tx/炸点6/3 (1)2"},{"time":0.0667,"name":"tx/炸点6/3 (2)2"},{"time":0.1333,"name":"tx/炸点6/3 (1)2"},{"time":0.2,"name":"tx/炸点6/3 (2)2"},{"time":0.2667,"name":null}]},"tx/炸点6/1_5":{"color":[{"color":"ffffffff"},{"time":0.1,"color":"ffffffa0"}],"attachment":[{"time":0.1,"name":"tx/炸点6/3 (1)"},{"time":0.1667,"name":"tx/炸点6/3 (2)"},{"time":0.2333,"name":"tx/炸点6/3 (1)"},{"time":0.3,"name":"tx/炸点6/3 (2)"},{"time":0.3667,"name":null}]},"tx/炸点6/1_6":{"color":[{"color":"ffffffff"},{"time":0.2,"color":"ffffffa0"}],"attachment":[{"time":0.2,"name":"tx/炸点6/3 (1)"},{"time":0.2667,"name":"tx/炸点6/3 (2)"},{"time":0.3333,"name":"tx/炸点6/3 (1)"},{"time":0.4,"name":"tx/炸点6/3 (2)"},{"time":0.4667,"name":null}]},"tx/炸点6/1_7":{"color":[{"color":"ffffffff"},{"time":0.3,"color":"ffffffa0"}],"attachment":[{"time":0.3,"name":"tx/炸点6/3 (1)"},{"time":0.3667,"name":"tx/炸点6/3 (2)"},{"time":0.4333,"name":"tx/炸点6/3 (1)"},{"time":0.5,"name":"tx/炸点6/3 (2)"},{"time":0.5667,"name":null}]},"tx/炸点6/1_8":{"color":[{"color":"ffffffff"},{"time":0.4,"color":"ffffffa0"}],"attachment":[{"time":0.4,"name":"tx/炸点6/3 (1)"},{"time":0.4667,"name":"tx/炸点6/3 (2)"},{"time":0.5333,"name":"tx/炸点6/3 (1)"},{"time":0.6,"name":"tx/炸点6/3 (2)"},{"time":0.6667,"name":null}]},"tx/炸点6/1_9":{"color":[{"color":"ffffffff"},{"time":0.5,"color":"ffffffa0"}],"attachment":[{"time":0.5,"name":"tx/炸点6/3 (1)"},{"time":0.5667,"name":"tx/炸点6/3 (2)"},{"time":0.6333,"name":"tx/炸点6/3 (1)"},{"time":0.7,"name":"tx/炸点6/3 (2)"},{"time":0.7667,"name":null}]},"tx/爆气2/2 (1)":{"attachment":[{"time":0.2333,"name":"tx/爆气2/2 (1)2"},{"time":0.2667,"name":"tx/爆气2/2 (3)2"},{"time":0.3,"name":"tx/爆气2/2 (7)2"},{"time":0.3333,"name":"tx/爆气2/2 (9)2"},{"time":0.3667,"name":null}]},"tx/爆气2/2 (1)2":{"attachment":[{"time":0.3333,"name":"tx/爆气2/2 (1)2"},{"time":0.3667,"name":"tx/爆气2/2 (3)2"},{"time":0.4,"name":"tx/爆气2/2 (7)2"},{"time":0.4333,"name":"tx/爆气2/2 (9)2"},{"time":0.4667,"name":null}]},"tx/爆气2/2 (1)3":{"attachment":[{"time":0.4333,"name":"tx/爆气2/2 (1)2"},{"time":0.4667,"name":"tx/爆气2/2 (3)2"},{"time":0.5,"name":"tx/爆气2/2 (7)2"},{"time":0.5333,"name":"tx/爆气2/2 (9)2"},{"time":0.5667,"name":null}]},"tx/爆气2/2 (1)4":{"attachment":[{"time":0.5333,"name":"tx/爆气2/2 (1)2"},{"time":0.5667,"name":"tx/爆气2/2 (3)2"},{"time":0.6,"name":"tx/爆气2/2 (7)2"},{"time":0.6333,"name":"tx/爆气2/2 (9)2"},{"time":0.6667,"name":null}]},"tx/爆气2/2 (1)5":{"attachment":[{"time":0.6333,"name":"tx/爆气2/2 (1)2"},{"time":0.6667,"name":"tx/爆气2/2 (3)2"},{"time":0.7,"name":"tx/爆气2/2 (7)2"},{"time":0.7333,"name":"tx/爆气2/2 (9)2"},{"time":0.7667,"name":null}]},"tx/爆气2/2 (1)6":{"attachment":[{"time":0.7333,"name":"tx/爆气2/2 (1)2"},{"time":0.7667,"name":"tx/爆气2/2 (3)2"},{"time":0.8,"name":"tx/爆气2/2 (7)2"},{"time":0.8333,"name":"tx/爆气2/2 (9)2"},{"time":0.8667,"name":null}]},"tx/爆气3/1_00002":{"attachment":[{"time":0.2667,"name":"tx/爆气3/1_2"},{"time":0.3,"name":"tx/爆气3/1_3"},{"time":0.3333,"name":"tx/爆气3/1_4"},{"time":0.3667,"name":"tx/爆气3/1_5"},{"time":0.4,"name":"tx/爆气3/1_6"},{"time":0.4333,"name":"tx/爆气3/1_7"},{"time":0.4667,"name":"tx/爆气3/1_8"},{"time":0.5,"name":"tx/爆气3/1_9"},{"time":0.5333,"name":null}]},"tx/爆气3/1_2":{"attachment":[{"time":0.3667,"name":"tx/爆气3/1_2"},{"time":0.4,"name":"tx/爆气3/1_3"},{"time":0.4333,"name":"tx/爆气3/1_4"},{"time":0.4667,"name":"tx/爆气3/1_5"},{"time":0.5,"name":"tx/爆气3/1_6"},{"time":0.5333,"name":"tx/爆气3/1_7"},{"time":0.5667,"name":"tx/爆气3/1_8"},{"time":0.6,"name":"tx/爆气3/1_9"},{"time":0.6333,"name":null}]},"tx/爆气3/1_3":{"attachment":[{"time":0.4667,"name":"tx/爆气3/1_2"},{"time":0.5,"name":"tx/爆气3/1_3"},{"time":0.5333,"name":"tx/爆气3/1_4"},{"time":0.5667,"name":"tx/爆气3/1_5"},{"time":0.6,"name":"tx/爆气3/1_6"},{"time":0.6333,"name":"tx/爆气3/1_7"},{"time":0.6667,"name":"tx/爆气3/1_8"},{"time":0.7,"name":"tx/爆气3/1_9"},{"time":0.7333,"name":null}]},"tx/爆气3/1_4":{"attachment":[{"time":0.5667,"name":"tx/爆气3/1_2"},{"time":0.6,"name":"tx/爆气3/1_3"},{"time":0.6333,"name":"tx/爆气3/1_4"},{"time":0.6667,"name":"tx/爆气3/1_5"},{"time":0.7,"name":"tx/爆气3/1_6"},{"time":0.7333,"name":"tx/爆气3/1_7"},{"time":0.7667,"name":"tx/爆气3/1_8"},{"time":0.8,"name":"tx/爆气3/1_9"},{"time":0.8333,"name":null}]},"tx/爆气3/1_5":{"attachment":[{"time":0.6667,"name":"tx/爆气3/1_2"},{"time":0.7,"name":"tx/爆气3/1_3"},{"time":0.7333,"name":"tx/爆气3/1_4"},{"time":0.7667,"name":"tx/爆气3/1_5"},{"time":0.8,"name":"tx/爆气3/1_6"},{"time":0.8333,"name":"tx/爆气3/1_7"},{"time":0.8667,"name":"tx/爆气3/1_8"},{"time":0.9,"name":"tx/爆气3/1_9"},{"time":0.9333,"name":null}]},"tx/爆气3/1_6":{"attachment":[{"time":0.7667,"name":"tx/爆气3/1_2"},{"time":0.8,"name":"tx/爆气3/1_3"},{"time":0.8333,"name":"tx/爆气3/1_4"},{"time":0.8667,"name":"tx/爆气3/1_5"},{"time":0.9,"name":"tx/爆气3/1_6"},{"time":0.9333,"name":"tx/爆气3/1_7"},{"time":0.9667,"name":"tx/爆气3/1_8"},{"time":1,"name":"tx/爆气3/1_9"},{"time":1.0333,"name":null}]},"tx/石头1/1_00003":{"attachment":[{"time":0.3,"name":"tx/石头1/1_00003"},{"time":0.3333,"name":"tx/石头1/1_00005"},{"time":0.3667,"name":"tx/石头1/1_00007"},{"time":0.4,"name":"tx/石头1/1_00009"},{"time":0.4333,"name":"tx/石头1/1_00011"},{"time":0.4667,"name":"tx/石头1/1_00013"},{"time":0.5,"name":null}]},"tx/石头1/1_3":{"attachment":[{"time":0.4,"name":"tx/石头1/1_00003"},{"time":0.4333,"name":"tx/石头1/1_00005"},{"time":0.4667,"name":"tx/石头1/1_00007"},{"time":0.5,"name":"tx/石头1/1_00009"},{"time":0.5333,"name":"tx/石头1/1_00011"},{"time":0.5667,"name":"tx/石头1/1_00013"},{"time":0.6,"name":null}]},"tx/石头1/1_4":{"attachment":[{"time":0.5,"name":"tx/石头1/1_00003"},{"time":0.5333,"name":"tx/石头1/1_00005"},{"time":0.5667,"name":"tx/石头1/1_00007"},{"time":0.6,"name":"tx/石头1/1_00009"},{"time":0.6333,"name":"tx/石头1/1_00011"},{"time":0.6667,"name":"tx/石头1/1_00013"},{"time":0.7,"name":null}]},"tx/石头1/1_5":{"attachment":[{"time":0.5333,"name":"tx/石头1/1_00003"},{"time":0.5667,"name":"tx/石头1/1_00005"},{"time":0.6,"name":"tx/石头1/1_00007"},{"time":0.6333,"name":"tx/石头1/1_00009"},{"time":0.6667,"name":"tx/石头1/1_00011"},{"time":0.7,"name":"tx/石头1/1_00013"},{"time":0.7333,"name":null}]},"tx/石头1/1_6":{"attachment":[{"time":0.7,"name":"tx/石头1/1_00003"},{"time":0.7333,"name":"tx/石头1/1_00005"},{"time":0.7667,"name":"tx/石头1/1_00007"},{"time":0.8,"name":"tx/石头1/1_00009"},{"time":0.8333,"name":"tx/石头1/1_00011"},{"time":0.8667,"name":"tx/石头1/1_00013"},{"time":0.9,"name":null}]},"tx/石头1/1_7":{"attachment":[{"time":0.8,"name":"tx/石头1/1_00003"},{"time":0.8333,"name":"tx/石头1/1_00005"},{"time":0.8667,"name":"tx/石头1/1_00007"},{"time":0.9,"name":"tx/石头1/1_00009"},{"time":0.9333,"name":"tx/石头1/1_00011"},{"time":0.9667,"name":"tx/石头1/1_00013"},{"time":1,"name":null}]},"斯巴达人物拆分小/武器/gongjian1-2":{"color":[{"time":0.5,"color":"ffffffff"},{"time":0.8333,"color":"ffffff00"}],"attachment":[{"name":"斯巴达人物拆分小/武器/gongjian1-4"},{"time":0.2667,"name":"斯巴达人物拆分小/武器/gongjian1-5"}]},"斯巴达人物拆分小/武器/gongjian1-3":{"color":[{"time":0.6,"color":"ffffffff"},{"time":0.9333,"color":"ffffff00"}],"attachment":[{"time":0.1,"name":"斯巴达人物拆分小/武器/gongjian1-4"},{"time":0.3667,"name":"斯巴达人物拆分小/武器/gongjian1-5"}]},"斯巴达人物拆分小/武器/gongjian1-4":{"color":[{"time":0.7,"color":"ffffffff"},{"time":1.0333,"color":"ffffff00"}],"attachment":[{"time":0.2,"name":"斯巴达人物拆分小/武器/gongjian1-4"},{"time":0.4667,"name":"斯巴达人物拆分小/武器/gongjian1-5"}]},"斯巴达人物拆分小/武器/gongjian1-5":{"color":[{"time":0.8,"color":"ffffffff"},{"time":1.1333,"color":"ffffff00"}],"attachment":[{"time":0.3,"name":"斯巴达人物拆分小/武器/gongjian1-4"},{"time":0.5667,"name":"斯巴达人物拆分小/武器/gongjian1-5"}]},"斯巴达人物拆分小/武器/gongjian1-6":{"color":[{"time":0.9,"color":"ffffffff"},{"time":1.2333,"color":"ffffff00"}],"attachment":[{"time":0.4,"name":"斯巴达人物拆分小/武器/gongjian1-4"},{"time":0.6667,"name":"斯巴达人物拆分小/武器/gongjian1-5"}]},"斯巴达人物拆分小/武器/gongjian1-7":{"color":[{"time":1,"color":"ffffffff"},{"time":1.3333,"color":"ffffff00"}],"attachment":[{"time":0.5,"name":"斯巴达人物拆分小/武器/gongjian1-4"},{"time":0.7667,"name":"斯巴达人物拆分小/武器/gongjian1-5"}]}},"bones":{"jian":{"rotate":[{"angle":-90}],"translate":[{"x":1.24,"y":1453.14},{"time":0.2333,"x":1.24,"y":217.45,"curve":"stepped"},{"time":0.2667,"x":1.24,"y":188.64}],"scale":[{},{"time":0.1333,"y":0},{"time":0.2667}]},"root":{"translate":[{"x":167.99}]},"2":{"scale":[{},{"time":0.0667,"x":0.804,"y":1.154},{"time":0.1333},{"time":0.2,"x":0.804,"y":1.154},{"time":0.2667}]},"jian2":{"rotate":[{"time":0.1,"angle":-90}],"translate":[{"y":40.25},{"time":0.1,"x":110.21,"y":1388.37},{"time":0.3333,"x":110.21,"y":204.63,"curve":"stepped"},{"time":0.3667,"x":110.21,"y":175.82}],"scale":[{"time":0.1},{"time":0.2333,"y":0},{"time":0.3667}]},"3":{"scale":[{"time":0.1},{"time":0.1667,"x":0.804,"y":1.154},{"time":0.2333},{"time":0.3,"x":0.804,"y":1.154},{"time":0.3667}]},"jian3":{"rotate":[{"time":0.2,"angle":-90}],"translate":[{"time":0.2,"x":-77.56,"y":1348.12},{"time":0.4333,"x":-77.56,"y":164.38,"curve":"stepped"},{"time":0.4667,"x":-77.56,"y":135.57}],"scale":[{"time":0.2},{"time":0.3333,"y":0},{"time":0.4667}]},"5":{"scale":[{"time":0.2},{"time":0.2667,"x":0.804,"y":1.154},{"time":0.3333},{"time":0.4,"x":0.804,"y":1.154},{"time":0.4667}]},"jian4":{"rotate":[{"time":0.3,"angle":-90}],"translate":[{"y":-40.25},{"time":0.3,"x":57.15,"y":1307.87},{"time":0.5333,"x":57.15,"y":124.13,"curve":"stepped"},{"time":0.5667,"x":57.15,"y":95.32}],"scale":[{"time":0.3},{"time":0.4333,"y":0},{"time":0.5667}]},"7":{"scale":[{"time":0.3},{"time":0.3667,"x":0.804,"y":1.154},{"time":0.4333},{"time":0.5,"x":0.804,"y":1.154},{"time":0.5667}]},"jian5":{"rotate":[{"time":0.4,"angle":-90}],"translate":[{"y":108.63},{"time":0.4,"x":-118.38,"y":1456.74},{"time":0.6333,"x":-118.38,"y":273,"curve":"stepped"},{"time":0.6667,"x":-118.38,"y":244.19}],"scale":[{"time":0.4},{"time":0.5333,"y":0},{"time":0.6667}]},"9":{"scale":[{"time":0.4},{"time":0.4667,"x":0.804,"y":1.154},{"time":0.5333},{"time":0.6,"x":0.804,"y":1.154},{"time":0.6667}]},"jian6":{"rotate":[{"time":0.5,"angle":-90}],"translate":[{"time":0.5,"x":16.33,"y":1348.12},{"time":0.7333,"x":16.33,"y":164.38,"curve":"stepped"},{"time":0.7667,"x":16.33,"y":135.57}],"scale":[{"time":0.5},{"time":0.6333,"y":0},{"time":0.7667}]},"11":{"scale":[{"time":0.5},{"time":0.5667,"x":0.804,"y":1.154},{"time":0.6333},{"time":0.7,"x":0.804,"y":1.154},{"time":0.7667}]},"4":{"translate":[{"x":111.62,"y":40.25}]},"6":{"translate":[{"x":-78.58}]},"8":{"translate":[{"x":57.15,"y":-40.25}]},"10":{"translate":[{"x":-118.77,"y":108.63}]},"12":{"translate":[{"x":16.97}]},"02":{"translate":[{"y":56.29}]}}}}}