{"skeleton":{"hash":"uZVG52pk5CdoMleQr4n9VUbdxJs","spine":"3.8.99","x":-13.29,"y":-12.1,"width":60,"height":27,"images":"../","audio":"D:/work/CryptoGladiator/美术资源/角色/斯巴达人物拆分/斯巴达(标准)"},"bones":[{"name":"root"}],"slots":[{"name":"xiezuo2","bone":"root","attachment":"斯巴达人物拆分/斯巴达(标准)/xiezuo2"}],"skins":[{"name":"a1","attachments":{"xiezuo2":{"斯巴达人物拆分/斯巴达(标准)/xiezuo2":{"name":"斯巴达人物拆分小/斯巴达(标准)/xiezuo2","x":16.71,"y":1.4,"width":60,"height":27}}}},{"name":"a2","attachments":{"xiezuo2":{"斯巴达人物拆分/斯巴达(标准)/xiezuo2":{"name":"斯巴达人物拆分小/1/xiezuo2","x":16.71,"y":1.4,"width":69,"height":30}}}}],"animations":{"a":{}}}