{"skeleton":{"hash":"tEtYV/S0WGss6/hnlsDzp82lI9g","spine":"3.8.99","x":-147.7,"y":-83.62,"width":285.59,"height":199.11,"images":"../","audio":"D:/work/CryptoGladiator/美术资源/角色/斯巴达人物拆分/斯巴达(标准)"},"bones":[{"name":"root"},{"name":"GD_Lweaponback","parent":"root","length":60.64,"rotation":27.26,"color":"0040ffff"},{"name":"TXh11","parent":"GD_Lweaponback","rotation":-27.26,"x":-97.02,"y":-64.87},{"name":"TXh12","parent":"GD_Lweaponback","rotation":-27.26,"x":-97.02,"y":-64.87},{"name":"TXx12","parent":"GD_Lweaponback","rotation":-27.26,"x":45.92,"y":-18.24},{"name":"TXx13","parent":"TXx12"},{"name":"TXx14","parent":"TXx12"},{"name":"TXx15","parent":"GD_Lweaponback","rotation":-27.26,"x":45.92,"y":-18.24},{"name":"TXx16","parent":"TXx15"},{"name":"TXx17","parent":"TXx15"}],"slots":[{"name":"斯巴达人物拆分小/武器/gongjian1-4","bone":"GD_Lweaponback","attachment":"gongjian"},{"name":"tx/冰剑/24","bone":"TXx13"},{"name":"tx/冰剑/27","bone":"TXx16"},{"name":"tx/冰剑/25","bone":"TXx14"},{"name":"tx/冰剑/28","bone":"TXx17"},{"name":"tx/冰剑/23","bone":"TXx12"},{"name":"tx/冰剑/26","bone":"TXx15"},{"name":"tx/火12/1_9","bone":"TXh11","blend":"additive"},{"name":"tx/火12/1_10","bone":"TXh12","blend":"additive"}],"skins":[{"name":"gong1","attachments":{"斯巴达人物拆分小/武器/gongjian1-4":{"gongjian":{"name":"2/弓箭/gong1","x":5.68,"y":20.63,"rotation":-91.04,"width":70,"height":216}}}},{"name":"gong2","attachments":{"斯巴达人物拆分小/武器/gongjian1-4":{"gongjian":{"name":"3/武器/gongjian1-","x":5.68,"y":20.63,"rotation":-91.04,"width":77,"height":208}}}},{"name":"gong3","attachments":{"斯巴达人物拆分小/武器/gongjian1-4":{"gongjian":{"name":"2/弓箭/gong3","x":5.68,"y":20.63,"rotation":-91.04,"width":74,"height":238}}}},{"name":"gong4","attachments":{"斯巴达人物拆分小/武器/gongjian1-4":{"gongjian":{"name":"2/弓箭/gong4","x":1.64,"y":9.23,"rotation":-91.04,"width":91,"height":278}}}},{"name":"gong5","attachments":{"斯巴达人物拆分小/武器/gongjian1-4":{"gongjian":{"name":"2/弓箭/gong5","x":5.68,"y":20.63,"rotation":-91.04,"width":91,"height":268}}}},{"name":"gong6","attachments":{"斯巴达人物拆分小/武器/gongjian1-4":{"gongjian":{"name":"2/弓箭/gong6","x":1.75,"y":-0.15,"rotation":-91.04,"width":76,"height":266}}}},{"name":"gong7","attachments":{"斯巴达人物拆分小/武器/gongjian1-4":{"gongjian":{"name":"2/弓箭/gong7","x":2.9,"y":4.94,"rotation":-91.04,"width":78,"height":242}}}},{"name":"gong8","attachments":{"tx/火12/1_9":{"tx/火12/1_00001":{"name":"tx/火12/1_1","path":"tx/火12/1_00001","x":13.35,"y":53.49,"width":102,"height":109},"tx/火12/1_00002":{"name":"tx/火12/1_2","path":"tx/火12/1_00002","x":13.35,"y":53.49,"width":102,"height":109},"tx/火12/1_00003":{"name":"tx/火12/1_3","path":"tx/火12/1_00003","x":13.35,"y":53.49,"width":102,"height":109},"tx/火12/1_00004":{"name":"tx/火12/1_4","path":"tx/火12/1_00004","x":13.35,"y":53.49,"width":102,"height":109},"tx/火12/1_00005":{"name":"tx/火12/1_5","path":"tx/火12/1_00005","x":13.35,"y":53.49,"width":102,"height":109},"tx/火12/1_00006":{"name":"tx/火12/1_6","path":"tx/火12/1_00006","x":13.35,"y":53.49,"width":102,"height":109},"tx/火12/1_00007":{"name":"tx/火12/1_7","path":"tx/火12/1_00007","x":13.35,"y":53.49,"width":102,"height":109},"tx/火12/1_00008":{"name":"tx/火12/1_8","path":"tx/火12/1_00008","x":13.35,"y":53.49,"width":102,"height":109},"tx/火12/1_00009":{"name":"tx/火12/1_9","path":"tx/火12/1_00009","x":13.35,"y":53.49,"width":102,"height":109},"tx/火12/1_00010":{"name":"tx/火12/1_10","path":"tx/火12/1_00010","x":13.35,"y":53.49,"width":102,"height":109},"tx/火12/1_00011":{"name":"tx/火12/1_11","path":"tx/火12/1_00011","x":13.35,"y":53.49,"width":102,"height":109},"tx/火12/1_00012":{"name":"tx/火12/1_12","path":"tx/火12/1_00012","x":13.35,"y":53.49,"width":102,"height":109},"tx/火12/1_00013":{"name":"tx/火12/1_13","path":"tx/火12/1_00013","x":13.35,"y":53.49,"width":102,"height":109},"tx/火12/1_00014":{"name":"tx/火12/1_14","path":"tx/火12/1_00014","x":13.35,"y":53.49,"width":102,"height":109},"tx/火12/1_00015":{"name":"tx/火12/1_15","path":"tx/火12/1_00015","x":13.35,"y":53.49,"width":102,"height":109},"tx/火12/1_00016":{"name":"tx/火12/1_16","path":"tx/火12/1_00016","x":13.35,"y":53.49,"width":102,"height":109},"tx/火12/1_00017":{"name":"tx/火12/1_17","path":"tx/火12/1_00017","x":13.35,"y":53.49,"width":102,"height":109},"tx/火12/1_00018":{"name":"tx/火12/1_18","path":"tx/火12/1_00018","x":13.35,"y":53.49,"width":102,"height":109},"tx/火12/1_00019":{"name":"tx/火12/1_19","path":"tx/火12/1_00019","x":13.35,"y":53.49,"width":102,"height":109},"tx/火12/1_00020":{"name":"tx/火12/1_20","path":"tx/火12/1_00020","x":13.35,"y":53.49,"width":102,"height":109},"tx/火12/1_00021":{"name":"tx/火12/1_21","path":"tx/火12/1_00021","x":13.35,"y":53.49,"width":102,"height":109},"tx/火12/1_00022":{"name":"tx/火12/1_22","path":"tx/火12/1_00022","x":13.35,"y":53.49,"width":102,"height":109},"tx/火12/1_00023":{"name":"tx/火12/1_23","path":"tx/火12/1_00023","x":13.35,"y":53.49,"width":102,"height":109},"tx/火12/1_00024":{"name":"tx/火12/1_24","path":"tx/火12/1_00024","x":13.35,"y":53.49,"width":102,"height":109},"tx/火12/1_00025":{"name":"tx/火12/1_25","path":"tx/火12/1_00025","x":13.35,"y":53.49,"width":102,"height":109},"tx/火12/1_00026":{"name":"tx/火12/1_26","path":"tx/火12/1_00026","x":13.35,"y":53.49,"width":102,"height":109},"tx/火12/1_00027":{"name":"tx/火12/1_27","path":"tx/火12/1_00027","x":13.35,"y":53.49,"width":102,"height":109},"tx/火12/1_00028":{"name":"tx/火12/1_28","path":"tx/火12/1_00028","x":13.35,"y":53.49,"width":102,"height":109},"tx/火12/1_00029":{"name":"tx/火12/1_29","path":"tx/火12/1_00029","x":13.35,"y":53.49,"width":102,"height":109},"tx/火12/1_00030":{"name":"tx/火12/1_30","path":"tx/火12/1_00030","x":13.35,"y":53.49,"width":102,"height":109},"tx/火12/1_00031":{"name":"tx/火12/1_31","path":"tx/火12/1_00031","x":13.35,"y":53.49,"width":102,"height":109},"tx/火12/1_00032":{"name":"tx/火12/1_32","path":"tx/火12/1_00032","x":13.35,"y":53.49,"width":102,"height":109},"tx/火12/1_00033":{"name":"tx/火12/1_33","path":"tx/火12/1_00033","x":13.35,"y":53.49,"width":102,"height":109},"tx/火12/1_00034":{"name":"tx/火12/1_34","path":"tx/火12/1_00034","x":13.35,"y":53.49,"width":102,"height":109},"tx/火12/1_00035":{"name":"tx/火12/1_35","path":"tx/火12/1_00035","x":13.35,"y":53.49,"width":102,"height":109},"tx/火12/1_00036":{"name":"tx/火12/1_36","path":"tx/火12/1_00036","x":13.35,"y":53.49,"width":102,"height":109},"tx/火12/1_00037":{"name":"tx/火12/1_37","path":"tx/火12/1_00037","x":13.35,"y":53.49,"width":102,"height":109},"tx/火12/1_00038":{"name":"tx/火12/1_38","path":"tx/火12/1_00038","x":13.35,"y":53.49,"width":102,"height":109},"tx/火12/1_00039":{"name":"tx/火12/1_39","path":"tx/火12/1_00039","x":13.35,"y":53.49,"width":102,"height":109},"tx/火12/1_00040":{"name":"tx/火12/1_40","path":"tx/火12/1_00040","x":13.35,"y":53.49,"width":102,"height":109},"tx/火12/1_00041":{"name":"tx/火12/1_41","path":"tx/火12/1_00041","x":13.35,"y":53.49,"width":102,"height":109},"tx/火12/1_00042":{"name":"tx/火12/1_42","path":"tx/火12/1_00042","x":13.35,"y":53.49,"width":102,"height":109},"tx/火12/1_00043":{"name":"tx/火12/1_43","path":"tx/火12/1_00043","x":13.35,"y":53.49,"width":102,"height":109}},"tx/火12/1_10":{"tx/火12/1_00001":{"name":"tx/火12/1_1","path":"tx/火12/1_00001","x":13.35,"y":53.49,"width":102,"height":109},"tx/火12/1_00002":{"name":"tx/火12/1_2","path":"tx/火12/1_00002","x":13.35,"y":53.49,"width":102,"height":109},"tx/火12/1_00003":{"name":"tx/火12/1_3","path":"tx/火12/1_00003","x":13.35,"y":53.49,"width":102,"height":109},"tx/火12/1_00004":{"name":"tx/火12/1_4","path":"tx/火12/1_00004","x":13.35,"y":53.49,"width":102,"height":109},"tx/火12/1_00005":{"name":"tx/火12/1_5","path":"tx/火12/1_00005","x":13.35,"y":53.49,"width":102,"height":109},"tx/火12/1_00006":{"name":"tx/火12/1_6","path":"tx/火12/1_00006","x":13.35,"y":53.49,"width":102,"height":109},"tx/火12/1_00007":{"name":"tx/火12/1_7","path":"tx/火12/1_00007","x":13.35,"y":53.49,"width":102,"height":109},"tx/火12/1_00008":{"name":"tx/火12/1_8","path":"tx/火12/1_00008","x":13.35,"y":53.49,"width":102,"height":109},"tx/火12/1_00009":{"name":"tx/火12/1_9","path":"tx/火12/1_00009","x":13.35,"y":53.49,"width":102,"height":109},"tx/火12/1_00010":{"name":"tx/火12/1_10","path":"tx/火12/1_00010","x":13.35,"y":53.49,"width":102,"height":109},"tx/火12/1_00011":{"name":"tx/火12/1_11","path":"tx/火12/1_00011","x":13.35,"y":53.49,"width":102,"height":109},"tx/火12/1_00012":{"name":"tx/火12/1_12","path":"tx/火12/1_00012","x":13.35,"y":53.49,"width":102,"height":109},"tx/火12/1_00013":{"name":"tx/火12/1_13","path":"tx/火12/1_00013","x":13.35,"y":53.49,"width":102,"height":109},"tx/火12/1_00014":{"name":"tx/火12/1_14","path":"tx/火12/1_00014","x":13.35,"y":53.49,"width":102,"height":109},"tx/火12/1_00015":{"name":"tx/火12/1_15","path":"tx/火12/1_00015","x":13.35,"y":53.49,"width":102,"height":109},"tx/火12/1_00016":{"name":"tx/火12/1_16","path":"tx/火12/1_00016","x":13.35,"y":53.49,"width":102,"height":109},"tx/火12/1_00017":{"name":"tx/火12/1_17","path":"tx/火12/1_00017","x":13.35,"y":53.49,"width":102,"height":109},"tx/火12/1_00018":{"name":"tx/火12/1_18","path":"tx/火12/1_00018","x":13.35,"y":53.49,"width":102,"height":109},"tx/火12/1_00019":{"name":"tx/火12/1_19","path":"tx/火12/1_00019","x":13.35,"y":53.49,"width":102,"height":109},"tx/火12/1_00020":{"name":"tx/火12/1_20","path":"tx/火12/1_00020","x":13.35,"y":53.49,"width":102,"height":109},"tx/火12/1_00021":{"name":"tx/火12/1_21","path":"tx/火12/1_00021","x":13.35,"y":53.49,"width":102,"height":109},"tx/火12/1_00022":{"name":"tx/火12/1_22","path":"tx/火12/1_00022","x":13.35,"y":53.49,"width":102,"height":109},"tx/火12/1_00023":{"name":"tx/火12/1_23","path":"tx/火12/1_00023","x":13.35,"y":53.49,"width":102,"height":109},"tx/火12/1_00024":{"name":"tx/火12/1_24","path":"tx/火12/1_00024","x":13.35,"y":53.49,"width":102,"height":109},"tx/火12/1_00025":{"name":"tx/火12/1_25","path":"tx/火12/1_00025","x":13.35,"y":53.49,"width":102,"height":109},"tx/火12/1_00026":{"name":"tx/火12/1_26","path":"tx/火12/1_00026","x":13.35,"y":53.49,"width":102,"height":109},"tx/火12/1_00027":{"name":"tx/火12/1_27","path":"tx/火12/1_00027","x":13.35,"y":53.49,"width":102,"height":109},"tx/火12/1_00028":{"name":"tx/火12/1_28","path":"tx/火12/1_00028","x":13.35,"y":53.49,"width":102,"height":109},"tx/火12/1_00029":{"name":"tx/火12/1_29","path":"tx/火12/1_00029","x":13.35,"y":53.49,"width":102,"height":109},"tx/火12/1_00030":{"name":"tx/火12/1_30","path":"tx/火12/1_00030","x":13.35,"y":53.49,"width":102,"height":109},"tx/火12/1_00031":{"name":"tx/火12/1_31","path":"tx/火12/1_00031","x":13.35,"y":53.49,"width":102,"height":109},"tx/火12/1_00032":{"name":"tx/火12/1_32","path":"tx/火12/1_00032","x":13.35,"y":53.49,"width":102,"height":109},"tx/火12/1_00033":{"name":"tx/火12/1_33","path":"tx/火12/1_00033","x":13.35,"y":53.49,"width":102,"height":109},"tx/火12/1_00034":{"name":"tx/火12/1_34","path":"tx/火12/1_00034","x":13.35,"y":53.49,"width":102,"height":109},"tx/火12/1_00035":{"name":"tx/火12/1_35","path":"tx/火12/1_00035","x":13.35,"y":53.49,"width":102,"height":109},"tx/火12/1_00036":{"name":"tx/火12/1_36","path":"tx/火12/1_00036","x":13.35,"y":53.49,"width":102,"height":109},"tx/火12/1_00037":{"name":"tx/火12/1_37","path":"tx/火12/1_00037","x":13.35,"y":53.49,"width":102,"height":109},"tx/火12/1_00038":{"name":"tx/火12/1_38","path":"tx/火12/1_00038","x":13.35,"y":53.49,"width":102,"height":109},"tx/火12/1_00039":{"name":"tx/火12/1_39","path":"tx/火12/1_00039","x":13.35,"y":53.49,"width":102,"height":109},"tx/火12/1_00040":{"name":"tx/火12/1_40","path":"tx/火12/1_00040","x":13.35,"y":53.49,"width":102,"height":109},"tx/火12/1_00041":{"name":"tx/火12/1_41","path":"tx/火12/1_00041","x":13.35,"y":53.49,"width":102,"height":109},"tx/火12/1_00042":{"name":"tx/火12/1_42","path":"tx/火12/1_00042","x":13.35,"y":53.49,"width":102,"height":109},"tx/火12/1_00043":{"name":"tx/火12/1_43","path":"tx/火12/1_00043","x":13.35,"y":53.49,"width":102,"height":109}},"斯巴达人物拆分小/武器/gongjian1-4":{"gongjian":{"name":"2/弓箭/火/gong8","x":2.94,"y":16.41,"rotation":-91.04,"width":86,"height":276}}}},{"name":"gong9","attachments":{"斯巴达人物拆分小/武器/gongjian1-4":{"gongjian":{"name":"2/弓箭/电/gong9","x":0.84,"y":10.11,"rotation":-91.04,"width":92,"height":308}}}},{"name":"gong10","attachments":{"tx/冰剑/23":{"tx/冰剑/12":{"name":"tx/冰剑/14","path":"tx/冰剑/12","x":4.91,"y":0.64,"width":209,"height":203}},"tx/冰剑/24":{"tx/冰剑/11":{"name":"tx/冰剑/13","path":"tx/冰剑/11","x":-0.22,"y":0.27,"width":42,"height":41}},"tx/冰剑/25":{"tx/冰剑/11":{"name":"tx/冰剑/13","path":"tx/冰剑/11","x":-0.22,"y":0.27,"width":42,"height":41}},"tx/冰剑/26":{"tx/冰剑/12":{"name":"tx/冰剑/14","path":"tx/冰剑/12","x":4.91,"y":0.64,"width":209,"height":203}},"tx/冰剑/27":{"tx/冰剑/11":{"name":"tx/冰剑/13","path":"tx/冰剑/11","x":-0.22,"y":0.27,"width":42,"height":41}},"tx/冰剑/28":{"tx/冰剑/11":{"name":"tx/冰剑/13","path":"tx/冰剑/11","x":-0.22,"y":0.27,"width":42,"height":41}},"斯巴达人物拆分小/武器/gongjian1-4":{"gongjian":{"name":"2/弓箭/冰/gong10","x":2.26,"y":21.32,"rotation":-91.04,"width":104,"height":328}}}}],"animations":{"IDLE0":{"slots":{"tx/冰剑/23":{"color":[{"color":"ffffff74","curve":0.25,"c3":0.75},{"time":1.4,"color":"22f6ffbd","curve":0.25,"c3":0.75},{"time":2.8,"color":"ffffff74"}],"attachment":[{"name":"tx/冰剑/12"}]},"tx/冰剑/24":{"color":[{"color":"ffffffff"},{"time":1.7667,"color":"ffffff00","curve":"stepped"},{"time":2.7667,"color":"ffffff00","curve":"stepped"},{"time":2.8,"color":"ffffffff"}],"attachment":[{"name":"tx/冰剑/11"}]},"tx/冰剑/25":{"color":[{"time":0.9,"color":"ffffffff"},{"time":2.7667,"color":"ffffff00","curve":"stepped"},{"time":2.8,"color":"ffffffff"}],"attachment":[{"name":"tx/冰剑/11"}]},"tx/冰剑/26":{"color":[{"color":"25f6ffbb","curve":0.27,"c2":0.09,"c3":0.753},{"time":1.3333,"color":"ffffff74","curve":0.25,"c3":0.75},{"time":2.7333,"color":"22f6ffbd","curve":0.319,"c3":0.652,"c4":0.34},{"time":2.8,"color":"25f6ffbb"}],"attachment":[{"name":"tx/冰剑/12"}]},"tx/冰剑/27":{"color":[{"color":"ffffff2b"},{"time":0.3,"color":"ffffff00","curve":"stepped"},{"time":1.3,"color":"ffffff00","curve":"stepped"},{"time":1.3333,"color":"ffffffff"},{"time":2.8,"color":"ffffff2b"}],"attachment":[{"name":"tx/冰剑/11"},{"time":1.3,"name":null},{"time":1.3333,"name":"tx/冰剑/11"}]},"tx/冰剑/28":{"color":[{"color":"ffffffb1"},{"time":1.3,"color":"ffffff00","curve":"stepped"},{"time":1.3333,"color":"ffffffff","curve":"stepped"},{"time":2.2333,"color":"ffffffff"},{"time":2.8,"color":"ffffffb1"}],"attachment":[{"name":"tx/冰剑/11"},{"time":1.3,"name":null},{"time":1.3333,"name":"tx/冰剑/11"}]},"tx/火12/1_9":{"attachment":[{"name":"tx/火12/1_00031"},{"time":0.0333,"name":"tx/火12/1_00032"},{"time":0.0667,"name":"tx/火12/1_00033"},{"time":0.1,"name":"tx/火12/1_00034"},{"time":0.1333,"name":"tx/火12/1_00035"},{"time":0.1667,"name":"tx/火12/1_00036"},{"time":0.2,"name":"tx/火12/1_00037"},{"time":0.2333,"name":"tx/火12/1_00038"},{"time":0.2667,"name":"tx/火12/1_00039"},{"time":0.3,"name":"tx/火12/1_00040"},{"time":0.3333,"name":"tx/火12/1_00041"},{"time":0.3667,"name":"tx/火12/1_00042"},{"time":0.4,"name":"tx/火12/1_00043"},{"time":0.4333,"name":"tx/火12/1_00001"},{"time":0.4667,"name":"tx/火12/1_00002"},{"time":0.5,"name":"tx/火12/1_00003"},{"time":0.5333,"name":"tx/火12/1_00004"},{"time":0.5667,"name":"tx/火12/1_00005"},{"time":0.6,"name":"tx/火12/1_00006"},{"time":0.6333,"name":"tx/火12/1_00007"},{"time":0.6667,"name":"tx/火12/1_00008"},{"time":0.7,"name":"tx/火12/1_00009"},{"time":0.7333,"name":"tx/火12/1_00010"},{"time":0.7667,"name":"tx/火12/1_00011"},{"time":0.8,"name":"tx/火12/1_00012"},{"time":0.8333,"name":"tx/火12/1_00013"},{"time":0.8667,"name":"tx/火12/1_00014"},{"time":0.9,"name":"tx/火12/1_00015"},{"time":0.9333,"name":"tx/火12/1_00016"},{"time":0.9667,"name":"tx/火12/1_00017"},{"time":1,"name":"tx/火12/1_00018"},{"time":1.0333,"name":"tx/火12/1_00019"},{"time":1.0667,"name":"tx/火12/1_00020"},{"time":1.1,"name":"tx/火12/1_00021"},{"time":1.1333,"name":"tx/火12/1_00022"},{"time":1.1667,"name":"tx/火12/1_00023"},{"time":1.2,"name":"tx/火12/1_00024"},{"time":1.2333,"name":"tx/火12/1_00025"},{"time":1.2667,"name":"tx/火12/1_00026"},{"time":1.3,"name":"tx/火12/1_00027"},{"time":1.3333,"name":"tx/火12/1_00028"},{"time":1.3667,"name":"tx/火12/1_00029"},{"time":1.4,"name":"tx/火12/1_00030"},{"time":1.4333,"name":"tx/火12/1_00031"},{"time":1.4667,"name":"tx/火12/1_00032"},{"time":1.5,"name":"tx/火12/1_00033"},{"time":1.5333,"name":"tx/火12/1_00034"},{"time":1.5667,"name":"tx/火12/1_00035"},{"time":1.6,"name":"tx/火12/1_00036"},{"time":1.6333,"name":"tx/火12/1_00037"},{"time":1.6667,"name":"tx/火12/1_00038"},{"time":1.7,"name":"tx/火12/1_00039"},{"time":1.7333,"name":"tx/火12/1_00040"},{"time":1.7667,"name":"tx/火12/1_00041"},{"time":1.8,"name":"tx/火12/1_00042"},{"time":1.8333,"name":"tx/火12/1_00043"},{"time":1.8667,"name":"tx/火12/1_00001"},{"time":1.9,"name":"tx/火12/1_00002"},{"time":1.9333,"name":"tx/火12/1_00003"},{"time":1.9667,"name":"tx/火12/1_00004"},{"time":2,"name":"tx/火12/1_00005"},{"time":2.0333,"name":"tx/火12/1_00006"},{"time":2.0667,"name":"tx/火12/1_00007"},{"time":2.1,"name":"tx/火12/1_00008"},{"time":2.1333,"name":"tx/火12/1_00009"},{"time":2.1667,"name":"tx/火12/1_00010"},{"time":2.2,"name":"tx/火12/1_00011"},{"time":2.2333,"name":"tx/火12/1_00012"},{"time":2.2667,"name":"tx/火12/1_00013"},{"time":2.3,"name":"tx/火12/1_00014"},{"time":2.3333,"name":"tx/火12/1_00015"},{"time":2.3667,"name":"tx/火12/1_00016"},{"time":2.4,"name":"tx/火12/1_00017"},{"time":2.4333,"name":"tx/火12/1_00018"},{"time":2.4667,"name":"tx/火12/1_00019"},{"time":2.5,"name":"tx/火12/1_00020"},{"time":2.5333,"name":"tx/火12/1_00021"},{"time":2.5667,"name":"tx/火12/1_00022"},{"time":2.6,"name":"tx/火12/1_00023"},{"time":2.6333,"name":"tx/火12/1_00024"},{"time":2.6667,"name":"tx/火12/1_00025"},{"time":2.7,"name":"tx/火12/1_00026"},{"time":2.7333,"name":"tx/火12/1_00027"},{"time":2.7667,"name":"tx/火12/1_00028"},{"time":2.8,"name":"tx/火12/1_00029"}]},"tx/火12/1_10":{"attachment":[{"name":"tx/火12/1_00043"},{"time":0.0333,"name":"tx/火12/1_00001"},{"time":0.0667,"name":"tx/火12/1_00002"},{"time":0.1,"name":"tx/火12/1_00003"},{"time":0.1333,"name":"tx/火12/1_00004"},{"time":0.1667,"name":"tx/火12/1_00005"},{"time":0.2,"name":"tx/火12/1_00006"},{"time":0.2333,"name":"tx/火12/1_00008"},{"time":0.2667,"name":"tx/火12/1_00009"},{"time":0.3,"name":"tx/火12/1_00010"},{"time":0.3333,"name":"tx/火12/1_00011"},{"time":0.3667,"name":"tx/火12/1_00012"},{"time":0.4,"name":"tx/火12/1_00013"},{"time":0.4333,"name":"tx/火12/1_00014"},{"time":0.4667,"name":"tx/火12/1_00015"},{"time":0.5,"name":"tx/火12/1_00016"},{"time":0.5333,"name":"tx/火12/1_00017"},{"time":0.5667,"name":"tx/火12/1_00018"},{"time":0.6,"name":"tx/火12/1_00019"},{"time":0.6333,"name":"tx/火12/1_00020"},{"time":0.6667,"name":"tx/火12/1_00021"},{"time":0.7,"name":"tx/火12/1_00022"},{"time":0.7333,"name":"tx/火12/1_00023"},{"time":0.7667,"name":"tx/火12/1_00024"},{"time":0.8,"name":"tx/火12/1_00025"},{"time":0.8333,"name":"tx/火12/1_00026"},{"time":0.8667,"name":"tx/火12/1_00027"},{"time":0.9,"name":"tx/火12/1_00028"},{"time":0.9333,"name":"tx/火12/1_00029"},{"time":0.9667,"name":"tx/火12/1_00030"},{"time":1,"name":"tx/火12/1_00031"},{"time":1.0333,"name":"tx/火12/1_00032"},{"time":1.0667,"name":"tx/火12/1_00033"},{"time":1.1,"name":"tx/火12/1_00034"},{"time":1.1333,"name":"tx/火12/1_00035"},{"time":1.1667,"name":"tx/火12/1_00036"},{"time":1.2,"name":"tx/火12/1_00037"},{"time":1.2333,"name":"tx/火12/1_00038"},{"time":1.2667,"name":"tx/火12/1_00039"},{"time":1.3,"name":"tx/火12/1_00040"},{"time":1.3333,"name":"tx/火12/1_00041"},{"time":1.3667,"name":"tx/火12/1_00042"},{"time":1.4,"name":"tx/火12/1_00043"},{"time":1.4333,"name":"tx/火12/1_00001"},{"time":1.4667,"name":"tx/火12/1_00002"},{"time":1.5,"name":"tx/火12/1_00003"},{"time":1.5333,"name":"tx/火12/1_00004"},{"time":1.5667,"name":"tx/火12/1_00005"},{"time":1.6,"name":"tx/火12/1_00006"},{"time":1.6333,"name":"tx/火12/1_00007"},{"time":1.6667,"name":"tx/火12/1_00008"},{"time":1.7,"name":"tx/火12/1_00009"},{"time":1.7333,"name":"tx/火12/1_00010"},{"time":1.7667,"name":"tx/火12/1_00011"},{"time":1.8,"name":"tx/火12/1_00012"},{"time":1.8333,"name":"tx/火12/1_00013"},{"time":1.8667,"name":"tx/火12/1_00014"},{"time":1.9,"name":"tx/火12/1_00015"},{"time":1.9333,"name":"tx/火12/1_00016"},{"time":1.9667,"name":"tx/火12/1_00017"},{"time":2,"name":"tx/火12/1_00018"},{"time":2.0333,"name":"tx/火12/1_00019"},{"time":2.0667,"name":"tx/火12/1_00020"},{"time":2.1,"name":"tx/火12/1_00021"},{"time":2.1333,"name":"tx/火12/1_00022"},{"time":2.1667,"name":"tx/火12/1_00023"},{"time":2.2,"name":"tx/火12/1_00024"},{"time":2.2333,"name":"tx/火12/1_00025"},{"time":2.2667,"name":"tx/火12/1_00026"},{"time":2.3,"name":"tx/火12/1_00027"},{"time":2.3333,"name":"tx/火12/1_00028"},{"time":2.3667,"name":"tx/火12/1_00029"},{"time":2.4,"name":"tx/火12/1_00031"},{"time":2.4333,"name":"tx/火12/1_00032"},{"time":2.4667,"name":"tx/火12/1_00033"},{"time":2.5,"name":"tx/火12/1_00034"},{"time":2.5333,"name":"tx/火12/1_00035"},{"time":2.5667,"name":"tx/火12/1_00036"},{"time":2.6,"name":"tx/火12/1_00037"},{"time":2.6333,"name":"tx/火12/1_00038"},{"time":2.6667,"name":"tx/火12/1_00039"},{"time":2.7,"name":"tx/火12/1_00040"},{"time":2.7333,"name":"tx/火12/1_00041"},{"time":2.7667,"name":"tx/火12/1_00042"},{"time":2.8,"name":"tx/火12/1_00043"}]}},"bones":{"TXh11":{"rotate":[{"angle":3.3}],"translate":[{"x":191.87,"y":51.13}],"scale":[{"x":1.115,"y":1.416}],"shear":[{"x":35.74,"y":11.2}]},"TXh12":{"rotate":[{"angle":3.3}],"translate":[{"x":21.78,"y":49.76}],"scale":[{"x":0.933,"y":1.416}],"shear":[{"x":-5.63,"y":47.35}]},"TXx12":{"translate":[{"x":45.59,"y":38.85}],"scale":[{"curve":0.25,"c3":0.75},{"time":1.4,"x":1.18,"y":1.18,"curve":0.25,"c3":0.75},{"time":2.8}]},"TXx13":{"rotate":[{},{"time":1.7667,"angle":96.77,"curve":"stepped"},{"time":2.7667,"angle":96.77,"curve":"stepped"},{"time":2.8}],"translate":[{},{"time":1.7667,"x":19.72,"y":-72.31,"curve":"stepped"},{"time":2.7667,"x":19.72,"y":-72.31,"curve":"stepped"},{"time":2.8}]},"TXx14":{"rotate":[{"time":0.9},{"time":2.7667,"angle":96.77,"curve":"stepped"},{"time":2.8}],"translate":[{},{"time":0.9,"x":9.52,"y":17.92},{"time":2.7667,"x":59.33,"y":27.86,"curve":"stepped"},{"time":2.8}],"scale":[{"x":0.8,"y":0.8}]},"TXx15":{"rotate":[{"angle":-110.4}],"translate":[{"x":-84.26,"y":16.75}],"scale":[{"x":1.177,"y":1.177,"curve":0.27,"c2":0.09,"c3":0.753},{"time":1.3333,"curve":0.25,"c3":0.75},{"time":2.7333,"x":1.18,"y":1.18,"curve":0.319,"c3":0.652,"c4":0.34},{"time":2.8,"x":1.177,"y":1.177}]},"TXx16":{"rotate":[{"angle":80.34},{"time":0.3,"angle":96.77,"curve":"stepped"},{"time":1.3,"angle":96.77,"curve":"stepped"},{"time":1.3333},{"time":2.8,"angle":80.34}],"translate":[{"x":16.37,"y":-60.03},{"time":0.3,"x":19.72,"y":-72.31,"curve":"stepped"},{"time":1.3,"x":19.72,"y":-72.31,"curve":"stepped"},{"time":1.3333},{"time":2.8,"x":16.37,"y":-60.03}]},"TXx17":{"rotate":[{"angle":29.38},{"time":1.3,"angle":96.77,"curve":"stepped"},{"time":1.3333,"curve":"stepped"},{"time":2.2333},{"time":2.8,"angle":29.38}],"translate":[{"x":24.64,"y":20.94},{"time":1.3,"x":59.33,"y":27.86,"curve":"stepped"},{"time":1.3333},{"time":2.2333,"x":9.52,"y":17.92},{"time":2.8,"x":24.64,"y":20.94}],"scale":[{"x":0.8,"y":0.8}]}}}}}