{"skeleton":{"hash":"ZGinGZO2H3iENo/+J3Vvyuut8IA","spine":"3.8.99","images":"../","audio":"D:/work/CryptoGladiator/美术资源/角色/spine"},"bones":[{"name":"root"}],"slots":[{"name":"tx/火17/1_00002","bone":"root"}],"skins":[{"name":"default","attachments":{"tx/火17/1_00002":{"tx/火17/1_00002":{"y":100.9,"width":182,"height":247},"tx/火17/1_00003":{"y":100.9,"width":182,"height":247},"tx/火17/1_00004":{"y":100.9,"width":182,"height":247},"tx/火17/1_00005":{"y":100.9,"width":182,"height":247},"tx/火17/1_00006":{"y":100.9,"width":182,"height":247},"tx/火17/1_00007":{"y":100.9,"width":182,"height":247},"tx/火17/1_00008":{"y":100.9,"width":182,"height":247},"tx/火17/1_00009":{"y":100.9,"width":182,"height":247},"tx/火17/1_00010":{"y":100.9,"width":182,"height":247},"tx/火17/1_00011":{"y":100.9,"width":182,"height":247},"tx/火17/1_00012":{"y":100.9,"width":182,"height":247},"tx/火17/1_00013":{"y":100.9,"width":182,"height":247},"tx/火17/1_00014":{"y":100.9,"width":182,"height":247},"tx/火17/1_00015":{"y":100.9,"width":182,"height":247},"tx/火17/1_00016":{"y":100.9,"width":182,"height":247},"tx/火17/1_00017":{"y":100.9,"width":182,"height":247},"tx/火17/1_00018":{"y":100.9,"width":182,"height":247},"tx/火17/1_00019":{"y":100.9,"width":182,"height":247},"tx/火17/1_00020":{"y":100.9,"width":182,"height":247},"tx/火17/1_00021":{"y":100.9,"width":182,"height":247},"tx/火17/1_00022":{"y":100.9,"width":182,"height":247},"tx/火17/1_00024":{"y":100.9,"width":182,"height":247},"tx/火17/1_00026":{"y":100.9,"width":182,"height":247},"tx/火17/1_00028":{"y":100.9,"width":182,"height":247},"tx/火17/1_00030":{"y":100.9,"width":182,"height":247},"tx/火17/1_00032":{"y":100.9,"width":182,"height":247},"tx/火17/1_00034":{"y":100.9,"width":182,"height":247},"tx/火17/1_00036":{"y":100.9,"width":182,"height":247}}}}],"animations":{"ARCHER_ATTACK10":{"slots":{"tx/火17/1_00002":{"attachment":[{"name":"tx/火17/1_00002"},{"time":0.0333,"name":"tx/火17/1_00003"},{"time":0.0667,"name":"tx/火17/1_00004"},{"time":0.1,"name":"tx/火17/1_00005"},{"time":0.1333,"name":"tx/火17/1_00006"},{"time":0.1667,"name":"tx/火17/1_00007"},{"time":0.2,"name":"tx/火17/1_00008"},{"time":0.2333,"name":"tx/火17/1_00009"},{"time":0.2667,"name":"tx/火17/1_00010"},{"time":0.3,"name":"tx/火17/1_00011"},{"time":0.3333,"name":"tx/火17/1_00012"},{"time":0.3667,"name":"tx/火17/1_00013"},{"time":0.4,"name":"tx/火17/1_00014"},{"time":0.4333,"name":"tx/火17/1_00015"},{"time":0.4667,"name":"tx/火17/1_00016"},{"time":0.5,"name":"tx/火17/1_00017"},{"time":0.5333,"name":"tx/火17/1_00018"},{"time":0.5667,"name":"tx/火17/1_00019"},{"time":0.6,"name":"tx/火17/1_00020"},{"time":0.6333,"name":"tx/火17/1_00021"},{"time":0.6667,"name":"tx/火17/1_00022"},{"time":0.7,"name":"tx/火17/1_00024"},{"time":0.7333,"name":"tx/火17/1_00026"},{"time":0.7667,"name":"tx/火17/1_00028"},{"time":0.8,"name":"tx/火17/1_00030"},{"time":0.8333,"name":"tx/火17/1_00032"},{"time":0.8667,"name":"tx/火17/1_00034"},{"time":0.9,"name":"tx/火17/1_00036"},{"time":0.9333,"name":null}]}},"bones":{"root":{"scale":[{"x":0.5,"y":0.5},{"time":0.1667,"x":1.5,"y":1.5}]}}}}}