{"skeleton":{"hash":"AharYGdKTLLemRt9EQb91SLj2js","spine":"3.8.99","x":-191.17,"y":-118.33,"width":254,"height":226.97,"images":"../","audio":""},"bones":[{"name":"root"},{"name":"jian","parent":"root","x":-157.64}],"slots":[{"name":"斯巴达人物拆分小/武器/gongjian1-2","bone":"jian","attachment":"斯巴达人物拆分小/武器/gongjian1-3"},{"name":"tx/炸点5/2 (1)","bone":"root","attachment":"tx/炸点5/2 (8)2","blend":"additive"}],"skins":[{"name":"default","attachments":{"tx/炸点5/2 (1)":{"tx/炸点5/2 (6)2":{"path":"tx/炸点5/2 (6)","x":-30.26,"y":-3.28,"scaleX":1.0093,"scaleY":1.0093,"width":254,"height":143},"tx/炸点5/2 (7)2":{"path":"tx/炸点5/2 (7)","x":-58.52,"y":-3.28,"width":254,"height":143},"tx/炸点5/2 (8)2":{"path":"tx/炸点5/2 (8)","x":-64.17,"y":-4.85,"scaleY":1.5872,"width":254,"height":143}},"斯巴达人物拆分小/武器/gongjian1-2":{"斯巴达人物拆分小/武器/gongjian1-3":{"path":"斯巴达人物拆分小/武器/gongjian1-2","x":77.79,"rotation":-90,"width":24,"height":171}}}}],"animations":{"ARCHER_ATTACK":{"slots":{"tx/炸点5/2 (1)":{"color":[{"color":"ffffff88"}],"attachment":[{"name":"tx/炸点5/2 (6)2"},{"time":0.0333,"name":"tx/炸点5/2 (7)2"},{"time":0.0667,"name":"tx/炸点5/2 (8)2"},{"time":0.1,"name":"tx/炸点5/2 (6)2"},{"time":0.1333,"name":"tx/炸点5/2 (7)2"},{"time":0.1667,"name":"tx/炸点5/2 (8)2"},{"time":0.2,"name":"tx/炸点5/2 (6)2"},{"time":0.2333,"name":"tx/炸点5/2 (7)2"},{"time":0.2667,"name":"tx/炸点5/2 (8)2"}]}},"bones":{"jian":{"scale":[{},{"time":0.1333,"y":0},{"time":0.2667}]}}}}}