{"skeleton":{"hash":"/T+CMCSQCzIX5Jjbd6H4D/9Jg88","spine":"3.8.99","x":-20.96,"y":-57.4,"width":38,"height":48,"images":"../","audio":"D:/work/CryptoGladiator/美术资源/角色/斯巴达人物拆分/斯巴达(标准)"},"bones":[{"name":"root"}],"slots":[{"name":"xiezuo1","bone":"root","attachment":"斯巴达人物拆分/斯巴达(标准)/xiezuo1"}],"skins":[{"name":"a1","attachments":{"xiezuo1":{"斯巴达人物拆分/斯巴达(标准)/xiezuo1":{"name":"斯巴达人物拆分小/斯巴达(标准)/xiezuo1","x":-1.96,"y":-33.4,"width":38,"height":48}}}},{"name":"a2","attachments":{"xiezuo1":{"斯巴达人物拆分/斯巴达(标准)/xiezuo1":{"name":"斯巴达人物拆分小/1/xiezuo1","x":-0.9,"y":-29.65,"width":39,"height":49}}}}],"animations":{"a":{}}}