{"skeleton":{"hash":"8Zhy/dXhsLAa2FaSlc/tAh5JWDM","spine":"3.8.99","images":"D:/tx/","audio":""},"bones":[{"name":"root","scaleX":2.0772,"scaleY":1.1576},{"name":"骨骼","parent":"root","y":5.34,"scaleX":0.246,"scaleY":0.2185}],"slots":[{"name":"爆气5/1_00000","bone":"root","blend":"additive"},{"name":"爆气5/1_00033","bone":"骨骼","color":"00ffffff","blend":"additive"}],"skins":[{"name":"default","attachments":{"爆气5/1_00000":{"爆气5/1_00000":{"x":8,"y":220.98,"width":251,"height":497},"爆气5/1_00001":{"x":8,"y":220.98,"width":251,"height":497},"爆气5/1_00002":{"x":8,"y":220.98,"width":251,"height":497},"爆气5/1_00003":{"x":8,"y":220.98,"width":251,"height":497},"爆气5/1_00004":{"x":8,"y":220.98,"width":251,"height":497},"爆气5/1_00005":{"x":8,"y":220.98,"width":251,"height":497},"爆气5/1_00006":{"x":8,"y":220.98,"width":251,"height":497},"爆气5/1_00007":{"x":8,"y":220.98,"width":251,"height":497},"爆气5/1_00008":{"x":8,"y":220.98,"width":251,"height":497},"爆气5/1_00009":{"x":8,"y":220.98,"width":251,"height":497},"爆气5/1_00010":{"x":8,"y":220.98,"width":251,"height":497},"爆气5/1_00011":{"x":8,"y":220.98,"width":251,"height":497},"爆气5/1_00012":{"x":8,"y":220.98,"width":251,"height":497},"爆气5/1_00013":{"x":8,"y":220.98,"width":251,"height":497},"爆气5/1_00014":{"x":8,"y":220.98,"width":251,"height":497},"爆气5/1_00015":{"x":8,"y":220.98,"width":251,"height":497},"爆气5/1_00016":{"x":8,"y":220.98,"width":251,"height":497},"爆气5/1_00017":{"x":8,"y":220.98,"width":251,"height":497},"爆气5/1_00018":{"x":8,"y":220.98,"width":251,"height":497},"爆气5/1_00019":{"x":8,"y":220.98,"width":251,"height":497},"爆气5/1_00020":{"x":8,"y":220.98,"width":251,"height":497},"爆气5/1_00021":{"x":8,"y":220.98,"width":251,"height":497},"爆气5/1_00022":{"x":8,"y":220.98,"width":251,"height":497},"爆气5/1_00023":{"x":8,"y":220.98,"width":251,"height":497},"爆气5/1_00024":{"x":8,"y":220.98,"width":251,"height":497},"爆气5/1_00025":{"x":8,"y":220.98,"width":251,"height":497},"爆气5/1_00026":{"x":8,"y":220.98,"width":251,"height":497},"爆气5/1_00027":{"x":8,"y":220.98,"width":251,"height":497},"爆气5/1_00028":{"x":8,"y":220.98,"width":251,"height":497},"爆气5/1_00029":{"x":8,"y":220.98,"width":251,"height":497}},"爆气5/1_00033":{"爆气5/1_00033":{"x":5.87,"y":190.8,"width":179,"height":429}}}}],"animations":{"animation":{"slots":{"爆气5/1_00000":{"color":[{"time":0.6667,"color":"ffffffff","curve":0.25,"c3":0.75},{"time":0.9667,"color":"ffffff00"}],"attachment":[{"name":"爆气5/1_00000"},{"time":0.0333,"name":"爆气5/1_00001"},{"time":0.0667,"name":"爆气5/1_00002"},{"time":0.1,"name":"爆气5/1_00003"},{"time":0.1333,"name":"爆气5/1_00004"},{"time":0.1667,"name":"爆气5/1_00005"},{"time":0.2,"name":"爆气5/1_00006"},{"time":0.2333,"name":"爆气5/1_00007"},{"time":0.2667,"name":"爆气5/1_00008"},{"time":0.3,"name":"爆气5/1_00009"},{"time":0.3333,"name":"爆气5/1_00010"},{"time":0.3667,"name":"爆气5/1_00011"},{"time":0.4,"name":"爆气5/1_00012"},{"time":0.4333,"name":"爆气5/1_00013"},{"time":0.4667,"name":"爆气5/1_00014"},{"time":0.5,"name":"爆气5/1_00015"},{"time":0.5333,"name":"爆气5/1_00016"},{"time":0.5667,"name":"爆气5/1_00017"},{"time":0.6,"name":"爆气5/1_00018"},{"time":0.6333,"name":"爆气5/1_00019"},{"time":0.6667,"name":"爆气5/1_00020"},{"time":0.7,"name":"爆气5/1_00021"},{"time":0.7333,"name":"爆气5/1_00022"},{"time":0.7667,"name":"爆气5/1_00023"},{"time":0.8,"name":"爆气5/1_00024"},{"time":0.8333,"name":"爆气5/1_00025"},{"time":0.8667,"name":"爆气5/1_00026"},{"time":0.9,"name":"爆气5/1_00027"},{"time":0.9333,"name":"爆气5/1_00028"},{"time":0.9667,"name":"爆气5/1_00029"},{"time":1,"name":null}]},"爆气5/1_00033":{"attachment":[{"name":"爆气5/1_00033"},{"time":1,"name":null}]}},"bones":{"骨骼":{"scale":[{"x":3.64,"y":-0.016,"curve":0.25,"c3":0.75},{"time":0.2333,"x":2.887,"y":7.643,"curve":0.402,"c3":0.729,"c4":0.38},{"time":0.3333,"x":2.821,"y":7.048,"curve":0.466,"c2":0.23,"c3":0.77,"c4":0.6},{"time":0.5,"x":2.177,"y":7.295,"curve":0.381,"c2":0.47,"c3":0.519},{"time":0.8333,"x":-0.009,"y":5.344}]}}}}}