{"skeleton":{"hash":"hLD3avNBkGsPJvecB0CpRfPhnbE","spine":"3.8.99","x":-52.47,"y":-44.31,"width":103,"height":114,"images":"../","audio":"D:/work/CryptoGladiator/美术资源/角色/斯巴达人物拆分/斯巴达(标准)"},"bones":[{"name":"root"}],"slots":[{"name":"beidai","bone":"root","attachment":"斯巴达人物拆分/斯巴达(标准)/beidai"}],"skins":[{"name":"a1","attachments":{"beidai":{"斯巴达人物拆分/斯巴达(标准)/beidai":{"name":"斯巴达人物拆分小/斯巴达(标准)/beidai","x":-5.39,"y":13.08,"width":92,"height":80}}}},{"name":"a2","attachments":{"beidai":{"斯巴达人物拆分/斯巴达(标准)/beidai":{"name":"斯巴达人物拆分小/1/yifu","x":-0.97,"y":12.69,"width":103,"height":114}}}}],"animations":{"a":{}}}