{"skeleton":{"hash":"Oo8wYxP0hIReHkw5dnMBcrLifmM","spine":"3.8.99","x":-28.45,"y":-101.23,"width":58.53,"height":109.36,"images":"../","audio":"D:/work/CryptoGladiator/美术资源/角色/斯巴达人物拆分/斯巴达(标准)"},"bones":[{"name":"root"},{"name":"GDRleg","parent":"root","rotation":-96.65,"color":"1eff00ff"},{"name":"datuiyou","parent":"GDRleg","length":42.62,"color":"1eff00ff"},{"name":"xiaotuiyou","parent":"datuiyou","length":58.72,"rotation":-7.47,"x":33.48,"y":0.11,"color":"1eff00ff"},{"name":"jiaoyou","parent":"xiaotuiyou","length":32.49,"rotation":-5.98,"x":59.19,"y":-1.01,"transform":"noRotationOrReflection","color":"1eff00ff"}],"slots":[{"name":"xiaotuiyou","bone":"xiaotuiyou","attachment":"斯巴达人物拆分小/斯巴达(标准)/xiaotuiyou"},{"name":"jiaoyou","bone":"jiaoyou","attachment":"斯巴达人物拆分小/斯巴达(标准)/jiaoyou"},{"name":"datuiyou","bone":"datuiyou","attachment":"斯巴达人物拆分小/斯巴达(标准)/datuiyou"},{"name":"xieyou2","bone":"jiaoyou"},{"name":"xieyou1","bone":"xiaotuiyou"}],"skins":[{"name":"pang","attachments":{"datuiyou":{"斯巴达人物拆分小/斯巴达(标准)/datuiyou":{"name":"斯巴达人物拆分小/斯巴达(胖)/datuiyou","x":20.52,"y":-0.08,"rotation":96.65,"width":34,"height":57}},"jiaoyou":{"斯巴达人物拆分小/斯巴达(标准)/jiaoyou":{"x":20.3,"y":0.81,"rotation":5.98,"width":58,"height":19}},"xiaotuiyou":{"斯巴达人物拆分小/斯巴达(标准)/xiaotuiyou":{"name":"斯巴达人物拆分小/斯巴达(胖)/xiaotuiyou","x":26.61,"y":-0.19,"rotation":104.12,"width":36,"height":66}}}}],"animations":{"ATTACKSWORD1":{"bones":{"datuiyou":{"rotate":[{"angle":1.42,"curve":0.25,"c3":0.75},{"time":0.1667,"angle":-10,"curve":0.375,"c2":0.5,"c3":0.75},{"time":0.3333,"angle":24.43,"curve":0.25,"c3":0.75},{"time":0.5,"angle":31.63,"curve":0.25,"c3":0.75},{"time":0.5333,"angle":-34.18,"curve":"stepped"},{"time":0.8,"angle":-34.18,"curve":0.25,"c3":0.75},{"time":0.9667,"angle":1.42}],"translate":[{"x":-1.31,"y":14.51,"curve":0.25,"c3":0.75},{"time":0.1667,"x":7.7,"y":34.45,"curve":0.375,"c2":0.5,"c3":0.75},{"time":0.3333,"x":-4.78,"y":-22.93,"curve":0.25,"c3":0.75},{"time":0.5,"x":-1.92,"y":-33.78,"curve":0.25,"c3":0.75},{"time":0.5333,"x":17.94,"y":51.62,"curve":0.25,"c3":0.75},{"time":0.6,"x":-7.7,"y":61.41,"curve":0.25,"c3":0.75},{"time":0.8,"x":15.84,"y":51.38,"curve":0.25,"c3":0.75},{"time":0.9667,"x":-1.31,"y":14.51}]},"xiaotuiyou":{"rotate":[{"angle":-21.16,"curve":0.25,"c3":0.75},{"time":0.3333,"angle":-24.23,"curve":"stepped"},{"time":0.5,"angle":-24.23,"curve":0.25,"c3":0.75},{"time":0.5333,"angle":-1.42,"curve":"stepped"},{"time":0.8,"angle":-1.42,"curve":0.25,"c3":0.75},{"time":0.9667,"angle":-21.16}],"translate":[{"x":8.75,"y":-2.59}]},"jiaoyou":{"rotate":[{"time":0.5333,"curve":0.25,"c3":0.75},{"time":0.6,"angle":-37.4,"curve":0.363,"c2":0.44,"c3":0.755},{"time":0.8}]}}},"BACK":{"bones":{"datuiyou":{"rotate":[{"angle":5.9,"curve":0.25,"c3":0.75},{"time":0.5,"angle":15.17,"curve":0.243,"c3":0.649,"c4":0.6},{"time":0.8333,"angle":22.38,"curve":0.382,"c2":0.57,"c3":0.735},{"time":1,"angle":5.9}],"translate":[{"x":-4.61,"y":30.35,"curve":0.25,"c3":0.75},{"time":0.5,"x":-17.78,"y":58.03,"curve":0.25,"c3":0.75},{"time":0.8333,"x":-30.45,"y":36.2,"curve":0.25,"c3":0.75},{"time":1,"x":-4.61,"y":30.35}]},"xiaotuiyou":{"rotate":[{"angle":-30.03,"curve":0.25,"c3":0.625,"c4":0.5},{"time":0.5,"angle":2.49,"curve":0.351,"c2":0.39,"c3":0.701,"c4":0.78},{"time":0.8333,"angle":-57.46,"curve":0.371,"c2":0.63,"c3":0.71},{"time":1,"angle":-30.03}],"translate":[{"x":8.36,"y":-2.78}]},"jiaoyou":{"rotate":[{"angle":-5.96,"curve":0.25,"c3":0.75},{"time":0.1667,"curve":"stepped"},{"time":0.5,"curve":0.25,"c3":0.75},{"time":0.6667,"angle":-20.71,"curve":0.25,"c3":0.75},{"time":0.8333,"angle":-34.04,"curve":0.25,"c3":0.75},{"time":1,"angle":-5.96}]}}},"DEATH":{"bones":{"datuiyou":{"rotate":[{"angle":1.42,"curve":0.25,"c3":0.75},{"time":0.0667,"angle":23.38},{"time":0.2667,"angle":8.25},{"time":0.4333,"angle":17.23},{"time":0.5,"angle":6.05,"curve":"stepped"},{"time":0.7667,"angle":6.05},{"time":0.9333,"angle":-66.59},{"time":1,"angle":-79.96},{"time":1.1,"angle":-81.52},{"time":1.2,"angle":-66.16},{"time":1.3333,"angle":-68.35},{"time":1.4667,"angle":-60.13}],"translate":[{"x":-1.31,"y":14.51,"curve":0.25,"c3":0.75},{"time":0.0667,"x":-10.83,"y":-0.81,"curve":0.301,"c2":0.15,"c3":0.638,"c4":0.5},{"time":0.2667,"x":-33.6,"y":69.06,"curve":0.318,"c2":0.28,"c3":0.653,"c4":0.62},{"time":0.4333,"x":33.31,"y":125.81,"curve":0.336,"c2":0.34,"c3":0.678,"c4":0.7},{"time":0.5,"x":27.29,"y":127.68,"curve":0.325,"c2":0.31,"c3":0.661,"c4":0.65},{"time":0.6,"x":33.31,"y":125.81,"curve":"stepped"},{"time":0.7667,"x":33.31,"y":125.81,"curve":0.323,"c2":0.3,"c3":0.677,"c4":0.7},{"time":0.9333,"x":8.83,"y":230.6,"curve":0.338,"c2":0.35,"c3":0.672,"c4":0.68},{"time":1,"x":3.73,"y":225.97,"curve":0.343,"c2":0.37,"c3":0.677,"c4":0.71},{"time":1.1,"x":29.21,"y":223.41,"curve":0.374,"c2":0.62,"c3":0.715},{"time":1.4667,"x":34.21,"y":215.63}]},"xiaotuiyou":{"rotate":[{"angle":-21.16,"curve":0.25,"c3":0.75},{"time":0.0667,"angle":-43.84},{"time":0.2667,"angle":-56.18},{"time":0.4333,"angle":-107.7},{"time":0.5,"angle":-90.46},{"time":0.7667,"angle":-93.69},{"time":0.9333,"angle":-21.33},{"time":1.1,"angle":-22.53},{"time":1.2,"angle":-9.57},{"time":1.3333,"angle":-13.77},{"time":1.4667,"angle":-7.55}],"translate":[{"x":8.75,"y":-2.59,"curve":0.25,"c3":0.75},{"time":0.0667,"x":11.13,"y":-1.11},{"time":0.2667,"x":8.4,"y":-2.23}]},"jiaoyou":{"rotate":[{"curve":0.25,"c3":0.75},{"time":0.0667,"angle":-13},{"time":0.2667,"angle":-81.54},{"time":0.4333,"angle":-138.65}]}}},"HIT":{"bones":{"datuiyou":{"rotate":[{"angle":1.42,"curve":0.25,"c3":0.75},{"time":0.0667,"angle":10.04,"curve":0.25,"c3":0.75},{"time":0.1667,"angle":22.46,"curve":0.25,"c3":0.75},{"time":0.2333,"angle":1.42,"curve":"stepped"},{"time":0.3333,"angle":1.42,"curve":0.25,"c3":0.75},{"time":0.5,"angle":-23.78,"curve":0.25,"c3":0.75},{"time":0.6667,"angle":1.42}],"translate":[{"x":-1.31,"y":14.51,"curve":0.25,"c3":0.75},{"time":0.0667,"x":-8.48,"y":-4.4,"curve":0.25,"c3":0.75},{"time":0.1667,"x":-0.16,"y":3.37,"curve":0.25,"c3":0.75},{"time":0.2333,"x":-1.31,"y":14.51,"curve":"stepped"},{"time":0.3333,"x":-1.31,"y":14.51,"curve":0.25,"c3":0.75},{"time":0.5,"x":5.14,"y":36.52,"curve":0.25,"c3":0.75},{"time":0.6667,"x":-1.31,"y":14.51}]},"xiaotuiyou":{"rotate":[{"angle":-21.16,"curve":0.25,"c3":0.75},{"time":0.0667,"angle":-15.33,"curve":0.25,"c3":0.75},{"time":0.1667,"angle":-43.15,"curve":0.25,"c3":0.75},{"time":0.2333,"angle":-21.16,"curve":"stepped"},{"time":0.3333,"angle":-21.16,"curve":0.25,"c3":0.75},{"time":0.5,"angle":-0.58,"curve":0.25,"c3":0.75},{"time":0.6667,"angle":-21.16}],"translate":[{"x":8.75,"y":-2.59,"curve":0.25,"c3":0.75},{"time":0.0667,"x":8.35,"y":-1.7,"curve":0.25,"c3":0.75},{"time":0.2333,"x":8.75,"y":-2.59}]},"jiaoyou":{"rotate":[{"curve":0.25,"c3":0.75},{"time":0.0667,"angle":6.32,"curve":0.25,"c3":0.75},{"time":0.3333}]}}},"IDLE":{"bones":{"datuiyou":{"rotate":[{"angle":1.42,"curve":0.25,"c3":0.75},{"time":0.6667,"angle":15.01,"curve":0.25,"c3":0.75},{"time":1.3333,"angle":1.42}],"translate":[{"x":-1.31,"y":14.51,"curve":0.25,"c3":0.75},{"time":0.6667,"x":6.16,"y":14.09,"curve":0.25,"c3":0.75},{"time":1.3333,"x":-1.31,"y":14.51}]},"xiaotuiyou":{"rotate":[{"angle":-21.16,"curve":0.25,"c3":0.75},{"time":0.6667,"angle":-45.68,"curve":0.25,"c3":0.75},{"time":1.3333,"angle":-21.16}],"translate":[{"x":8.75,"y":-2.59}]}}},"WALK":{"bones":{"datuiyou":{"rotate":[{"angle":-2.15,"curve":0.265,"c3":0.618,"c4":0.43},{"time":0.1333,"angle":25.72,"curve":0.351,"c2":0.4,"c3":0.757},{"time":0.4,"angle":55.63,"curve":0.276,"c3":0.621,"c4":0.4},{"time":0.5,"angle":35.66,"curve":0.314,"c2":0.27,"c3":0.657,"c4":0.64},{"time":0.7,"angle":4.36,"curve":0.379,"c2":0.6,"c3":0.724},{"time":0.8,"angle":-2.15}],"translate":[{"x":-8.98,"y":25.72,"curve":0.265,"c3":0.618,"c4":0.43},{"time":0.1333,"x":-26.29,"y":27.2,"curve":0.351,"c2":0.4,"c3":0.757},{"time":0.4,"x":-16.36,"y":54.47,"curve":0.276,"c3":0.621,"c4":0.4},{"time":0.5,"x":-12.36,"y":52.09,"curve":0.314,"c2":0.27,"c3":0.657,"c4":0.64},{"time":0.7,"x":-2.3,"y":31.91,"curve":0.379,"c2":0.6,"c3":0.724},{"time":0.8,"x":-8.98,"y":25.72}]},"xiaotuiyou":{"rotate":[{"angle":-34.11,"curve":0.29,"c3":0.629,"c4":0.38},{"time":0.1333,"angle":-74.85,"curve":0.299,"c2":0.22,"c3":0.649,"c4":0.61},{"time":0.4,"angle":-57.82,"curve":0.336,"c2":0.34,"c3":0.671,"c4":0.68},{"time":0.5,"angle":-25.32,"curve":0.343,"c2":0.37,"c3":0.679,"c4":0.71},{"time":0.7,"angle":-29.53,"curve":0.364,"c2":0.64,"c3":0.701},{"time":0.8,"angle":-34.11}],"translate":[{"x":7.67,"y":-1.71}]},"jiaoyou":{"rotate":[{"angle":-26.92,"curve":0.25,"c3":0.75},{"time":0.1333,"angle":-57.73,"curve":0.25,"c3":0.75},{"time":0.2667,"angle":6.42,"curve":0.25,"c3":0.75},{"time":0.4,"curve":0.25,"c3":0.75},{"time":0.7,"angle":-4.72,"curve":0.25,"c3":0.75},{"time":0.8,"angle":-26.92}]}}}}}