{"skeleton":{"hash":"LPe4i+6YKB6LjPl8lrkqF9MqwdI","spine":"3.8.99","x":-41.52,"y":-30.99,"width":81,"height":56,"images":"../","audio":"D:/work/CryptoGladiator/美术资源/角色/斯巴达人物拆分/斯巴达(标准)"},"bones":[{"name":"root"}],"slots":[{"name":"yaodai","bone":"root","attachment":"斯巴达人物拆分/斯巴达(标准)/yaodai"}],"skins":[{"name":"a1","attachments":{"yaodai":{"斯巴达人物拆分/斯巴达(标准)/yaodai":{"name":"斯巴达人物拆分小/斯巴达(标准)/yaodai","x":-1.02,"y":-2.99,"width":81,"height":56}}}},{"name":"a2","attachments":{"yaodai":{"斯巴达人物拆分/斯巴达(标准)/yaodai":{"name":"斯巴达人物拆分小/1/yaodai","x":-4.57,"y":-9.84,"width":107,"height":87}}}}],"animations":{"a":{}}}