{"skeleton":{"hash":"JLyejGSVuRzQvbACvfLKrnsurxs","spine":"3.8.99","x":-353.72,"y":-70.51,"width":708.18,"height":644.22,"images":"","audio":""},"bones":[{"name":"root"},{"name":"G01","parent":"root","x":-8.62,"y":190.14},{"name":"G02_2","parent":"root","x":-2.83,"y":223.99},{"name":"bone","parent":"root","length":55.15,"rotation":-90.47,"x":-202.3,"y":255.56},{"name":"bone2","parent":"root","length":55.15,"rotation":-90.47,"x":206.94,"y":255.56},{"name":"G02_3","parent":"root","x":-2.83,"y":223.99},{"name":"G1","parent":"root","x":-8.62,"y":190.14},{"name":"G02_4","parent":"root","x":-2.83,"y":223.99},{"name":"G2","parent":"root","x":-8.62,"y":190.14},{"name":"G02_5","parent":"root","x":-2.83,"y":223.99},{"name":"G3","parent":"root","x":-8.62,"y":190.14},{"name":"G02_6","parent":"root","x":-2.83,"y":223.99},{"name":"G4","parent":"root","x":-8.62,"y":190.14}],"slots":[{"name":"G02_2","bone":"G02_2","attachment":"G02_2","blend":"additive"},{"name":"G02_3","bone":"G02_3","attachment":"G02_2","blend":"additive"},{"name":"G02_4","bone":"G02_4","attachment":"G02_2","blend":"additive"},{"name":"G02_5","bone":"G02_5","attachment":"G02_2","blend":"additive"},{"name":"G02_6","bone":"G02_6","attachment":"G02_2","blend":"additive"},{"name":"bg","bone":"root","attachment":"images/01"},{"name":"images/02","bone":"bone","attachment":"images/02"},{"name":"images/2","bone":"bone2","attachment":"images/02"},{"name":"images/03","bone":"bone","blend":"additive"},{"name":"images/3","bone":"bone2","blend":"additive"},{"name":"root","bone":"root","attachment":"root"},{"name":"G01","bone":"G01","attachment":"G01","blend":"additive"},{"name":"G1","bone":"G1","attachment":"G01","blend":"additive"},{"name":"G2","bone":"G2","blend":"additive"},{"name":"G3","bone":"G3","blend":"additive"},{"name":"G4","bone":"G4","blend":"additive"}],"skins":[{"name":"default","attachments":{"G01":{"G01":{"x":-16.71,"y":-60.1,"scaleX":1.2737,"scaleY":1.2737,"width":512,"height":512}},"G1":{"G01":{"x":79.43,"y":129.65,"scaleX":0.5513,"scaleY":0.5513,"width":512,"height":512}},"G2":{"G01":{"x":-77.43,"y":15.8,"scaleX":0.4789,"scaleY":0.4789,"width":512,"height":512}},"G02_2":{"G02_2":{"x":-56.53,"y":59.82,"width":512,"height":512}},"G02_3":{"G02_2":{"x":101.29,"y":68.51,"width":512,"height":512}},"G02_4":{"G02_2":{"x":-94.89,"y":-38.5,"width":512,"height":512}},"G02_5":{"G02_2":{"x":74.51,"y":-31.58,"width":512,"height":512}},"G02_6":{"G02_2":{"x":-9.5,"y":93.72,"width":512,"height":512}},"G3":{"G01":{"x":85.76,"y":-20.88,"scaleX":1.1529,"scaleY":1.1529,"width":512,"height":512}},"G4":{"G01":{"x":-39.48,"y":133.45,"width":512,"height":512}},"bg":{"images/01":{"y":205.03,"width":490,"height":436}},"images/02":{"images/02":{"x":30.06,"y":0.19,"rotation":90.47,"width":31,"height":74}},"images/2":{"images/02":{"x":30.06,"y":0.19,"rotation":90.47,"width":31,"height":74}},"images/03":{"images/03":{"x":41.82,"y":-0.07,"rotation":90.47,"width":74,"height":74}},"images/3":{"images/03":{"x":41.82,"y":-0.07,"rotation":90.47,"width":74,"height":74}},"root":{"root":{"type":"clipping","end":"root","vertexCount":47,"vertices":[-47.51,344.06,-38.05,347.25,-27.16,350.11,-15.61,352.53,-4.94,353.63,6.83,353.74,21.27,352.75,37.88,348.79,53.39,343.4,66.81,336.69,80.01,328.11,90.79,318.76,101.13,307.87,109.82,296.32,116.86,284.33,123.28,269.09,127.57,255.12,130.43,239.06,131.42,222.45,130.65,207.82,127.13,190.88,121.74,173.95,114.48,158.77,104.8,144.58,93.54,132.15,80.12,120.49,65.36,110.87,48.31,103.06,30.57,97.78,15.5,95.03,-2.21,94.59,-19.15,95.8,-38.22,100.53,-56.37,108.23,-73.64,118.73,-87.83,131.05,-100.2,144.22,-111.53,161.27,-120.1,180.23,-125.05,198.49,-127.45,219.99,-126.24,240.56,-121.95,261.9,-113.21,284,-101.22,302.48,-87.36,318.1,-67.83,333.72],"color":"ce3a3aff"}}}}],"animations":{"idle":{"slots":{"G01":{"color":[{"color":"00ffffff"}]},"G1":{"color":[{"color":"00ffffff"}]},"G2":{"color":[{"color":"bffff7ff"}],"attachment":[{"name":"G01"}]},"G02_2":{"color":[{"color":"00c8ffff","curve":0.25,"c3":0.75},{"time":1.6667,"color":"004c6174","curve":0.25,"c3":0.75},{"time":3.3333,"color":"00c8ffff"}]},"G02_3":{"color":[{"color":"004be0e3","curve":0.38,"c2":0.6,"c3":0.726},{"time":0.4333,"color":"004bffff","curve":0.25,"c3":0.75},{"time":2.1,"color":"004c6174","curve":0.242,"c3":0.664,"c4":0.66},{"time":3.3333,"color":"004be0e3"}]},"G02_4":{"color":[{"color":"0090b8c0","curve":0.371,"c2":0.48,"c3":0.752},{"time":0.9,"color":"004c6174","curve":0.25,"c3":0.75},{"time":2.5667,"color":"00c8ffff","curve":0.253,"c3":0.622,"c4":0.48},{"time":3.3333,"color":"0090b8c0"}]},"G02_5":{"color":[{"color":"004b8795","curve":0.345,"c2":0.37,"c3":0.757},{"time":1.1667,"color":"004bffff","curve":0.25,"c3":0.75},{"time":2.8333,"color":"004c6174","curve":0.269,"c3":0.618,"c4":0.42},{"time":3.3333,"color":"004b8795"}]},"G02_6":{"color":[{"color":"004c69d9","curve":0.382,"c2":0.58,"c3":0.734},{"time":0.5333,"color":"004c6dff","curve":0.25,"c3":0.75},{"time":2.2,"color":"004c6174","curve":0.243,"c3":0.651,"c4":0.61},{"time":3.3333,"color":"004c69d9"}]},"G3":{"color":[{"color":"00b7ffff"}],"attachment":[{"name":"G01"}]},"G4":{"attachment":[{"name":"G01"}]},"images/03":{"color":[{"color":"ffffffff","curve":0.25,"c3":0.75},{"time":1.6667,"color":"ffffff89","curve":0.25,"c3":0.75},{"time":3.3333,"color":"ffffffff"}],"attachment":[{"name":"images/03"}]},"images/3":{"color":[{"color":"ffffffff","curve":0.25,"c3":0.75},{"time":1.6667,"color":"ffffff89","curve":0.25,"c3":0.75},{"time":3.3333,"color":"ffffffff"}],"attachment":[{"name":"images/03"}]}},"bones":{"G01":{"rotate":[{"angle":-115.2},{"time":0.6,"angle":180},{"time":2.2667},{"time":3.3333,"angle":-115.2}],"scale":[{"x":0.609,"y":0.609,"curve":0.34,"c2":0.36,"c3":0.757},{"time":1.2,"curve":0.245,"c3":0.637,"c4":0.56},{"time":2.2,"x":0.684,"y":0.684,"curve":0.381,"c2":0.55,"c3":0.742},{"time":2.8667,"x":0.5,"y":0.5,"curve":0.272,"c3":0.619,"c4":0.41},{"time":3.3333,"x":0.609,"y":0.609}]},"G02_2":{"rotate":[{"angle":-32.4},{"time":1.3667,"angle":180},{"time":3.0333},{"time":3.3333,"angle":-32.4}],"scale":[{"x":1.09,"y":1.09,"curve":0.381,"c2":0.55,"c3":0.742},{"time":0.6667,"x":1.2,"y":1.2,"curve":0.25,"c3":0.75},{"time":2.3333,"x":0.9,"y":0.9,"curve":0.245,"c3":0.637,"c4":0.56},{"time":3.3333,"x":1.09,"y":1.09}]},"G02_3":{"rotate":[{"angle":-111.6},{"time":0.6333,"angle":180},{"time":2.3},{"time":3.3333,"angle":-111.6}],"translate":[{"y":72.29}],"scale":[{"x":1.173,"y":1.173,"curve":0.309,"c2":0.24,"c3":0.757},{"time":1.4,"x":0.9,"y":0.9,"curve":0.25,"c3":0.75},{"time":3.0667,"x":1.2,"y":1.2,"curve":0.292,"c3":0.63,"c4":0.37},{"time":3.3333,"x":1.173,"y":1.173}]},"G1":{"rotate":[{"angle":140.4},{"time":0.1333,"angle":126},{"time":1.3},{"time":2.9667,"angle":180},{"time":3.3333,"angle":140.4}],"translate":[{"x":11.51,"y":44.61}],"scale":[{"x":0.776,"y":0.776,"curve":0.378,"c2":0.52,"c3":0.747},{"time":0.7667,"curve":0.269,"c3":0.618,"c4":0.42},{"time":1.2667,"x":0.879,"y":0.879,"curve":0.32,"c2":0.29,"c3":0.669,"c4":0.67},{"time":1.8,"x":0.672,"y":0.672,"curve":0.339,"c2":0.35,"c3":0.673,"c4":0.69},{"time":1.9333,"x":0.622,"y":0.622,"curve":0.382,"c2":0.58,"c3":0.731},{"time":2.4333,"x":0.5,"y":0.5,"curve":0.248,"c3":0.629,"c4":0.52},{"time":3.3333,"x":0.776,"y":0.776}]},"G02_4":{"rotate":[{"angle":-162},{"time":0.1667,"angle":180},{"time":1.8333},{"time":3.3333,"angle":-162}],"translate":[{"x":64.82,"y":-38.89,"curve":0.25,"c3":0.75},{"time":1.6667,"x":-83.34,"y":94.08,"curve":0.25,"c3":0.75},{"time":3.3333,"x":64.82,"y":-38.89}],"scale":[{"x":1.034,"y":1.034,"curve":0.371,"c2":0.48,"c3":0.752},{"time":0.9,"x":1.2,"y":1.2,"curve":0.25,"c3":0.75},{"time":2.5667,"x":0.9,"y":0.9,"curve":0.253,"c3":0.622,"c4":0.48},{"time":3.3333,"x":1.034,"y":1.034}]},"G2":{"rotate":[{"angle":97.2},{"time":0.9},{"time":1.3,"angle":-43.2},{"time":1.7333,"angle":-90},{"time":2.5667,"angle":180},{"time":3.3333,"angle":97.2}],"translate":[{"x":54.68,"y":28.78}],"scale":[{"x":0.67,"y":0.67,"curve":0.344,"c2":0.37,"c3":0.681,"c4":0.71},{"time":0.2333,"x":0.587,"y":0.587,"curve":0.379,"c2":0.6,"c3":0.723},{"time":0.6333,"x":0.5,"y":0.5,"curve":0.25,"c3":0.625,"c4":0.5},{"time":1.4667,"x":0.75,"y":0.75,"curve":0.375,"c2":0.5,"c3":0.75},{"time":2.3,"curve":0.25,"c3":0.625,"c4":0.5},{"time":3.1333,"x":0.748,"y":0.748,"curve":0.335,"c2":0.34,"c3":0.671,"c4":0.68},{"time":3.3333,"x":0.67,"y":0.67}]},"G02_5":{"rotate":[{"angle":140.4},{"time":1.3},{"time":2.9667,"angle":180},{"time":3.3333,"angle":140.4}],"translate":[{"y":62.43}],"scale":[{"x":0.973,"y":0.973,"curve":0.382,"c2":0.58,"c3":0.731},{"time":0.5,"x":0.9,"y":0.9,"curve":0.25,"c3":0.75},{"time":2.1667,"x":1.2,"y":1.2,"curve":0.281,"c3":0.623,"c4":0.39},{"time":2.5333,"x":1.154,"y":1.154,"curve":0.307,"c2":0.25,"c3":0.675,"c4":0.69},{"time":3.3333,"x":0.973,"y":0.973}]},"G3":{"rotate":[{"angle":64.8},{"time":0.2667,"angle":36},{"time":0.6},{"time":0.6667,"angle":-7.2},{"time":2.2667,"angle":180},{"time":3.3333,"angle":64.8}],"translate":[{"y":34.54}],"scale":[{"x":0.89,"y":0.89,"curve":0.381,"c2":0.59,"c3":0.728},{"time":0.4667,"curve":0.284,"c3":0.625,"c4":0.38},{"time":0.8,"x":0.935,"y":0.935,"curve":0.32,"c2":0.29,"c3":0.757},{"time":2.1333,"x":0.5,"y":0.5,"curve":0.277,"c3":0.621,"c4":0.4},{"time":2.5333,"x":0.587,"y":0.587,"curve":0.311,"c2":0.26,"c3":0.68,"c4":0.71},{"time":3.3333,"x":0.89,"y":0.89}]},"G02_6":{"rotate":[{"angle":108},{"time":1},{"time":2.6667,"angle":180},{"time":3.3333,"angle":108}],"translate":[{"y":49.2}],"scale":[{"x":0.9,"y":0.9,"curve":0.25,"c3":0.75},{"time":1.6667,"x":1.2,"y":1.2,"curve":0.258,"c3":0.619,"c4":0.45},{"time":2.3333,"x":1.09,"y":1.09,"curve":0.363,"c2":0.44,"c3":0.755},{"time":3.3333,"x":0.9,"y":0.9}]},"G4":{"rotate":[{"angle":-158.4},{"time":0.1,"angle":-169.2},{"time":0.2,"angle":180},{"time":1.8667},{"time":3.3333,"angle":-158.4}],"translate":[{"y":35.97}],"scale":[{"x":0.869,"y":0.869,"curve":0.349,"c2":0.39,"c3":0.757},{"time":1.1333,"x":0.5,"y":0.5,"curve":0.247,"c3":0.725,"c4":0.89},{"time":2.7,"x":0.99,"y":0.99,"curve":0.351,"c2":0.65,"c3":0.685},{"time":2.8,"curve":0.296,"c3":0.633,"c4":0.37},{"time":3.0333,"x":0.963,"y":0.963,"curve":0.307,"c2":0.23,"c3":0.645,"c4":0.58},{"time":3.3333,"x":0.869,"y":0.869}]},"bone":{"rotate":[{"angle":10,"curve":0.441,"c3":0.541},{"time":1.6667,"angle":-10,"curve":0.441,"c3":0.541},{"time":3.3333,"angle":10}]},"bone2":{"rotate":[{"angle":-6.24,"curve":0.31,"c2":0.37,"c3":0.525},{"time":1.1667,"angle":10,"curve":0.25,"c3":0.75},{"time":2.8333,"angle":-10,"curve":0.409,"c3":0.723,"c4":0.42},{"time":3.3333,"angle":-6.24}]}}},"in":{"slots":{"G01":{"color":[{"color":"00ffffff"}]},"G1":{"color":[{"color":"00ffffff"}]},"G2":{"color":[{"color":"bffff7ff"}],"attachment":[{"name":"G01"}]},"G02_2":{"color":[{"color":"00c8ffff","curve":0.25,"c3":0.75},{"time":1.6667,"color":"004c6174","curve":0.25,"c3":0.75},{"time":3.3333,"color":"00c8ffff"}]},"G02_3":{"color":[{"color":"004be0e3","curve":0.38,"c2":0.6,"c3":0.726},{"time":0.4333,"color":"004bffff","curve":0.25,"c3":0.75},{"time":2.1,"color":"004c6174","curve":0.242,"c3":0.664,"c4":0.66},{"time":3.3333,"color":"004be0e3"}]},"G02_4":{"color":[{"color":"0090b8c0","curve":0.371,"c2":0.48,"c3":0.752},{"time":0.9,"color":"004c6174","curve":0.25,"c3":0.75},{"time":2.5667,"color":"00c8ffff","curve":0.253,"c3":0.622,"c4":0.48},{"time":3.3333,"color":"0090b8c0"}]},"G02_5":{"color":[{"color":"004b8795","curve":0.345,"c2":0.37,"c3":0.757},{"time":1.1667,"color":"004bffff","curve":0.25,"c3":0.75},{"time":2.8333,"color":"004c6174","curve":0.269,"c3":0.618,"c4":0.42},{"time":3.3333,"color":"004b8795"}]},"G02_6":{"color":[{"color":"004c69d9","curve":0.382,"c2":0.58,"c3":0.734},{"time":0.5333,"color":"004c6dff","curve":0.25,"c3":0.75},{"time":2.2,"color":"004c6174","curve":0.243,"c3":0.651,"c4":0.61},{"time":3.3333,"color":"004c69d9"}]},"G3":{"color":[{"color":"00b7ffff"}],"attachment":[{"name":"G01"}]},"G4":{"attachment":[{"name":"G01"}]},"images/03":{"color":[{"color":"ffffffff","curve":0.25,"c3":0.75},{"time":1.6667,"color":"ffffff89","curve":0.25,"c3":0.75},{"time":3.3333,"color":"ffffffff"}],"attachment":[{"name":"images/03"}]},"images/3":{"color":[{"color":"ffffffff","curve":0.25,"c3":0.75},{"time":1.6667,"color":"ffffff89","curve":0.25,"c3":0.75},{"time":3.3333,"color":"ffffffff"}],"attachment":[{"name":"images/03"}]}},"bones":{"G01":{"rotate":[{"angle":-115.2},{"time":0.6,"angle":180},{"time":2.2667},{"time":3.3333,"angle":-115.2}],"scale":[{"x":0.609,"y":0.609,"curve":0.34,"c2":0.36,"c3":0.757},{"time":1.2,"curve":0.245,"c3":0.637,"c4":0.56},{"time":2.2,"x":0.684,"y":0.684,"curve":0.381,"c2":0.55,"c3":0.742},{"time":2.8667,"x":0.5,"y":0.5,"curve":0.272,"c3":0.619,"c4":0.41},{"time":3.3333,"x":0.609,"y":0.609}]},"G02_2":{"rotate":[{"angle":-32.4},{"time":1.3667,"angle":180},{"time":3.0333},{"time":3.3333,"angle":-32.4}],"scale":[{"x":1.09,"y":1.09,"curve":0.381,"c2":0.55,"c3":0.742},{"time":0.6667,"x":1.2,"y":1.2,"curve":0.25,"c3":0.75},{"time":2.3333,"x":0.9,"y":0.9,"curve":0.245,"c3":0.637,"c4":0.56},{"time":3.3333,"x":1.09,"y":1.09}]},"G02_3":{"rotate":[{"angle":-111.6},{"time":0.6333,"angle":180},{"time":2.3},{"time":3.3333,"angle":-111.6}],"translate":[{"y":72.29}],"scale":[{"x":1.173,"y":1.173,"curve":0.309,"c2":0.24,"c3":0.757},{"time":1.4,"x":0.9,"y":0.9,"curve":0.25,"c3":0.75},{"time":3.0667,"x":1.2,"y":1.2,"curve":0.292,"c3":0.63,"c4":0.37},{"time":3.3333,"x":1.173,"y":1.173}]},"G1":{"rotate":[{"angle":140.4},{"time":0.1333,"angle":126},{"time":1.3},{"time":2.9667,"angle":180},{"time":3.3333,"angle":140.4}],"translate":[{"x":11.51,"y":44.61}],"scale":[{"x":0.776,"y":0.776,"curve":0.378,"c2":0.52,"c3":0.747},{"time":0.7667,"curve":0.269,"c3":0.618,"c4":0.42},{"time":1.2667,"x":0.879,"y":0.879,"curve":0.32,"c2":0.29,"c3":0.669,"c4":0.67},{"time":1.8,"x":0.672,"y":0.672,"curve":0.339,"c2":0.35,"c3":0.673,"c4":0.69},{"time":1.9333,"x":0.622,"y":0.622,"curve":0.382,"c2":0.58,"c3":0.731},{"time":2.4333,"x":0.5,"y":0.5,"curve":0.248,"c3":0.629,"c4":0.52},{"time":3.3333,"x":0.776,"y":0.776}]},"G02_4":{"rotate":[{"angle":-162},{"time":0.1667,"angle":180},{"time":1.8333},{"time":3.3333,"angle":-162}],"translate":[{"x":64.82,"y":-38.89,"curve":0.25,"c3":0.75},{"time":1.6667,"x":-83.34,"y":94.08,"curve":0.25,"c3":0.75},{"time":3.3333,"x":64.82,"y":-38.89}],"scale":[{"x":1.034,"y":1.034,"curve":0.371,"c2":0.48,"c3":0.752},{"time":0.9,"x":1.2,"y":1.2,"curve":0.25,"c3":0.75},{"time":2.5667,"x":0.9,"y":0.9,"curve":0.253,"c3":0.622,"c4":0.48},{"time":3.3333,"x":1.034,"y":1.034}]},"G2":{"rotate":[{"angle":97.2},{"time":0.9},{"time":1.3,"angle":-43.2},{"time":1.7333,"angle":-90},{"time":2.5667,"angle":180},{"time":3.3333,"angle":97.2}],"translate":[{"x":54.68,"y":28.78}],"scale":[{"x":0.67,"y":0.67,"curve":0.344,"c2":0.37,"c3":0.681,"c4":0.71},{"time":0.2333,"x":0.587,"y":0.587,"curve":0.379,"c2":0.6,"c3":0.723},{"time":0.6333,"x":0.5,"y":0.5,"curve":0.25,"c3":0.625,"c4":0.5},{"time":1.4667,"x":0.75,"y":0.75,"curve":0.375,"c2":0.5,"c3":0.75},{"time":2.3,"curve":0.25,"c3":0.625,"c4":0.5},{"time":3.1333,"x":0.748,"y":0.748,"curve":0.335,"c2":0.34,"c3":0.671,"c4":0.68},{"time":3.3333,"x":0.67,"y":0.67}]},"G02_5":{"rotate":[{"angle":140.4},{"time":1.3},{"time":2.9667,"angle":180},{"time":3.3333,"angle":140.4}],"translate":[{"y":62.43}],"scale":[{"x":0.973,"y":0.973,"curve":0.382,"c2":0.58,"c3":0.731},{"time":0.5,"x":0.9,"y":0.9,"curve":0.25,"c3":0.75},{"time":2.1667,"x":1.2,"y":1.2,"curve":0.281,"c3":0.623,"c4":0.39},{"time":2.5333,"x":1.154,"y":1.154,"curve":0.307,"c2":0.25,"c3":0.675,"c4":0.69},{"time":3.3333,"x":0.973,"y":0.973}]},"G3":{"rotate":[{"angle":64.8},{"time":0.2667,"angle":36},{"time":0.6},{"time":0.6667,"angle":-7.2},{"time":2.2667,"angle":180},{"time":3.3333,"angle":64.8}],"translate":[{"y":34.54}],"scale":[{"x":0.89,"y":0.89,"curve":0.381,"c2":0.59,"c3":0.728},{"time":0.4667,"curve":0.284,"c3":0.625,"c4":0.38},{"time":0.8,"x":0.935,"y":0.935,"curve":0.32,"c2":0.29,"c3":0.757},{"time":2.1333,"x":0.5,"y":0.5,"curve":0.277,"c3":0.621,"c4":0.4},{"time":2.5333,"x":0.587,"y":0.587,"curve":0.311,"c2":0.26,"c3":0.68,"c4":0.71},{"time":3.3333,"x":0.89,"y":0.89}]},"G02_6":{"rotate":[{"angle":108},{"time":1},{"time":2.6667,"angle":180},{"time":3.3333,"angle":108}],"translate":[{"y":49.2}],"scale":[{"x":0.9,"y":0.9,"curve":0.25,"c3":0.75},{"time":1.6667,"x":1.2,"y":1.2,"curve":0.258,"c3":0.619,"c4":0.45},{"time":2.3333,"x":1.09,"y":1.09,"curve":0.363,"c2":0.44,"c3":0.755},{"time":3.3333,"x":0.9,"y":0.9}]},"G4":{"rotate":[{"angle":-158.4},{"time":0.1,"angle":-169.2},{"time":0.2,"angle":180},{"time":1.8667},{"time":3.3333,"angle":-158.4}],"translate":[{"y":35.97}],"scale":[{"x":0.869,"y":0.869,"curve":0.349,"c2":0.39,"c3":0.757},{"time":1.1333,"x":0.5,"y":0.5,"curve":0.247,"c3":0.725,"c4":0.89},{"time":2.7,"x":0.99,"y":0.99,"curve":0.351,"c2":0.65,"c3":0.685},{"time":2.8,"curve":0.296,"c3":0.633,"c4":0.37},{"time":3.0333,"x":0.963,"y":0.963,"curve":0.307,"c2":0.23,"c3":0.645,"c4":0.58},{"time":3.3333,"x":0.869,"y":0.869}]},"bone":{"rotate":[{"angle":10,"curve":0.25,"c3":0.75},{"time":0.1667,"angle":20.88,"curve":0.059,"c2":0.05,"c3":0.75},{"time":0.3,"angle":-54.98,"curve":0.459,"c3":0.75},{"time":0.5667,"angle":34.52,"curve":0.25,"c3":0.75},{"time":0.9667,"angle":-14.89,"curve":0.25,"c3":0.559},{"time":1.4,"angle":4.29,"curve":0.25,"c3":0.65},{"time":2,"angle":-8,"curve":0.25,"c3":0.75},{"time":3.3333,"angle":10}],"shear":[{"curve":0.25,"c3":0.75},{"time":0.1667,"x":5.27,"y":28.27,"curve":0.25,"c3":0.75},{"time":0.3,"x":-12.51,"y":-21.21,"curve":0.25,"c3":0.75},{"time":0.9667}]},"bone2":{"rotate":[{"angle":-6.24,"curve":0.25,"c3":0.75},{"time":0.1667,"angle":-9.12,"curve":0.132,"c2":0.16,"c3":0.75},{"time":0.3667,"angle":65.02,"curve":0.459,"c3":0.75},{"time":0.6333,"angle":-25.48,"curve":0.423,"c3":0.75},{"time":1.0333,"angle":21.11,"curve":0.25,"c3":0.559},{"time":1.4667,"angle":-15.71,"curve":0.25,"c3":0.65},{"time":2.0667,"angle":7,"curve":0.25,"c3":0.75},{"time":3.3333,"angle":-6.24}],"shear":[{"curve":0.25,"c3":0.75},{"time":0.1667,"x":-2.17,"y":-11.01,"curve":0.25,"c3":0.75},{"time":0.3667,"x":5.61,"y":7.52,"curve":0.25,"c3":0.75},{"time":1.0333}]}}}}}