{"skeleton":{"hash":"WghFmYXGeLSGqcAJbIJDQCLhuQ8","spine":"3.8.99","images":"","audio":"D:/work/CryptoGladiator/美术资源/切图2/装备强化"},"bones":[{"name":"root"},{"name":"01","parent":"root","y":224.4},{"name":"G05","parent":"01"},{"name":"G00","parent":"01"},{"name":"G06","parent":"01"},{"name":"G02","parent":"01"},{"name":"G5","parent":"G02","x":-11.08,"y":4.15,"scaleX":0.2986,"scaleY":0.2986,"transform":"noScale"},{"name":"G6","parent":"G02","x":6.99,"y":-2.68,"scaleX":0.3,"scaleY":0.3,"transform":"noScale"},{"name":"G7","parent":"G02","x":5.21,"y":8.52,"scaleX":0.3,"scaleY":0.3,"transform":"noScale"},{"name":"G8","parent":"G02","x":9.41,"y":0.74,"scaleX":0.3,"scaleY":0.3,"transform":"noScale"},{"name":"G9","parent":"G02","x":0.14,"y":-6.99,"scaleX":0.3,"scaleY":0.3,"transform":"noScale"},{"name":"G10","parent":"G02","x":-3.7,"y":-8.59,"scaleX":0.3,"scaleY":0.3,"transform":"noScale"},{"name":"G11","parent":"G02","x":-11.84,"y":6.35,"scaleX":0.3,"scaleY":0.3,"transform":"noScale"},{"name":"G12","parent":"G02","x":-9.32,"y":7.88,"scaleX":0.3,"scaleY":0.3,"transform":"noScale"},{"name":"G13","parent":"G02","x":0.03,"y":11.99,"scaleX":0.3,"scaleY":0.3,"transform":"noScale"},{"name":"G14","parent":"G02","x":0.8,"y":-8.19,"scaleX":0.3,"scaleY":0.3,"transform":"noScale"},{"name":"G15","parent":"G02","x":-10.07,"y":-3.48,"scaleX":0.3,"scaleY":0.3,"transform":"noScale"},{"name":"G16","parent":"G02","x":6.76,"y":-4.08,"scaleX":0.3,"scaleY":0.3,"transform":"noScale"}],"slots":[{"name":"G00","bone":"G00","blend":"additive"},{"name":"G05","bone":"G05","blend":"additive"},{"name":"G06","bone":"G06","blend":"additive"},{"name":"G02","bone":"G5","blend":"additive"},{"name":"G5","bone":"G6","blend":"additive"},{"name":"G6","bone":"G7","blend":"additive"},{"name":"G7","bone":"G8","blend":"additive"},{"name":"G8","bone":"G9","blend":"additive"},{"name":"G9","bone":"G10","blend":"additive"},{"name":"G10","bone":"G11","blend":"additive"},{"name":"G11","bone":"G12","blend":"additive"},{"name":"G12","bone":"G13","blend":"additive"},{"name":"G13","bone":"G14","blend":"additive"},{"name":"G14","bone":"G15","blend":"additive"},{"name":"G15","bone":"G16","blend":"additive"}],"skins":[{"name":"default","attachments":{"G00":{"G00":{"color":"ffda00ff","width":512,"height":512}},"G02":{"G02":{"width":57,"height":57}},"G05":{"G05":{"color":"70ffecff","width":512,"height":512}},"G5":{"G02":{"width":57,"height":57}},"G06":{"G06":{"width":512,"height":512}},"G6":{"G02":{"width":57,"height":57}},"G7":{"G02":{"width":57,"height":57}},"G8":{"G02":{"width":57,"height":57}},"G9":{"G02":{"width":57,"height":57}},"G10":{"G02":{"width":57,"height":57}},"G11":{"G02":{"width":57,"height":57}},"G12":{"G02":{"width":57,"height":57}},"G13":{"G02":{"width":57,"height":57}},"G14":{"G02":{"width":57,"height":57}},"G15":{"G02":{"width":57,"height":57}}}}],"animations":{"on":{"slots":{"G00":{"color":[{"time":0.2,"color":"ffffff00","curve":0.25,"c3":0.75},{"time":0.4,"color":"ffffffff","curve":0.25,"c3":0.75},{"time":0.7333,"color":"ffffff00"}],"attachment":[{"time":0.2,"name":"G00"}]},"G02":{"color":[{"time":0.2,"color":"ffffff00","curve":0.129,"c2":0.17,"c3":0.75},{"time":0.3667,"color":"ffffffff","curve":0.102,"c2":0.16,"c3":0.75},{"time":0.6,"color":"ffffff00"}],"attachment":[{"time":0.2,"name":"G02"}]},"G05":{"color":[{"color":"ffffffff","curve":0.25,"c3":0.75},{"time":0.2,"color":"ffffff00"}],"attachment":[{"name":"G05"}]},"G5":{"color":[{"time":0.2,"color":"ffffff00","curve":0.129,"c2":0.17,"c3":0.75},{"time":0.3667,"color":"ffe1009c","curve":0.102,"c2":0.16,"c3":0.75},{"time":0.6,"color":"ffffff00"}],"attachment":[{"time":0.2,"name":"G02"}]},"G06":{"color":[{"color":"ffffff00","curve":0.25,"c3":0.75},{"time":0.0667,"color":"cffffbff","curve":0.25,"c3":0.75},{"time":0.2,"color":"ffffff00","curve":"stepped"},{"time":0.4,"color":"ffffff00","curve":0.25,"c3":0.75},{"time":0.5,"color":"fff600ff","curve":0.25,"c3":0.75},{"time":0.7333,"color":"ffbc0000"}],"attachment":[{"name":"G06"}]},"G6":{"color":[{"time":0.2,"color":"ffffff00","curve":0.129,"c2":0.17,"c3":0.75},{"time":0.3667,"color":"ffffffff","curve":0.102,"c2":0.16,"c3":0.75},{"time":0.6,"color":"ffffff00"}],"attachment":[{"time":0.2,"name":"G02"}]},"G7":{"color":[{"time":0.2,"color":"ffffff00","curve":0.129,"c2":0.17,"c3":0.75},{"time":0.3667,"color":"ff9700ff","curve":0.102,"c2":0.16,"c3":0.75},{"time":0.6,"color":"ffffff00"}],"attachment":[{"time":0.2,"name":"G02"}]},"G8":{"color":[{"time":0.2,"color":"ffffff00","curve":0.129,"c2":0.17,"c3":0.75},{"time":0.3667,"color":"ffffffff","curve":0.102,"c2":0.16,"c3":0.75},{"time":0.6,"color":"ffffff00"}],"attachment":[{"time":0.2,"name":"G02"}]},"G9":{"color":[{"time":0.2,"color":"ffffff00","curve":0.129,"c2":0.17,"c3":0.75},{"time":0.3667,"color":"ffe62dff","curve":0.102,"c2":0.16,"c3":0.75},{"time":0.6,"color":"ffffff00"}],"attachment":[{"time":0.2,"name":"G02"}]},"G10":{"color":[{"time":0.2,"color":"ffffff00","curve":0.129,"c2":0.17,"c3":0.75},{"time":0.3667,"color":"ffe62dff","curve":0.102,"c2":0.16,"c3":0.75},{"time":0.6,"color":"ffffff00"}],"attachment":[{"time":0.2,"name":"G02"}]},"G11":{"color":[{"time":0.2,"color":"ffffff00","curve":0.129,"c2":0.17,"c3":0.75},{"time":0.3667,"color":"ff9700ff","curve":0.102,"c2":0.16,"c3":0.75},{"time":0.6,"color":"ffffff00"}],"attachment":[{"time":0.2,"name":"G02"}]},"G12":{"color":[{"time":0.2,"color":"ffffff00","curve":0.129,"c2":0.17,"c3":0.75},{"time":0.3667,"color":"ffe62dff","curve":0.102,"c2":0.16,"c3":0.75},{"time":0.6,"color":"ffffff00"}],"attachment":[{"time":0.2,"name":"G02"}]},"G13":{"color":[{"time":0.2,"color":"ffffff00","curve":0.129,"c2":0.17,"c3":0.75},{"time":0.3667,"color":"ff9700ff","curve":0.102,"c2":0.16,"c3":0.75},{"time":0.6,"color":"ffffff00"}],"attachment":[{"time":0.2,"name":"G02"}]},"G14":{"color":[{"time":0.2,"color":"ffffff00","curve":0.129,"c2":0.17,"c3":0.75},{"time":0.3667,"color":"ffe62dff","curve":0.102,"c2":0.16,"c3":0.75},{"time":0.6,"color":"ffffff00"}],"attachment":[{"time":0.2,"name":"G02"}]},"G15":{"color":[{"time":0.2,"color":"ffffff00","curve":0.129,"c2":0.17,"c3":0.75},{"time":0.3667,"color":"ffffffff","curve":0.102,"c2":0.16,"c3":0.75},{"time":0.6,"color":"ffffff00"}],"attachment":[{"time":0.2,"name":"G02"}]}},"bones":{"G00":{"scale":[{"time":0.2,"x":0.5,"y":0.5,"curve":0.141,"c2":0.4,"c4":0.85},{"time":0.4,"x":3,"y":3,"curve":0,"c2":0.29,"c4":0.74},{"time":0.7333,"x":0,"y":0}]},"G05":{"rotate":[{"angle":180},{"time":0.2,"angle":-10.8}],"scale":[{"x":2,"y":2,"curve":0.25,"c3":0.75},{"time":0.2,"x":0,"y":0}]},"G06":{"scale":[{"x":0.5,"y":0.5,"curve":0.25,"c3":0.75},{"time":0.0667,"curve":0.25,"c3":0.75},{"time":0.1333,"x":0,"y":0,"curve":"stepped"},{"time":0.4,"x":0,"y":0,"curve":0.122,"c2":0.41,"c3":0.75},{"time":0.7333,"x":2,"y":2}]},"G5":{"rotate":[{"angle":17.36,"curve":0.311,"c2":0.25,"c3":0.757},{"time":0.2,"angle":180,"curve":0.25,"c3":0.75},{"time":0.6667,"curve":0.29,"c3":0.629,"c4":0.38},{"time":0.7333,"angle":17.36}],"scale":[{"time":0.2},{"time":0.4,"x":3.349,"y":3.349},{"time":0.6,"x":1.675,"y":1.675},{"time":0.7333}]},"G6":{"rotate":[{"angle":80.85,"curve":0.378,"c2":0.52,"c3":0.747},{"time":0.1333,"curve":0.25,"c3":0.75},{"time":0.5,"angle":180,"curve":0.248,"c3":0.629,"c4":0.52},{"time":0.7333,"angle":80.85}],"scale":[{"time":0.2},{"time":0.4,"x":3.333,"y":3.333},{"time":0.6,"x":1.667,"y":1.667},{"time":0.7333}]},"G7":{"rotate":[{"curve":0.25,"c3":0.75},{"time":0.3,"angle":180,"curve":0.25,"c3":0.75},{"time":0.7333}],"scale":[{"time":0.2},{"time":0.4,"x":3.333,"y":3.333},{"time":0.6,"x":1.667,"y":1.667},{"time":0.7333}]},"G8":{"rotate":[{"angle":134.68,"curve":0.346,"c2":0.38,"c3":0.757},{"time":0.2,"curve":0.25,"c3":0.75},{"time":0.6,"angle":180,"curve":0.268,"c3":0.618,"c4":0.42},{"time":0.7333,"angle":134.68}],"scale":[{"time":0.2},{"time":0.4,"x":3.333,"y":3.333},{"time":0.6,"x":1.667,"y":1.667},{"time":0.7333}]},"G9":{"rotate":[{"angle":62.6,"curve":0.382,"c2":0.55,"c3":0.741},{"time":0.1,"curve":0.25,"c3":0.75},{"time":0.4667,"angle":180,"curve":0.245,"c3":0.64,"c4":0.57},{"time":0.7333,"angle":62.6}],"scale":[{"time":0.2},{"time":0.4,"x":3.333,"y":3.333},{"time":0.6,"x":1.667,"y":1.667},{"time":0.7333}]},"G10":{"rotate":[{"angle":180,"curve":0.25,"c3":0.75},{"time":0.3333,"curve":0.25,"c3":0.75},{"time":0.7333,"angle":180}],"scale":[{"time":0.2},{"time":0.4,"x":3.333,"y":3.333},{"time":0.6,"x":1.667,"y":1.667},{"time":0.7333}]},"G11":{"rotate":[{"angle":109.82,"curve":0.381,"c2":0.54,"c3":0.744},{"time":0.1,"angle":180,"curve":0.25,"c3":0.75},{"time":0.5,"curve":0.246,"c3":0.635,"c4":0.55},{"time":0.7333,"angle":109.82}],"scale":[{"time":0.2},{"time":0.4,"x":3.333,"y":3.333},{"time":0.6,"x":1.667,"y":1.667},{"time":0.7333}]},"G12":{"rotate":[{"angle":180,"curve":0.25,"c3":0.75},{"time":0.3333,"curve":0.25,"c3":0.75},{"time":0.7333,"angle":180}],"scale":[{"time":0.2},{"time":0.4,"x":3.333,"y":3.333},{"time":0.6,"x":1.667,"y":1.667},{"time":0.7333}]},"G13":{"rotate":[{"angle":70.18,"curve":0.365,"c2":0.45,"c3":0.754},{"time":0.1333,"angle":180,"curve":0.25,"c3":0.75},{"time":0.5667,"curve":0.256,"c3":0.619,"c4":0.46},{"time":0.7333,"angle":70.18}],"scale":[{"time":0.2},{"time":0.4,"x":3.333,"y":3.333},{"time":0.6,"x":1.667,"y":1.667},{"time":0.7333}]},"G14":{"rotate":[{"angle":150.56,"curve":0.329,"c2":0.32,"c3":0.758},{"time":0.2,"curve":0.25,"c3":0.75},{"time":0.6333,"angle":180,"curve":0.279,"c3":0.622,"c4":0.39},{"time":0.7333,"angle":150.56}],"scale":[{"time":0.2},{"time":0.4,"x":3.333,"y":3.333},{"time":0.6,"x":1.667,"y":1.667},{"time":0.7333}]},"G15":{"rotate":[{"angle":51.08,"curve":0.351,"c2":0.4,"c3":0.757},{"time":0.1667,"angle":180,"curve":0.25,"c3":0.75},{"time":0.6,"curve":0.265,"c3":0.618,"c4":0.43},{"time":0.7333,"angle":51.08}],"scale":[{"time":0.2},{"time":0.4,"x":3.333,"y":3.333},{"time":0.6,"x":1.667,"y":1.667},{"time":0.7333}]},"G16":{"rotate":[{"angle":180,"curve":0.25,"c3":0.75},{"time":0.3333,"curve":0.25,"c3":0.75},{"time":0.7333,"angle":180}],"scale":[{"time":0.2},{"time":0.4,"x":3.333,"y":3.333},{"time":0.6,"x":1.667,"y":1.667},{"time":0.7333}]},"G02":{"translate":[{"x":22.93,"y":-24.21}],"scale":[{"time":0.2,"curve":0.512,"c2":0.92,"c3":0.777},{"time":0.4667,"x":29.064,"y":28.386}]}}}}}