{"skeleton":{"hash":"CQf+40QNREfsTjav0ofpn6JDNcY","spine":"3.8.99","x":-88.85,"y":69.37,"width":132,"height":190.68,"images":"../","audio":"D:/work/CryptoGladiator/美术资源/角色/斯巴达人物拆分/斯巴达(标准)"},"bones":[{"name":"root"},{"name":"GDbody","parent":"root","rotation":90,"x":-17.31,"y":126.6,"transform":"noRotationOrReflection","color":"fff900ff"},{"name":"shenti","parent":"GDbody","length":34.17,"color":"fff900ff"},{"name":"shenti2","parent":"shenti","length":61.37,"rotation":6.34,"x":35.07,"color":"fff900ff"},{"name":"GDhead","parent":"shenti2","rotation":90,"x":62.87,"y":4.36,"transform":"noRotationOrReflection","color":"ff0000ff"},{"name":"GDRarm","parent":"shenti2","rotation":-111.67,"x":65.18,"y":48.04,"transform":"noRotationOrReflection","color":"2bff00ff"},{"name":"GDLarm","parent":"shenti2","rotation":-84.08,"x":57.76,"y":-47.2,"transform":"noRotationOrReflection","color":"0040ffff"},{"name":"GDRleg","parent":"root","rotation":-96.65,"x":-39.79,"y":98.53,"transform":"noRotationOrReflection","color":"1eff00ff"},{"name":"GDLleg","parent":"root","rotation":-79.94,"x":4.42,"y":101.28,"transform":"noRotationOrReflection","color":"0000ffff"},{"name":"shenti3","parent":"shenti","length":46.86,"rotation":169.42,"x":7.04,"y":29.28,"color":"fff900ff"},{"name":"shenti4","parent":"shenti","length":37.12,"rotation":-165.96,"x":6.62,"y":-26.06,"color":"fff900ff"},{"name":"shenti5","parent":"shenti","length":49.18,"rotation":-178.39,"x":6.28,"y":-0.86,"color":"fff900ff"}],"slots":[{"name":"shenti","bone":"shenti","attachment":"斯巴达人物拆分小/斯巴达(标准)/shenti"},{"name":"weiqun","bone":"shenti","attachment":"斯巴达人物拆分小/斯巴达(标准)/weiqun"}],"skins":[{"name":"pang","attachments":{"shenti":{"斯巴达人物拆分小/斯巴达(标准)/shenti":{"name":"斯巴达人物拆分小/斯巴达(胖)/shenti","type":"mesh","uvs":[1,0.29359,1,0.57324,1,1,0.84891,1,0.64225,1,0.21389,1,0,1,0,0.57868,0,0.18679,0,0,0.40552,0,0.63097,0,1,0,0.66291,0.51894,0.66667,0.71987,0.63097,0.30171,0.89213,0.22206,0.31534,0.06819,0.74558,0.11345,0.38673,0.73073,0.33037,0.56962,0.95788,0.73978,0.1237,0.76875],"triangles":[18,11,12,17,9,10,10,11,15,17,10,15,15,11,18,16,18,12,16,12,0,15,18,16,13,15,16,20,8,15,20,15,13,13,16,0,1,13,0,14,13,1,19,20,13,22,7,20,7,8,20,8,17,15,8,9,17,22,20,19,5,22,19,6,22,5,21,1,2,4,19,14,5,19,4,3,14,21,4,14,3,3,21,2,14,19,13,21,14,1,6,7,22],"vertices":[1,3,51.14,-66.51,1,1,3,13.06,-62.28,1,1,2,-3.54,-60.46,1,1,2,-3.54,-40.51,1,1,2,-3.54,-13.23,1,1,2,-3.54,43.31,1,1,2,-3.54,71.54,1,1,3,26.9,68.99,1,1,3,80.26,63.07,1,1,3,105.69,60.24,1,1,3,99.78,7.04,1,1,3,96.49,-22.54,1,1,3,91.11,-70.95,1,1,3,25.37,-18.88,1,1,2,34.83,-16.46,1,1,3,55.41,-17.98,1,1,3,62.45,-53.44,1,1,3,91.81,19.9,1,1,3,79.37,-35.86,1,1,2,33.35,20.49,1,1,3,23.31,25.52,1,1,2,32.11,-54.9,1,1,2,28.14,55.21,1],"hull":13,"edges":[18,20,22,24,20,22,12,14,4,2,4,6,6,8,8,10,10,12,14,16,16,18,30,16,2,0,0,24],"width":132,"height":137}},"weiqun":{"斯巴达人物拆分小/斯巴达(标准)/weiqun":{"name":"斯巴达人物拆分小/斯巴达(胖)/weiqun","type":"mesh","uvs":[1,0.26006,1,0.45049,1,0.68209,1,1,0.28007,1,0,1,0,0.79278,0,0.51743,0,0,1,0,0.06092,0.23179,0.28809,0.30126,0.53739,0.3064,0.76456,0.29353,0.54141,0.52771,0.54745,0.74387,0.56152,0.87253,0.77864,0.47366,0.80076,0.74643,0.28207,0.56374,0.268,0.78762],"triangles":[16,18,3,18,2,3,18,17,2,17,1,2,18,14,17,16,20,15,19,14,15,16,15,18,18,15,14,4,16,3,15,20,19,20,16,4,5,20,4,5,6,20,20,6,19,19,6,7,17,13,1,19,7,11,14,19,11,17,14,12,17,12,13,14,11,12,11,7,10,12,8,9,11,8,12,8,11,10,13,12,9,0,13,9,7,8,10,13,0,1],"vertices":[1,2,-1.73,-44.65,1,2,2,-16.01,-44.65,0.32,10,26.47,12.54,0.68,1,10,43.32,8.33,1,1,10,66.45,2.55,1,2,9,62.29,16.53,0.696,11,62.77,-27.11,0.304,1,9,67.23,-9.9,1,1,9,51.95,-12.76,1,2,2,-21.03,51.35,0.32,9,31.65,-16.55,0.68,1,2,17.78,51.35,1,1,2,17.77,-44.65,1,1,2,0.39,45.5,1,1,2,-4.82,23.69,1,1,2,-5.2,-0.24,1,1,2,-4.24,-22.05,1,2,2,-21.8,-0.62,0.32,11,28.07,-1.03,0.68,1,11,44.29,-0.91,1,1,11,53.97,0.17,1,3,2,-17.75,-23.4,0.32,11,24.66,21.85,0.20672,10,23,-8.49,0.47328,2,11,45.17,23.39,0.304,10,43.36,-11.39,0.696,3,2,-24.5,24.27,0.32,9,30.09,10.71,0.47328,11,30.07,-25.99,0.20672,2,9,46.85,12.46,0.696,11,46.81,-27.82,0.304],"hull":10,"edges":[16,18,0,18,4,6,0,2,2,4,14,16,10,12,12,14,6,8,8,10],"width":96,"height":75}}}}],"animations":{"ATTACKSWORD1":{"bones":{"shenti":{"rotate":[{"angle":-3.41,"curve":0.25,"c3":0.75},{"time":0.1667,"angle":-13.5,"curve":0.25,"c3":0.75},{"time":0.3333,"angle":0.58,"curve":0.25,"c3":0.75},{"time":0.5,"angle":4.6,"curve":0.25,"c3":0.75},{"time":0.5333,"angle":-35.43,"curve":0.25,"c3":0.75},{"time":0.6,"angle":-43.53,"curve":0.363,"c2":0.44,"c3":0.755},{"time":0.8,"angle":-35.43,"curve":0.25,"c3":0.75},{"time":0.9667,"angle":-3.41}],"translate":[{"x":-7.09,"y":-17.22,"curve":0.25,"c3":0.75},{"time":0.1667,"x":-26.53,"y":-7.7,"curve":0.25,"c3":0.75},{"time":0.3333,"x":4.37,"y":28.91,"curve":0.25,"c3":0.75},{"time":0.5,"x":8.27,"y":35.69,"curve":0.25,"c3":0.75},{"time":0.5333,"x":-27.31,"y":-49.95,"curve":0.25,"c3":0.75},{"time":0.6,"x":-27.31,"y":-71.91,"curve":0.25,"c3":0.75},{"time":0.8,"x":-25.74,"y":-42.98,"curve":0.25,"c3":0.75},{"time":0.9667,"x":-7.09,"y":-17.22}]},"shenti2":{"rotate":[{"angle":-10.41,"curve":0.25,"c3":0.75},{"time":0.1667,"angle":-17.85,"curve":0.25,"c3":0.75},{"time":0.3333,"angle":12.43,"curve":"stepped"},{"time":0.5,"angle":12.43,"curve":0.25,"c3":0.75},{"time":0.5333,"angle":-14.47,"curve":"stepped"},{"time":0.8,"angle":-14.47,"curve":0.25,"c3":0.75},{"time":0.9667,"angle":-10.41}],"scale":[{"y":1.007}]},"shenti3":{"rotate":[{"angle":-0.87,"curve":0.25,"c3":0.75},{"time":0.1667,"angle":15.81,"curve":0.375,"c2":0.5,"c3":0.75},{"time":0.3333,"angle":10.3,"curve":0.25,"c3":0.75},{"time":0.5,"angle":4.19,"curve":0.25,"c3":0.75},{"time":0.5333,"angle":-22.66,"curve":0.25,"c3":0.75},{"time":0.8,"angle":22.16,"curve":0.25,"c3":0.75},{"time":0.9667,"angle":-0.87}]},"shenti4":{"rotate":[{"angle":11.62,"curve":0.25,"c3":0.75},{"time":0.1667,"angle":43.22,"curve":0.375,"c2":0.5,"c3":0.75},{"time":0.3333,"angle":45.74,"curve":0.25,"c3":0.75},{"time":0.5,"angle":54.21,"curve":0.25,"c3":0.75},{"time":0.5333,"angle":86.51,"curve":0.25,"c3":0.75},{"time":0.8,"angle":84.21,"curve":0.25,"c3":0.75},{"time":0.9667,"angle":11.62}],"translate":[{"time":0.5,"curve":0.25,"c3":0.75},{"time":0.5333,"x":13.54,"y":2.83,"curve":0.25,"c3":0.75},{"time":0.8}]},"shenti5":{"rotate":[{"angle":1.47,"curve":0.25,"c3":0.75},{"time":0.1667,"angle":29.86,"curve":0.375,"c2":0.5,"c3":0.75},{"time":0.3333,"angle":20.24,"curve":0.25,"c3":0.75},{"time":0.5,"angle":7.22,"curve":0.25,"c3":0.75},{"time":0.5333,"angle":-5.54,"curve":0.25,"c3":0.75},{"time":0.8,"angle":44.24,"curve":0.25,"c3":0.75},{"time":0.9667,"angle":1.47}]}}},"BACK":{"bones":{"shenti":{"rotate":[{"angle":-2.33}],"translate":[{"x":-12.48,"y":-24.42,"curve":0.25,"c3":0.75},{"time":0.1667,"x":-2.32,"y":-24.42,"curve":0.25,"c3":0.75},{"time":0.3333,"x":-0.46,"y":-24.42,"curve":0.25,"c3":0.75},{"time":0.5,"x":-12.48,"y":-24.42,"curve":0.25,"c3":0.75},{"time":0.6667,"x":-2.32,"y":-24.42,"curve":0.25,"c3":0.75},{"time":0.8333,"x":-0.46,"y":-24.42,"curve":0.25,"c3":0.75},{"time":1,"x":-12.48,"y":-24.42}]},"shenti2":{"rotate":[{"angle":-4.6,"curve":0.25,"c3":0.75},{"time":0.2667,"angle":-6.98,"curve":0.25,"c3":0.75},{"time":0.5,"angle":-4.6,"curve":0.25,"c3":0.75},{"time":0.7667,"angle":-6.98,"curve":0.25,"c3":0.75},{"time":1,"angle":-4.6}],"scale":[{"y":1.007}]},"shenti3":{"rotate":[{"angle":-0.87,"curve":0.25,"c3":0.75},{"time":0.2667,"angle":17.29,"curve":0.25,"c3":0.75},{"time":0.5,"angle":-0.87,"curve":0.25,"c3":0.75},{"time":0.7667,"angle":17.29,"curve":0.25,"c3":0.75},{"time":1,"angle":-0.87}]},"shenti4":{"rotate":[{"angle":33.91,"curve":0.25,"c3":0.75},{"time":0.2667,"angle":30.22,"curve":0.25,"c3":0.75},{"time":0.5,"angle":9.1,"curve":0.25,"c3":0.75},{"time":0.7667,"angle":21.43,"curve":0.25,"c3":0.75},{"time":1,"angle":33.91}]},"shenti5":{"rotate":[{"angle":6.26,"curve":0.25,"c3":0.75},{"time":0.2667,"angle":23.72,"curve":0.25,"c3":0.75},{"time":0.5,"angle":39.39,"curve":0.248,"c3":0.628,"c4":0.52},{"time":0.7667,"angle":36.98,"curve":0.378,"c2":0.52,"c3":0.748},{"time":1,"angle":6.26}]}}},"DEATH":{"bones":{"shenti":{"rotate":[{"angle":-3.41,"curve":0.25,"c3":0.75},{"time":0.0667,"angle":-15.45,"curve":0.25,"c3":0.75},{"time":0.2667,"angle":11.21,"curve":0.25,"c3":0.625,"c4":0.5},{"time":0.4333,"angle":4.24,"curve":0.339,"c2":0.35,"c3":0.679,"c4":0.7},{"time":0.5,"angle":0.64,"curve":0.382,"c2":0.58,"c3":0.731},{"time":0.6,"angle":-2.72,"curve":0.25,"c3":0.75},{"time":0.7667,"angle":0.88,"curve":0.25,"c3":0.75},{"time":0.9333,"angle":-92.74,"curve":0.25,"c3":0.75},{"time":1.1,"angle":-86.06}],"translate":[{"x":-7.09,"y":-17.22,"curve":0.25,"c3":0.75},{"time":0.0667,"x":0.91,"y":6.74,"curve":0.25,"c3":0.75},{"time":0.2667,"x":18.05,"y":-61,"curve":0.25,"c3":0.75},{"time":0.4333,"x":-45.81,"y":-114.77,"curve":0.25,"c3":0.75},{"time":0.5,"x":-34.38,"y":-110.88,"curve":0.25,"c3":0.75},{"time":0.6,"x":-57.08,"y":-102.83,"curve":0.25,"c3":0.75},{"time":0.7667,"x":-49.76,"y":-112.35,"curve":0.25,"c3":0.75},{"time":0.9333,"x":-91.94,"y":-216.41,"curve":0.25,"c3":0.75},{"time":1,"x":-76.03,"y":-216.41,"curve":0.25,"c3":0.75},{"time":1.1,"x":-91.94,"y":-216.41,"curve":"stepped"},{"time":1.7667,"x":-91.94,"y":-216.41}]},"shenti2":{"rotate":[{"angle":-10.41,"curve":0.25,"c3":0.75},{"time":0.0667,"angle":-35.98,"curve":0.25,"c3":0.75},{"time":0.2667,"angle":4.1,"curve":0.25,"c3":0.75},{"time":0.6,"angle":-13,"curve":0.25,"c3":0.75},{"time":0.9333,"angle":8.22,"curve":0.25,"c3":0.75},{"time":1,"angle":-9.64,"curve":0.25,"c3":0.75},{"time":1.1667,"angle":9.56,"curve":0.25,"c3":0.75},{"time":1.3,"angle":-5.17}],"scale":[{"y":1.007}]},"shenti3":{"rotate":[{"angle":-0.87,"curve":0.25,"c3":0.75},{"time":0.0667,"angle":28.5},{"time":0.2667,"angle":-23.6},{"time":0.5,"angle":-31.14},{"time":0.7333,"angle":-11.51},{"time":1,"angle":-23.2},{"time":1.5,"angle":19.39}]},"shenti4":{"rotate":[{"angle":11.62,"curve":0.25,"c3":0.75},{"time":0.0667,"angle":34.01},{"time":0.2667,"angle":34.17},{"time":0.5,"angle":40.49},{"time":0.7333,"angle":1.85},{"time":1,"angle":-9.84},{"time":1.5,"angle":6.38}]},"shenti5":{"rotate":[{"angle":1.47,"curve":0.25,"c3":0.75},{"time":0.0667,"angle":22.92},{"time":0.2667,"angle":1.47},{"time":0.5,"angle":7.72},{"time":0.7333,"angle":-6.24},{"time":1,"angle":-17.92},{"time":1.5,"angle":22.92}]}}},"HIT":{"bones":{"shenti":{"rotate":[{"angle":-3.41,"curve":0.25,"c3":0.75},{"time":0.0667,"angle":-15.45,"curve":0.25,"c3":0.75},{"time":0.1667,"angle":11.21,"curve":0.25,"c3":0.75},{"time":0.2333,"angle":14.41,"curve":0.25,"c3":0.75},{"time":0.5,"angle":-11.79,"curve":0.25,"c3":0.75},{"time":0.6667,"angle":-3.41}],"translate":[{"x":-7.09,"y":-17.22,"curve":0.25,"c3":0.75},{"time":0.0667,"x":0.91,"y":1.4,"curve":0.25,"c3":0.75},{"time":0.1667,"x":4.62,"y":12.31,"curve":0.25,"c3":0.75},{"time":0.2333,"x":0.65,"y":-8.06,"curve":0.25,"c3":0.75},{"time":0.3333,"x":-17.02,"y":-26.49,"curve":0.25,"c3":0.75},{"time":0.5,"x":-23.01,"y":-31.15,"curve":0.25,"c3":0.75},{"time":0.6667,"x":-7.09,"y":-17.22}]},"shenti2":{"rotate":[{"angle":-10.41,"curve":0.25,"c3":0.75},{"time":0.0667,"angle":-35.98,"curve":0.25,"c3":0.75},{"time":0.1667,"angle":4.1,"curve":0.25,"c3":0.75},{"time":0.2333,"angle":7.1,"curve":0.25,"c3":0.75},{"time":0.5,"angle":-23.95,"curve":0.25,"c3":0.75},{"time":0.6667,"angle":-10.41}],"scale":[{"y":1.007}]},"shenti3":{"rotate":[{"angle":-0.87,"curve":0.25,"c3":0.75},{"time":0.0667,"angle":11.05,"curve":0.25,"c3":0.75},{"time":0.1667,"angle":-0.87,"curve":0.25,"c3":0.75},{"time":0.3333,"angle":-40.95,"curve":0.25,"c3":0.75},{"time":0.5,"angle":10.19,"curve":0.25,"c3":0.75},{"time":0.6667,"angle":-0.87}]},"shenti4":{"rotate":[{"angle":11.62,"curve":0.25,"c3":0.75},{"time":0.0667,"angle":49.09,"curve":0.25,"c3":0.75},{"time":0.1667,"angle":27.52,"curve":0.25,"c3":0.75},{"time":0.3333,"angle":53.4,"curve":0.25,"c3":0.75},{"time":0.5,"angle":44.35,"curve":0.25,"c3":0.75},{"time":0.6667,"angle":11.62}]},"shenti5":{"rotate":[{"angle":1.47,"curve":0.25,"c3":0.75},{"time":0.0667,"angle":38.94,"curve":0.25,"c3":0.75},{"time":0.1667,"angle":6.82,"curve":0.25,"c3":0.75},{"time":0.3333,"angle":-16.06,"curve":0.25,"c3":0.75},{"time":0.5,"angle":25.54,"curve":0.25,"c3":0.75},{"time":0.6667,"angle":1.47}]}}},"IDLE":{"bones":{"shenti":{"rotate":[{"angle":-3.41}],"translate":[{"x":-7.09,"y":-17.22,"curve":0.25,"c3":0.75},{"time":0.6667,"x":-18.17,"y":-17.22,"curve":0.25,"c3":0.75},{"time":1.3333,"x":-7.09,"y":-17.22}]},"shenti2":{"rotate":[{"angle":-10.41,"curve":0.25,"c3":0.75},{"time":0.1667,"angle":-11.01,"curve":0.25,"c3":0.75},{"time":0.8333,"angle":-7.75,"curve":0.25,"c3":0.75},{"time":1.3333,"angle":-10.41}],"scale":[{"y":1.007,"curve":0.25,"c3":0.75},{"time":0.5,"y":1.037,"curve":0.25,"c3":0.75},{"time":1.1667,"curve":0.25,"c3":0.75},{"time":1.3333,"y":1.007}]},"shenti3":{"rotate":[{"angle":-0.87,"curve":0.25,"c3":0.75},{"time":0.1667,"curve":0.25,"c3":0.75},{"time":0.8333,"angle":-4.72,"curve":0.25,"c3":0.75},{"time":1.3333,"angle":-0.87}]},"shenti4":{"rotate":[{"angle":11.62,"curve":0.25,"c3":0.75},{"time":0.1667,"angle":10.68,"curve":0.25,"c3":0.75},{"time":0.8333,"angle":15.79,"curve":0.25,"c3":0.75},{"time":1.3333,"angle":11.62}]},"shenti5":{"rotate":[{"angle":1.47,"curve":0.25,"c3":0.75},{"time":0.1667,"curve":0.25,"c3":0.75},{"time":0.8333,"angle":7.95,"curve":0.25,"c3":0.75},{"time":1.3333,"angle":1.47}]}}},"WALK":{"bones":{"shenti":{"rotate":[{"angle":-5.78}],"translate":[{"x":-4.7,"y":-24.42,"curve":0.25,"c3":0.75},{"time":0.1333,"x":0.98,"y":-24.42,"curve":0.25,"c3":0.75},{"time":0.2667,"x":3.56,"y":-24.42,"curve":0.25,"c3":0.75},{"time":0.4,"x":-4.7,"y":-24.42,"curve":0.25,"c3":0.75},{"time":0.5333,"x":0.98,"y":-24.42,"curve":0.25,"c3":0.75},{"time":0.6667,"x":3.56,"y":-24.42,"curve":0.25,"c3":0.75},{"time":0.8,"x":-4.7,"y":-24.42}]},"shenti2":{"rotate":[{"angle":-18.16,"curve":0.25,"c3":0.75},{"time":0.2,"angle":-20.54,"curve":0.25,"c3":0.75},{"time":0.4,"angle":-18.16,"curve":0.25,"c3":0.75},{"time":0.6,"angle":-20.54,"curve":0.25,"c3":0.75},{"time":0.8,"angle":-18.16}],"scale":[{"y":1.007}]},"shenti3":{"rotate":[{"angle":-0.87,"curve":0.25,"c3":0.75},{"time":0.2,"angle":17.29,"curve":0.25,"c3":0.75},{"time":0.4,"angle":-0.87,"curve":0.25,"c3":0.75},{"time":0.6,"angle":17.29,"curve":0.25,"c3":0.75},{"time":0.8,"angle":-0.87}]},"shenti4":{"rotate":[{"angle":33.91,"curve":0.25,"c3":0.75},{"time":0.2,"angle":9.29,"curve":0.25,"c3":0.75},{"time":0.4,"angle":20.36,"curve":0.25,"c3":0.75},{"time":0.6,"angle":30.22,"curve":0.25,"c3":0.75},{"time":0.8,"angle":33.91}]},"shenti5":{"rotate":[{"angle":23.13,"curve":0.25,"c3":0.75},{"time":0.2,"angle":49.2,"curve":0.25,"c3":0.75},{"time":0.4,"angle":56.4,"curve":0.25,"c3":0.75},{"time":0.6,"angle":42.59,"curve":0.25,"c3":0.75},{"time":0.8,"angle":23.13}]}}}}}