{"skeleton":{"hash":"irtdwjWFKfHv1bctr1FcuqgFpdg","spine":"3.8.99","x":-10.72,"y":-62.5,"width":59,"height":66,"images":"../","audio":"D:/work/CryptoGladiator/美术资源/角色/斯巴达人物拆分/斯巴达(标准)"},"bones":[{"name":"root"}],"slots":[{"name":"斯巴达人物拆分小/1/hubizuo","bone":"root","attachment":"hubizuo"}],"skins":[{"name":"a2","attachments":{"斯巴达人物拆分小/1/hubizuo":{"hubizuo":{"name":"斯巴达人物拆分小/1/hubizuo","x":18.78,"y":-29.5,"width":59,"height":66}}}}],"animations":{"a":{}}}