{"skeleton":{"hash":"HRe9dUkMrSkyxdOtFTktg4z8P3o","spine":"3.8.99","x":-85.5,"y":-40.56,"width":271.88,"height":288.98,"images":"../","audio":""},"bones":[{"name":"root"},{"name":"1","parent":"root","x":-31.76,"y":13.27,"scaleX":1.1702,"scaleY":1.1702},{"name":"g1","parent":"root","x":60.84,"y":97.33},{"name":"map1/02","parent":"root","rotation":-28.08,"x":-81.99,"y":133.53},{"name":"x1","parent":"root","x":-56.03,"y":233.19},{"name":"x2","parent":"root","x":142.96,"y":233.19},{"name":"g2","parent":"root","x":60.84,"y":97.33},{"name":"g3","parent":"root","x":60.84,"y":97.33},{"name":"g4","parent":"root","x":60.84,"y":97.33},{"name":"g5","parent":"root","x":60.84,"y":97.33},{"name":"2","parent":"root","x":-15.09,"y":16.84,"scaleX":0.4048,"scaleY":0.4048},{"name":"x3","parent":"root","x":-56.03,"y":233.19},{"name":"x4","parent":"root","x":142.96,"y":233.19},{"name":"x5","parent":"root","x":-56.03,"y":233.19}],"slots":[{"name":"map1","bone":"root","attachment":"map1"},{"name":"root","bone":"root","attachment":"root"},{"name":"map1/02","bone":"map1/02","attachment":"map1/02","blend":"additive"},{"name":"map1/2","bone":"root","blend":"additive"},{"name":"map1/01","bone":"1","attachment":"map1/01","blend":"additive"},{"name":"map1/1","bone":"2","attachment":"map1/01","blend":"additive"},{"name":"map1/03","bone":"g1","blend":"additive"},{"name":"map1/4","bone":"x1","attachment":"map1/03","blend":"additive"},{"name":"map1/9","bone":"x3","attachment":"map1/03","blend":"additive"},{"name":"map1/13","bone":"x5","attachment":"map1/03","blend":"additive"},{"name":"map1/5","bone":"x2","attachment":"map1/03","blend":"additive"},{"name":"map1/11","bone":"x4","attachment":"map1/03","blend":"additive"},{"name":"map1/3","bone":"g2","blend":"additive"},{"name":"map1/6","bone":"g3","blend":"additive"},{"name":"map1/7","bone":"g4","blend":"additive"},{"name":"map1/8","bone":"g5","blend":"additive"},{"name":"map1/04","bone":"x2","attachment":"map1/04","blend":"additive"},{"name":"map1/12","bone":"x4","attachment":"map1/04","blend":"additive"},{"name":"map1/05","bone":"x1","attachment":"map1/05","blend":"additive"},{"name":"map1/10","bone":"x3","attachment":"map1/05","blend":"additive"},{"name":"map1/14","bone":"x5","attachment":"map1/05","blend":"additive"}],"skins":[{"name":"default","attachments":{"map1":{"map1":{"y":69.44,"width":171,"height":220}},"map1/01":{"map1/01":{"width":19,"height":19}},"map1/1":{"map1/01":{"width":19,"height":19}},"map1/02":{"map1/02":{"color":"ffffff5f","x":-1.79,"y":-1.22,"scaleX":26.1645,"scaleY":0.861,"rotation":-91.62,"width":9,"height":21}},"map1/2":{"map1/02":{"type":"mesh","uvs":[1,1,0,1,0,0,0.05592,0,0.12548,0,0.24064,0,0.32275,0,0.4288,0,0.54973,0,0.63411,0,0.74024,0,0.85658,0,1,0],"triangles":[1,2,3,11,12,0,10,11,0,9,10,0,8,9,0,1,7,8,1,6,7,1,5,6,1,4,5,1,3,4,8,0,1],"vertices":[52.59,113.61,71.87,120.65,72.37,100.48,71.57,99.65,70.47,98.04,68.99,95.84,66.77,94.29,64.49,92.09,62.67,91.15,60.35,90.2,57.71,89.62,55.61,90,52.61,91.28],"hull":13,"edges":[0,2,2,4,0,24,22,24,20,22,18,20,16,18,14,16,12,14,10,12,8,10,4,6,6,8],"width":9,"height":21}},"map1/03":{"map1/03":{"color":"63bc00ff","x":-1.96,"y":1.24,"scaleX":0.5209,"scaleY":0.5209,"width":8,"height":8}},"map1/3":{"map1/03":{"color":"63bc00ff","x":-1.96,"y":1.24,"scaleX":0.5209,"scaleY":0.5209,"width":8,"height":8}},"map1/04":{"map1/04":{"color":"5efaffff","x":9.27,"y":-12.19,"width":23,"height":25}},"map1/4":{"map1/03":{"color":"cdfffa4e","x":-6.06,"y":-10.68,"scaleX":5.2138,"scaleY":5.2138,"width":8,"height":8}},"map1/05":{"map1/05":{"color":"5efaffff","x":-8.21,"y":-8.48,"width":15,"height":16}},"map1/5":{"map1/03":{"color":"cdfffa4e","x":13.39,"y":-14.79,"scaleX":7.5054,"scaleY":7.5054,"width":8,"height":8}},"map1/6":{"map1/03":{"color":"63bc00ff","x":-1.96,"y":1.24,"scaleX":0.5209,"scaleY":0.5209,"width":8,"height":8}},"map1/7":{"map1/03":{"color":"63bc00ff","x":-1.96,"y":1.24,"scaleX":0.5209,"scaleY":0.5209,"width":8,"height":8}},"map1/8":{"map1/03":{"color":"63bc00ff","x":-1.96,"y":1.24,"scaleX":0.5209,"scaleY":0.5209,"width":8,"height":8}},"map1/9":{"map1/03":{"color":"cdfffa4e","x":-6.06,"y":-10.68,"scaleX":5.2138,"scaleY":5.2138,"width":8,"height":8}},"map1/10":{"map1/05":{"color":"5efaffff","x":-8.21,"y":-8.48,"width":15,"height":16}},"map1/11":{"map1/03":{"color":"cdfffa4e","x":13.39,"y":-14.79,"scaleX":7.5054,"scaleY":7.5054,"width":8,"height":8}},"map1/12":{"map1/04":{"color":"5efaffff","x":9.27,"y":-12.19,"width":23,"height":25}},"map1/13":{"map1/03":{"color":"cdfffa4e","x":-6.06,"y":-10.68,"scaleX":5.2138,"scaleY":5.2138,"width":8,"height":8}},"map1/14":{"map1/05":{"color":"5efaffff","x":-8.21,"y":-8.48,"width":15,"height":16}},"root":{"root":{"type":"clipping","end":"map1/02","vertexCount":123,"vertices":[-35.01,134.19,-34.16,125.64,-38.35,122.58,-40.23,121.63,-41.66,119.79,-37.55,121.58,-33.08,124.87,-27,133.19,-20.22,141.27,-18.61,141.5,-18.07,138.89,-22.38,131.42,-19.84,123.87,-10.83,134.27,-11.03,137.88,-5.33,139.09,-4.19,132.02,-1.01,129.66,0.38,133.94,4.05,130.41,3.32,126.73,0.84,123.62,1.05,114.19,9.12,120.56,14.6,125.71,12.28,121,13.78,118.6,35.73,22.21,30.23,17.31,32.33,16.57,37.82,20.73,39.48,17.35,42.01,16.58,44.04,18.47,46.41,18.22,47.26,19.83,50.63,19.82,51.16,21.1,52.77,22.82,52.7,24.22,50.99,24.96,51.13,30.29,49.88,30.79,49.62,21.36,48.59,20.82,47.69,22.69,46.23,22.2,45.98,28.49,47.96,31.68,47.62,32.89,35.75,22.24,13.79,118.65,21.64,127.46,22.71,129.91,17.66,142.23,14.86,143.25,13.59,131.46,11.82,130.3,6.13,133.86,4.1,130.49,0.43,133.97,2.36,139.76,3.89,141.27,8.56,137.16,11.89,147.7,6.38,157.15,6.4,160.68,4.09,162.63,2.97,162.44,1.65,158.22,0.17,156.31,-0.88,156.66,-2.72,154.3,-2.46,153.34,-2.99,150.96,-3.91,151.34,-4.92,153.36,-7.15,155.59,-8.11,155.61,-8.28,152.46,-6.59,147.97,-5.37,139.12,-11.07,137.92,-11.6,145.97,-8.75,146.89,-9.29,148.28,-10.6,149.9,-11.68,154.36,-13.06,154.36,-18.99,148.97,-21.76,148.28,-19.53,151.74,-17.91,154.98,-14.99,158.6,-10.37,161.68,-6.36,163.14,-5.67,164.76,-3.67,165.68,-1.03,170.63,-1.03,173.01,-2.42,173.48,-7.43,170.32,-16.2,165.78,-26.68,159,-28.45,156.15,-35.27,150.33,-44.2,141.78,-45.89,138.39,-44.58,135.7,-46.28,131.77,-48.5,128.52,-50.34,120.54,-50.47,114.76,-47.97,113.42,-45.64,117.43,-43.79,119.61,-44.31,121.04,-43.72,122.67,-41.95,124.21,-43.79,125.73,-44.09,128.88,-41.5,132.39,-38.35,134.7],"color":"ce3a3aff"}}}}],"animations":{"animation":{"slots":{"map1/2":{"color":[{"color":"ffffff1d","curve":0.25,"c3":0.75},{"time":1.5,"color":"53ff0060","curve":0.25,"c3":0.75},{"time":3.3333,"color":"ffffff1d"}],"attachment":[{"name":"map1/02"}]},"map1/03":{"color":[{"color":"ffffff00","curve":0.25,"c3":0.75},{"time":0.7667,"color":"ffffffff","curve":"stepped"},{"time":2.5333,"color":"ffffffff","curve":0.25,"c3":0.75},{"time":3.2667,"color":"ffffff00"}],"attachment":[{"name":"map1/03"}]},"map1/3":{"color":[{"time":0.2667,"color":"ffffffff","curve":0.25,"c3":0.75},{"time":1,"color":"ffffff00","curve":"stepped"},{"time":1.0667,"color":"ffffff00","curve":0.25,"c3":0.75},{"time":1.8,"color":"ffffffff"}],"attachment":[{"name":"map1/03"}]},"map1/04":{"color":[{"color":"ffffff8c","curve":"stepped"},{"time":0.4667,"color":"ffffff8c","curve":0.25,"c3":0.75},{"time":1.7667,"color":"ffffff00","curve":"stepped"},{"time":1.8,"color":"ffffff00","curve":0.25,"c3":0.75},{"time":2.5667,"color":"ffffff8c"}]},"map1/4":{"color":[{"color":"ffffff00","curve":0.25,"c3":0.75},{"time":0.7667,"color":"ffffffff","curve":"stepped"},{"time":2,"color":"ffffffff","curve":0.25,"c3":0.75},{"time":3.3,"color":"ffffff00"}]},"map1/05":{"color":[{"color":"ffffff00","curve":0.25,"c3":0.75},{"time":0.7667,"color":"ffffffa4","curve":"stepped"},{"time":2,"color":"ffffffa4","curve":0.25,"c3":0.75},{"time":3.3,"color":"ffffff00","curve":"stepped"},{"time":3.3333,"color":"ffffff00"}]},"map1/5":{"color":[{"time":0.4667,"color":"ffffffff","curve":0.25,"c3":0.75},{"time":1.7667,"color":"ffffff00","curve":"stepped"},{"time":1.8,"color":"ffffff00","curve":0.25,"c3":0.75},{"time":2.5667,"color":"ffffffff"}]},"map1/6":{"color":[{"time":1.4667,"color":"ffffffff","curve":0.25,"c3":0.75},{"time":2.2333,"color":"ffffff00","curve":"stepped"},{"time":2.2667,"color":"ffffff00","curve":0.25,"c3":0.75},{"time":3.0333,"color":"ffffffff"}],"attachment":[{"name":"map1/03"}]},"map1/7":{"color":[{"time":1,"color":"ffffffff","curve":0.25,"c3":0.75},{"time":1.7667,"color":"ffffff00","curve":"stepped"},{"time":1.8,"color":"ffffff00","curve":0.25,"c3":0.75},{"time":2.5667,"color":"ffffffff"}],"attachment":[{"name":"map1/03"}]},"map1/8":{"color":[{"time":0.4667,"color":"ffffffff","curve":0.25,"c3":0.75},{"time":1.2,"color":"ffffff00","curve":"stepped"},{"time":1.2667,"color":"ffffff00","curve":0.25,"c3":0.75},{"time":2.0333,"color":"ffffffff"}],"attachment":[{"name":"map1/03"}]},"map1/9":{"color":[{"time":0.4333,"color":"ffffffff","curve":0.25,"c3":0.75},{"time":1.7333,"color":"ffffff00","curve":"stepped"},{"time":1.7667,"color":"ffffff00","curve":0.25,"c3":0.75},{"time":2.5333,"color":"ffffffff"}]},"map1/10":{"color":[{"color":"ffffffa4","curve":"stepped"},{"time":0.4333,"color":"ffffffa4","curve":0.25,"c3":0.75},{"time":1.7333,"color":"ffffff00","curve":"stepped"},{"time":1.7667,"color":"ffffff00","curve":0.25,"c3":0.75},{"time":2.5333,"color":"ffffffa4"}]},"map1/11":{"color":[{"color":"ffffff29","curve":0.378,"c2":0.61,"c3":0.721},{"time":0.3,"color":"ffffff00","curve":"stepped"},{"time":0.3333,"color":"ffffff00","curve":0.25,"c3":0.75},{"time":1.1,"color":"ffffffff","curve":"stepped"},{"time":2.3333,"color":"ffffffff","curve":0.242,"c3":0.671,"c4":0.68},{"time":3.3333,"color":"ffffff29"}]},"map1/12":{"color":[{"color":"ffffff16","curve":0.378,"c2":0.61,"c3":0.721},{"time":0.3,"color":"ffffff00","curve":"stepped"},{"time":0.3333,"color":"ffffff00","curve":0.25,"c3":0.75},{"time":1.1,"color":"ffffff8c","curve":"stepped"},{"time":2.3333,"color":"ffffff8c","curve":0.242,"c3":0.671,"c4":0.68},{"time":3.3333,"color":"ffffff16"}]},"map1/13":{"color":[{"color":"ffffffc6","curve":0.341,"c2":0.36,"c3":0.757},{"time":0.9333,"color":"ffffff00","curve":"stepped"},{"time":0.9667,"color":"ffffff00","curve":0.25,"c3":0.75},{"time":1.7333,"color":"ffffffff","curve":"stepped"},{"time":2.9667,"color":"ffffffff","curve":0.271,"c3":0.619,"c4":0.41},{"time":3.3333,"color":"ffffffc6"}]},"map1/14":{"color":[{"color":"ffffff80","curve":0.341,"c2":0.36,"c3":0.757},{"time":0.9333,"color":"ffffff00","curve":"stepped"},{"time":0.9667,"color":"ffffff00","curve":0.25,"c3":0.75},{"time":1.7333,"color":"ffffffa4","curve":"stepped"},{"time":2.9667,"color":"ffffffa4","curve":0.271,"c3":0.619,"c4":0.41},{"time":3.3333,"color":"ffffff80"}]}},"bones":{"g1":{"rotate":[{"curve":0.25,"c3":0.75},{"time":3.2667,"angle":180,"curve":"stepped"},{"time":3.3333}],"translate":[{"x":-0.92,"y":0.59,"curve":0.25,"c3":0.75},{"time":3.2667,"x":-0.92,"y":23.38,"curve":"stepped"},{"time":3.3333,"x":-0.92,"y":0.59}]},"g2":{"rotate":[{"angle":125.13,"curve":0.382,"c2":0.58,"c3":0.732},{"time":1,"angle":167.24,"curve":"stepped"},{"time":1.0667,"curve":0.243,"c3":0.654,"c4":0.62},{"time":3.3333,"angle":125.13}],"translate":[{"x":4.18,"y":20.66,"curve":0.382,"c2":0.58,"c3":0.732},{"time":1,"x":4.18,"y":26.4,"curve":"stepped"},{"time":1.0667,"x":4.18,"y":3.61,"curve":0.243,"c3":0.654,"c4":0.62},{"time":3.3333,"x":4.18,"y":20.66}]},"g3":{"rotate":[{"angle":46.5,"curve":0.349,"c2":0.39,"c3":0.757},{"time":2.2333,"angle":171.6,"curve":"stepped"},{"time":2.2667,"curve":0.266,"c3":0.618,"c4":0.42},{"time":3.3333,"angle":46.5}],"translate":[{"x":-2.1,"y":1.05,"curve":0.349,"c2":0.39,"c3":0.757},{"time":2.2333,"x":-2.1,"y":17.67,"curve":"stepped"},{"time":2.2667,"x":-2.1,"y":-5.12,"curve":0.266,"c3":0.618,"c4":0.42},{"time":3.3333,"x":-2.1,"y":1.05}]},"g4":{"rotate":[{"angle":-80.85,"curve":0.371,"c2":0.48,"c3":0.752},{"time":1.7667,"angle":180,"curve":"stepped"},{"time":1.8,"curve":0.253,"c3":0.622,"c4":0.48},{"time":3.3333,"angle":-80.85}],"translate":[{"x":2.35,"y":9.15,"curve":0.371,"c2":0.48,"c3":0.752},{"time":1.7667,"x":2.35,"y":21.7,"curve":"stepped"},{"time":1.8,"x":2.35,"y":-1.09,"curve":0.253,"c3":0.622,"c4":0.48},{"time":3.3333,"x":2.35,"y":9.15}]},"g5":{"rotate":[{"angle":-120.86,"curve":0.382,"c2":0.56,"c3":0.739},{"time":1.2,"angle":180,"curve":"stepped"},{"time":1.2667,"curve":0.244,"c3":0.642,"c4":0.58},{"time":3.3333,"angle":-120.86}],"translate":[{"x":7.48,"y":15.3,"curve":0.382,"c2":0.56,"c3":0.739},{"time":1.2,"x":7.48,"y":22.79,"curve":"stepped"},{"time":1.2667,"x":7.48,"curve":0.244,"c3":0.642,"c4":0.58},{"time":3.3333,"x":7.48,"y":15.3}]},"map1/02":{"translate":[{"time":0.5},{"time":1,"x":156.46,"y":-126.02,"curve":"stepped"},{"time":1.0333}]},"1":{"rotate":[{"time":1.6667},{"time":1.8333,"angle":180},{"time":2}],"scale":[{"x":0,"y":0,"curve":"stepped"},{"time":1.6667,"x":0,"y":0},{"time":1.8333},{"time":2,"x":0,"y":0}]},"2":{"rotate":[{"time":1.8},{"time":1.9667,"angle":180},{"time":2.1333}],"scale":[{"x":0,"y":0,"curve":"stepped"},{"time":1.8,"x":0,"y":0},{"time":1.9667},{"time":2.1333,"x":0,"y":0}]},"x1":{"rotate":[{"curve":0.25,"c3":0.75},{"time":3.3,"angle":180,"curve":"stepped"},{"time":3.3333}],"translate":[{"x":121.61,"y":-19.33,"curve":0.25,"c3":0.75},{"time":3.3,"x":121.61,"y":-124.52,"curve":"stepped"},{"time":3.3333,"x":121.61,"y":-19.33}]},"x2":{"rotate":[{"angle":81.14,"curve":0.371,"c2":0.48,"c3":0.752},{"time":1.7667,"angle":179,"curve":"stepped"},{"time":1.8,"curve":0.252,"c3":0.622,"c4":0.48},{"time":3.3333,"angle":81.14}],"translate":[{"x":-69.14,"y":-110.78,"curve":0.371,"c2":0.48,"c3":0.752},{"time":1.7667,"x":-69.14,"y":-188.89,"curve":"stepped"},{"time":1.8,"x":-69.14,"y":-46.02,"curve":0.252,"c3":0.622,"c4":0.48},{"time":3.3333,"x":-69.14,"y":-110.78}]},"x3":{"rotate":[{"angle":-83.99,"curve":0.372,"c2":0.49,"c3":0.751},{"time":1.7333,"angle":180,"curve":"stepped"},{"time":1.7667,"curve":0.252,"c3":0.623,"c4":0.49},{"time":3.3333,"angle":-83.99}],"translate":[{"x":34.98,"y":-118.54,"curve":0.372,"c2":0.49,"c3":0.751},{"time":1.7333,"x":34.98,"y":-174.64,"curve":"stepped"},{"time":1.7667,"x":34.98,"y":-69.45,"curve":0.252,"c3":0.623,"c4":0.49},{"time":3.3333,"x":34.98,"y":-118.54}]},"x4":{"rotate":[{"angle":172.7,"curve":0.358,"c2":0.65,"c3":0.693},{"time":0.3,"angle":179,"curve":"stepped"},{"time":0.3333,"curve":0.245,"c3":0.714,"c4":0.85},{"time":3.3333,"angle":172.7}],"translate":[{"x":-218.78,"y":-163.1,"curve":0.358,"c2":0.65,"c3":0.693},{"time":0.3,"x":-218.78,"y":-168.13,"curve":"stepped"},{"time":0.3333,"x":-218.78,"y":-25.26,"curve":0.245,"c3":0.714,"c4":0.85},{"time":3.3333,"x":-218.78,"y":-163.1}]},"x5":{"rotate":[{"angle":-140.26,"curve":0.381,"c2":0.59,"c3":0.729},{"time":0.9333,"angle":180,"curve":"stepped"},{"time":0.9667,"curve":0.243,"c3":0.659,"c4":0.64},{"time":3.3333,"angle":-140.26}],"translate":[{"x":52.16,"y":-93.42,"curve":0.381,"c2":0.59,"c3":0.729},{"time":0.9333,"x":52.16,"y":-116.65,"curve":"stepped"},{"time":0.9667,"x":52.16,"y":-11.46,"curve":0.243,"c3":0.659,"c4":0.64},{"time":3.3333,"x":52.16,"y":-93.42}]}}}}}