{"skeleton":{"hash":"83pmLLZUQCc0kcsya4n0uGG7xeM","spine":"3.8.99","x":-14.79,"y":-11.13,"width":70,"height":30,"images":"../","audio":"D:/work/CryptoGladiator/美术资源/角色/斯巴达人物拆分/斯巴达(标准)"},"bones":[{"name":"root"}],"slots":[{"name":"xieyou2","bone":"root","attachment":"斯巴达人物拆分/斯巴达(标准)/xieyou2"}],"skins":[{"name":"a1","attachments":{"xieyou2":{"斯巴达人物拆分/斯巴达(标准)/xieyou2":{"name":"斯巴达人物拆分小/斯巴达(标准)/xieyou2","x":20.21,"y":3.87,"width":60,"height":27}}}},{"name":"a2","attachments":{"xieyou2":{"斯巴达人物拆分/斯巴达(标准)/xieyou2":{"name":"斯巴达人物拆分小/1/xieyou2","x":20.21,"y":3.87,"width":70,"height":30}}}}],"animations":{"a":{}}}