{"skeleton":{"hash":"ymg0rqgJbM0jhKqBlTmEg9Ri/Zw","spine":"3.8.99","x":-11.28,"y":-12.9,"width":58,"height":18,"images":"../","audio":"D:/work/CryptoGladiator/美术资源/角色/斯巴达人物拆分/斯巴达(标准)"},"bones":[{"name":"root"}],"slots":[{"name":"jiaozuo","bone":"root","attachment":"斯巴达人物拆分小/斯巴达(标准)/jiaozuo"}],"skins":[{"name":"a1","attachments":{"jiaozuo":{"斯巴达人物拆分小/斯巴达(标准)/jiaozuo":{"x":17.72,"y":-3.9,"width":58,"height":18}}}},{"name":"a2","attachments":{"jiaozuo":{"斯巴达人物拆分小/斯巴达(标准)/jiaozuo":{"x":17.72,"y":-3.9,"width":58,"height":18}}}},{"name":"a3","attachments":{"jiaozuo":{"斯巴达人物拆分小/斯巴达(标准)/jiaozuo":{"x":17.72,"y":-3.9,"width":58,"height":18}}}},{"name":"a4","attachments":{"jiaozuo":{"斯巴达人物拆分小/斯巴达(标准)/jiaozuo":{"x":17.72,"y":-3.9,"width":58,"height":18}}}}],"animations":{"a":{}}}