{"skeleton":{"hash":"sICRqP6UoAfJC0PGfhQTuW83SMQ","spine":"3.8.99","images":"../","audio":"D:/work/CryptoGladiator/美术资源/角色/斯巴达人物拆分/斯巴达(标准)"},"bones":[{"name":"root"},{"name":"GD_Rweaponback","parent":"root","length":266.27,"rotation":4.27,"color":"2bff00ff"},{"name":"GD_Rarrow","parent":"GD_Rweaponback","length":266.27,"x":0.41,"y":-0.59,"color":"2bff00ff"}],"slots":[{"name":"斯巴达人物拆分小/武器/gongjian1-6","bone":"GD_Rarrow","attachment":"gongjian1-2"},{"name":"斯巴达人物拆分小/武器/gongjian1-7","bone":"GD_Rarrow"},{"name":"斯巴达人物拆分小/武器/gongjian1-8","bone":"GD_Rarrow"},{"name":"斯巴达人物拆分小/斯巴达(标准)/jianbing2","bone":"GD_Rweaponback","attachment":"jianbing"}],"skins":[{"name":"changbing1","attachments":{"斯巴达人物拆分小/斯巴达(标准)/jianbing2":{"jianbing":{"name":"2/长柄武器/changbing1","x":59.54,"y":11.99,"rotation":-89.93,"width":60,"height":407}}}},{"name":"changbing2","attachments":{"斯巴达人物拆分小/斯巴达(标准)/jianbing2":{"jianbing":{"name":"2/长柄武器/changbing2","x":65.06,"y":-8.44,"rotation":-89.93,"width":36,"height":431}}}},{"name":"changbing3","attachments":{"斯巴达人物拆分小/斯巴达(标准)/jianbing2":{"jianbing":{"name":"3/武器/changmao1","type":"mesh","uvs":[1,0.69963,1,1,0,1,0,0.69928],"triangles":[2,3,0,1,2,0],"vertices":[5.02,-14.33,-106.11,-14.47,-106.14,9.53,5.12,9.67],"hull":4,"edges":[2,4,2,0,4,6,0,6],"width":24,"height":370}}}},{"name":"changbing4","attachments":{"斯巴达人物拆分小/斯巴达(标准)/jianbing2":{"jianbing":{"name":"3/武器/changmao2","type":"mesh","uvs":[1,0.70314,1,1,0,1,0,0.70417],"triangles":[1,2,3,1,3,0],"vertices":[7.55,-25.51,-97.24,-25.64,-97.3,20.36,7.13,20.49],"hull":4,"edges":[2,4,2,0,4,6,0,6],"width":46,"height":353}}}},{"name":"changbing5","attachments":{"斯巴达人物拆分小/斯巴达(标准)/jianbing2":{"jianbing":{"name":"2/长柄武器/changbing5","x":93.08,"y":4.58,"rotation":-89.93,"width":83,"height":420}}}},{"name":"changbing6","attachments":{"斯巴达人物拆分小/斯巴达(标准)/jianbing2":{"jianbing":{"name":"2/长柄武器/changbing6","x":68.15,"y":1.98,"rotation":-89.93,"width":71,"height":456}}}},{"name":"changbing7","attachments":{"斯巴达人物拆分小/斯巴达(标准)/jianbing2":{"jianbing":{"name":"2/长柄武器/changbing7","x":71.6,"y":-0.97,"rotation":-89.93,"width":80,"height":410}}}},{"name":"changbing8","attachments":{"斯巴达人物拆分小/斯巴达(标准)/jianbing2":{"jianbing":{"name":"2/长柄武器/changbing8","x":73.04,"y":-4.08,"rotation":-89.93,"width":136,"height":331}}}},{"name":"changbing9","attachments":{"斯巴达人物拆分小/斯巴达(标准)/jianbing2":{"jianbing":{"name":"2/长柄武器/changbing9","x":80.26,"y":-6.45,"rotation":-89.93,"width":68,"height":352}}}},{"name":"changbing10","attachments":{"斯巴达人物拆分小/斯巴达(标准)/jianbing2":{"jianbing":{"name":"2/长柄武器/冰/changbing10","x":85.56,"y":-1.27,"rotation":-89.93,"width":55,"height":448}}}},{"name":"changbing11","attachments":{"斯巴达人物拆分小/斯巴达(标准)/jianbing2":{"jianbing":{"name":"2/长柄武器/火/changbing11","x":99.72,"y":-5.35,"rotation":-89.93,"width":72,"height":531}}}},{"name":"changbing12","attachments":{"斯巴达人物拆分小/斯巴达(标准)/jianbing2":{"jianbing":{"name":"2/长柄武器/电/changbing12","x":76.06,"y":-1.62,"rotation":-89.93,"width":103,"height":442}}}},{"name":"changbing13","attachments":{"斯巴达人物拆分小/斯巴达(标准)/jianbing2":{"jianbing":{"name":"2/长柄武器/changbing13","x":69.2,"y":-1.22,"rotation":-89.93,"width":38,"height":451}}}},{"name":"changbing14","attachments":{"斯巴达人物拆分小/斯巴达(标准)/jianbing2":{"jianbing":{"name":"2/长柄武器/changbing14","x":76.55,"y":-1.34,"rotation":-89.93,"width":47,"height":421}}}},{"name":"changbing15","attachments":{"斯巴达人物拆分小/斯巴达(标准)/jianbing2":{"jianbing":{"name":"2/长柄武器/changbing15","x":86.66,"y":8.94,"rotation":-89.93,"width":91,"height":447}}}},{"name":"changbing16","attachments":{"斯巴达人物拆分小/斯巴达(标准)/jianbing2":{"jianbing":{"name":"2/长柄武器/changbing16","x":91.02,"y":-1.7,"rotation":-89.93,"width":108,"height":471}}}},{"name":"changbing17","attachments":{"斯巴达人物拆分小/斯巴达(标准)/jianbing2":{"jianbing":{"name":"2/长柄武器/changbing17","x":76.55,"y":-1.34,"rotation":-89.93,"width":90,"height":432}}}},{"name":"changbing18","attachments":{"斯巴达人物拆分小/斯巴达(标准)/jianbing2":{"jianbing":{"name":"2/长柄武器/changbing18","x":83.87,"y":-9.84,"rotation":-89.93,"width":126,"height":430}}}},{"name":"changbing19","attachments":{"斯巴达人物拆分小/斯巴达(标准)/jianbing2":{"jianbing":{"name":"2/长柄武器/冰/changbing19","x":98.91,"y":-3.01,"rotation":-89.93,"width":76,"height":490}}}},{"name":"changbing20","attachments":{"斯巴达人物拆分小/斯巴达(标准)/jianbing2":{"jianbing":{"name":"2/长柄武器/电/changbing20","x":99.5,"y":4.93,"rotation":-89.93,"width":83,"height":456}}}},{"name":"danshou0","attachments":{"斯巴达人物拆分小/斯巴达(标准)/jianbing2":{"jianbing":{"name":"3/斯巴达(标准)/jianbing","x":-6.74,"y":-1.05,"rotation":-4.27,"width":50,"height":28}}}},{"name":"danshou1","attachments":{"斯巴达人物拆分小/斯巴达(标准)/jianbing2":{"jianbing":{"name":"2/单手武器/danshou1-2","x":-9.43,"y":-2.91,"rotation":-89.93,"width":18,"height":46}}}},{"name":"danshou2","attachments":{"斯巴达人物拆分小/斯巴达(标准)/jianbing2":{"jianbing":{"name":"3/武器/jian3-2","x":-9.19,"y":0.36,"rotation":-89.93,"width":31,"height":51}}}},{"name":"danshou3","attachments":{"斯巴达人物拆分小/斯巴达(标准)/jianbing2":{"jianbing":{"name":"2/单手武器/danshou3-2","x":-9.54,"y":-4.36,"rotation":-89.93,"width":31,"height":54}}}},{"name":"danshou4","attachments":{"斯巴达人物拆分小/斯巴达(标准)/jianbing2":{"jianbing":{"name":"2/单手武器/danshou4-2","x":-9.32,"y":-1.4,"rotation":-89.93,"width":24,"height":46}}}},{"name":"danshou5","attachments":{"斯巴达人物拆分小/斯巴达(标准)/jianbing2":{"jianbing":{"name":"2/单手武器/danshou5-2","x":-17.2,"y":-2.06,"rotation":-89.93,"width":22,"height":67}}}},{"name":"danshou6","attachments":{"斯巴达人物拆分小/斯巴达(标准)/jianbing2":{"jianbing":{"name":"3/武器/jian1-2","x":-7.82,"y":-2.47,"rotation":-89.93,"width":29,"height":53}}}},{"name":"danshou7","attachments":{"斯巴达人物拆分小/斯巴达(标准)/jianbing2":{"jianbing":{"name":"2/单手武器/danshou7-2","x":-15.02,"y":-1.58,"rotation":-89.93,"width":22,"height":66}}}},{"name":"danshou8","attachments":{"斯巴达人物拆分小/斯巴达(标准)/jianbing2":{"jianbing":{"name":"3/武器/jian2-2","x":-9.16,"y":-2.37,"rotation":-89.93,"width":32,"height":52}}}},{"name":"danshou9","attachments":{"斯巴达人物拆分小/斯巴达(标准)/jianbing2":{"jianbing":{"name":"2/单手武器/danshou9-2","x":-18.54,"y":-2,"rotation":-89.93,"width":30,"height":68}}}},{"name":"danshou10","attachments":{"斯巴达人物拆分小/斯巴达(标准)/jianbing2":{"jianbing":{"name":"2/单手武器/danshou10-2","x":-24.1,"y":-5.03,"rotation":-89.93,"width":44,"height":80}}}},{"name":"danshou11","attachments":{"斯巴达人物拆分小/斯巴达(标准)/jianbing2":{"jianbing":{"name":"2/单手武器/电/danshou11-2","x":-17.44,"y":-0.66,"rotation":-89.93,"width":28,"height":68}}}},{"name":"danshou12","attachments":{"斯巴达人物拆分小/斯巴达(标准)/jianbing2":{"jianbing":{"name":"2/单手武器/火/danshou12-2","x":-18.76,"y":-0.75,"rotation":-89.93,"width":30,"height":68}}}},{"name":"danshou13","attachments":{"斯巴达人物拆分小/斯巴达(标准)/jianbing2":{"jianbing":{"name":"2/单手武器/danshou13-2","x":-18.14,"y":-0.09,"rotation":-89.93,"width":36,"height":73}}}},{"name":"danshou14","attachments":{"斯巴达人物拆分小/斯巴达(标准)/jianbing2":{"jianbing":{"name":"2/单手武器/冰/danshou14-2","x":-17.61,"y":-1.23,"rotation":-89.93,"width":27,"height":65}}}},{"name":"danshou17","attachments":{"斯巴达人物拆分小/斯巴达(标准)/jianbing2":{"jianbing":{"name":"2/单手武器/danshou17-2","x":-17.84,"y":-7.09,"rotation":-89.93,"width":34,"height":70}}}},{"name":"danshou19","attachments":{"斯巴达人物拆分小/斯巴达(标准)/jianbing2":{"jianbing":{"name":"2/单手武器/danshou19-2","x":-9.31,"y":-1.33,"rotation":-89.93,"width":31,"height":57}}}},{"name":"gong1","attachments":{"斯巴达人物拆分小/武器/gongjian1-6":{"gongjian1-2":{"name":"3/武器/gongjian1-2","x":52.98,"y":0.87,"rotation":-89.83,"width":24,"height":171}},"斯巴达人物拆分小/武器/gongjian1-7":{"gongjian1-2":{"name":"3/武器/gongjian1-2","x":41.48,"y":-19.03,"rotation":-107.83,"width":24,"height":171}},"斯巴达人物拆分小/武器/gongjian1-8":{"gongjian1-2":{"name":"3/武器/gongjian1-2","x":44.33,"y":19.23,"rotation":-71.83,"width":24,"height":171}}}},{"name":"gong2","attachments":{"斯巴达人物拆分小/武器/gongjian1-6":{"gongjian1-2":{"name":"3/武器/gongjian1-2","x":52.98,"y":0.87,"rotation":-89.83,"width":24,"height":171}},"斯巴达人物拆分小/武器/gongjian1-7":{"gongjian1-2":{"name":"3/武器/gongjian1-2","x":41.48,"y":-19.03,"rotation":-107.83,"width":24,"height":171}},"斯巴达人物拆分小/武器/gongjian1-8":{"gongjian1-2":{"name":"3/武器/gongjian1-2","x":44.33,"y":19.23,"rotation":-71.83,"width":24,"height":171}}}},{"name":"gong3","attachments":{"斯巴达人物拆分小/武器/gongjian1-6":{"gongjian1-2":{"name":"3/武器/gongjian1-2","x":52.98,"y":0.87,"rotation":-89.83,"width":24,"height":171}},"斯巴达人物拆分小/武器/gongjian1-7":{"gongjian1-2":{"name":"3/武器/gongjian1-3","path":"3/武器/gongjian1-2","x":41.48,"y":-19.03,"rotation":-107.83,"width":24,"height":171}},"斯巴达人物拆分小/武器/gongjian1-8":{"gongjian1-2":{"name":"3/武器/gongjian1-3","path":"3/武器/gongjian1-2","x":44.33,"y":19.23,"rotation":-71.83,"width":24,"height":171}}}},{"name":"gong4","attachments":{"斯巴达人物拆分小/武器/gongjian1-6":{"gongjian1-2":{"name":"3/武器/gongjian1-2","x":52.98,"y":0.87,"rotation":-89.83,"width":24,"height":171}},"斯巴达人物拆分小/武器/gongjian1-7":{"gongjian1-2":{"name":"3/武器/gongjian1-4","path":"3/武器/gongjian1-2","x":41.48,"y":-19.03,"rotation":-107.83,"width":24,"height":171}},"斯巴达人物拆分小/武器/gongjian1-8":{"gongjian1-2":{"name":"3/武器/gongjian1-4","path":"3/武器/gongjian1-2","x":44.33,"y":19.23,"rotation":-71.83,"width":24,"height":171}}}},{"name":"gong5","attachments":{"斯巴达人物拆分小/武器/gongjian1-6":{"gongjian1-2":{"name":"3/武器/gongjian1-2","x":52.98,"y":0.87,"rotation":-89.83,"width":24,"height":171}},"斯巴达人物拆分小/武器/gongjian1-7":{"gongjian1-2":{"name":"3/武器/gongjian1-5","path":"3/武器/gongjian1-2","x":41.48,"y":-19.03,"rotation":-107.83,"width":24,"height":171}},"斯巴达人物拆分小/武器/gongjian1-8":{"gongjian1-2":{"name":"3/武器/gongjian1-5","path":"3/武器/gongjian1-2","x":44.33,"y":19.23,"rotation":-71.83,"width":24,"height":171}}}},{"name":"gong6","attachments":{"斯巴达人物拆分小/武器/gongjian1-6":{"gongjian1-2":{"name":"3/武器/gongjian1-2","x":52.98,"y":0.87,"rotation":-89.83,"width":24,"height":171}},"斯巴达人物拆分小/武器/gongjian1-7":{"gongjian1-2":{"name":"3/武器/gongjian1-6","path":"3/武器/gongjian1-2","x":41.48,"y":-19.03,"rotation":-107.83,"width":24,"height":171}},"斯巴达人物拆分小/武器/gongjian1-8":{"gongjian1-2":{"name":"3/武器/gongjian1-6","path":"3/武器/gongjian1-2","x":44.33,"y":19.23,"rotation":-71.83,"width":24,"height":171}}}},{"name":"gong7","attachments":{"斯巴达人物拆分小/武器/gongjian1-6":{"gongjian1-2":{"name":"3/武器/gongjian1-2","x":52.98,"y":0.87,"rotation":-89.83,"width":24,"height":171}},"斯巴达人物拆分小/武器/gongjian1-7":{"gongjian1-2":{"name":"3/武器/gongjian1-7","path":"3/武器/gongjian1-2","x":41.48,"y":-19.03,"rotation":-107.83,"width":24,"height":171}},"斯巴达人物拆分小/武器/gongjian1-8":{"gongjian1-2":{"name":"3/武器/gongjian1-7","path":"3/武器/gongjian1-2","x":44.33,"y":19.23,"rotation":-71.83,"width":24,"height":171}}}},{"name":"gong8","attachments":{"斯巴达人物拆分小/武器/gongjian1-6":{"gongjian1-2":{"name":"3/武器/gongjian1-2","x":52.98,"y":0.87,"rotation":-89.83,"width":24,"height":171}},"斯巴达人物拆分小/武器/gongjian1-7":{"gongjian1-2":{"name":"3/武器/gongjian1-8","path":"3/武器/gongjian1-2","x":41.48,"y":-19.03,"rotation":-107.83,"width":24,"height":171}},"斯巴达人物拆分小/武器/gongjian1-8":{"gongjian1-2":{"name":"3/武器/gongjian1-8","path":"3/武器/gongjian1-2","x":44.33,"y":19.23,"rotation":-71.83,"width":24,"height":171}}}},{"name":"gong9","attachments":{"斯巴达人物拆分小/武器/gongjian1-6":{"gongjian1-2":{"name":"3/武器/gongjian1-2","x":52.98,"y":0.87,"rotation":-89.83,"width":24,"height":171}},"斯巴达人物拆分小/武器/gongjian1-7":{"gongjian1-2":{"name":"3/武器/gongjian1-9","path":"3/武器/gongjian1-2","x":41.48,"y":-19.03,"rotation":-107.83,"width":24,"height":171}},"斯巴达人物拆分小/武器/gongjian1-8":{"gongjian1-2":{"name":"3/武器/gongjian1-9","path":"3/武器/gongjian1-2","x":44.33,"y":19.23,"rotation":-71.83,"width":24,"height":171}}}},{"name":"gong10","attachments":{"斯巴达人物拆分小/武器/gongjian1-6":{"gongjian1-2":{"name":"3/武器/gongjian1-2","x":52.98,"y":0.87,"rotation":-89.83,"width":24,"height":171}},"斯巴达人物拆分小/武器/gongjian1-7":{"gongjian1-2":{"name":"3/武器/gongjian1-2","x":41.48,"y":-19.03,"rotation":-107.83,"width":24,"height":171}},"斯巴达人物拆分小/武器/gongjian1-8":{"gongjian1-2":{"name":"3/武器/gongjian1-2","x":44.33,"y":19.23,"rotation":-71.83,"width":24,"height":171}}}},{"name":"shuangshou1","attachments":{"斯巴达人物拆分小/斯巴达(标准)/jianbing2":{"jianbing":{"name":"2/双手武器/shuangshou1-2","x":-6.61,"y":0.77,"rotation":-89.93,"width":33,"height":159}}}},{"name":"shuangshou2","attachments":{"斯巴达人物拆分小/斯巴达(标准)/jianbing2":{"jianbing":{"name":"3/武器/chui1-2","x":-6.61,"y":0.77,"rotation":-89.93,"width":31,"height":167}}}},{"name":"shuangshou3","attachments":{"斯巴达人物拆分小/斯巴达(标准)/jianbing2":{"jianbing":{"name":"2/双手武器/shuangshou3-2","x":-6.61,"y":0.77,"rotation":-89.93,"width":31,"height":242}}}},{"name":"shuangshou4","attachments":{"斯巴达人物拆分小/斯巴达(标准)/jianbing2":{"jianbing":{"name":"2/双手武器/shuangshou4-2","x":-6.61,"y":0.77,"rotation":-89.93,"width":49,"height":181}}}},{"name":"shuangshou5","attachments":{"斯巴达人物拆分小/斯巴达(标准)/jianbing2":{"jianbing":{"name":"2/双手武器/shuangshou5-2","x":13.77,"y":-0.75,"rotation":-89.93,"width":31,"height":211}}}},{"name":"shuangshou6","attachments":{"斯巴达人物拆分小/斯巴达(标准)/jianbing2":{"jianbing":{"name":"2/双手武器/shuangshou6-2","x":7.44,"y":-0.28,"rotation":-89.93,"width":50,"height":181}}}},{"name":"shuangshou7","attachments":{"斯巴达人物拆分小/斯巴达(标准)/jianbing2":{"jianbing":{"name":"2/双手武器/shuangshou7-2","x":-6.61,"y":0.77,"rotation":-89.93,"width":33,"height":190}}}},{"name":"shuangshou8","attachments":{"斯巴达人物拆分小/斯巴达(标准)/jianbing2":{"jianbing":{"name":"2/双手武器/电/shuangshou8-2","x":-6.61,"y":0.77,"rotation":-89.93,"width":34,"height":216}}}},{"name":"shuangshou9","attachments":{"斯巴达人物拆分小/斯巴达(标准)/jianbing2":{"jianbing":{"name":"2/双手武器/shuangshou9-2","x":3.41,"y":0.69,"rotation":-89.93,"width":28,"height":205}}}},{"name":"shuangshou10","attachments":{"斯巴达人物拆分小/斯巴达(标准)/jianbing2":{"jianbing":{"name":"2/双手武器/冰/shuangshou10-2","x":22.98,"y":0.96,"rotation":-89.93,"width":21,"height":168}}}},{"name":"shuangshou11","attachments":{"斯巴达人物拆分小/斯巴达(标准)/jianbing2":{"jianbing":{"name":"2/双手武器/火/shuangshou11-2","x":-6.61,"y":0.77,"rotation":-89.93,"width":31,"height":167}}}},{"name":"shuangshou12","attachments":{"斯巴达人物拆分小/斯巴达(标准)/jianbing2":{"jianbing":{"name":"2/双手武器/shuangshou12-2","x":-6.61,"y":0.77,"rotation":-89.93,"width":30,"height":208}}}},{"name":"shuangshou13","attachments":{"斯巴达人物拆分小/斯巴达(标准)/jianbing2":{"jianbing":{"name":"2/双手武器/shuangshou13-2","x":-6.61,"y":0.77,"rotation":-89.93,"width":34,"height":204}}}},{"name":"shuangshou14","attachments":{"斯巴达人物拆分小/斯巴达(标准)/jianbing2":{"jianbing":{"name":"2/双手武器/shuangshou14-2","x":-0.42,"y":-1.6,"rotation":-89.93,"width":41,"height":190}}}},{"name":"shuangshou15","attachments":{"斯巴达人物拆分小/斯巴达(标准)/jianbing2":{"jianbing":{"name":"2/双手武器/shuangshou15-2","x":-6.61,"y":0.77,"rotation":-89.93,"width":33,"height":239}}}},{"name":"shuangshou16","attachments":{"斯巴达人物拆分小/斯巴达(标准)/jianbing2":{"jianbing":{"name":"2/双手武器/shuangshou16-2","x":9.63,"y":-0.44,"rotation":-89.93,"width":25,"height":255}}}},{"name":"shuangshou17","attachments":{"斯巴达人物拆分小/斯巴达(标准)/jianbing2":{"jianbing":{"name":"2/双手武器/shuangshou17-2","x":-6.61,"y":0.77,"rotation":-89.93,"width":33,"height":239}}}},{"name":"shuangshou18","attachments":{"斯巴达人物拆分小/斯巴达(标准)/jianbing2":{"jianbing":{"name":"2/双手武器/火/shuangshou18-2","x":-21.01,"y":-3.14,"rotation":-89.93,"width":30,"height":166}}}},{"name":"shuangshou19","attachments":{"斯巴达人物拆分小/斯巴达(标准)/jianbing2":{"jianbing":{"name":"2/双手武器/电/shuangshou19-2","x":-6.09,"y":7.69,"rotation":-89.93,"width":46,"height":240}}}},{"name":"shuangshou20","attachments":{"斯巴达人物拆分小/斯巴达(标准)/jianbing2":{"jianbing":{"name":"2/双手武器/shuangshou20-2","x":-6.61,"y":0.77,"rotation":-89.93,"width":29,"height":240}}}},{"name":"shuangshou21","attachments":{"斯巴达人物拆分小/斯巴达(标准)/jianbing2":{"jianbing":{"name":"3/武器/fu1-2","x":-6.61,"y":0.77,"rotation":-89.93,"width":18,"height":97}}}},{"name":"shuangshou22","attachments":{"斯巴达人物拆分小/斯巴达(标准)/jianbing2":{"jianbing":{"name":"2/双手武器/shuangshou22-2","x":-10.66,"y":-0.07,"rotation":-89.93,"width":23,"height":96}}}},{"name":"shuangshou23","attachments":{"斯巴达人物拆分小/斯巴达(标准)/jianbing2":{"jianbing":{"name":"2/双手武器/shuangshou23-2","x":-7.05,"y":-5.18,"rotation":-89.93,"width":50,"height":108}}}},{"name":"shuangshou24","attachments":{"斯巴达人物拆分小/斯巴达(标准)/jianbing2":{"jianbing":{"name":"2/双手武器/shuangshou24-2","x":-6.69,"y":-0.39,"rotation":-89.93,"width":23,"height":95}}}}],"animations":{"IDLE0":{}}}