{"skeleton":{"hash":"CgEOCggpB5wkpchAEd5g9d9mOv8","spine":"3.8.99","x":-16.84,"y":-61.36,"width":31,"height":69,"images":"../","audio":"D:/work/CryptoGladiator/美术资源/角色/斯巴达人物拆分/斯巴达(标准)"},"bones":[{"name":"root"}],"slots":[{"name":"xiaotuizuo","bone":"root","attachment":"斯巴达人物拆分小/斯巴达(标准)/xiaotuizuo"}],"skins":[{"name":"a1","attachments":{"xiaotuizuo":{"斯巴达人物拆分小/斯巴达(标准)/xiaotuizuo":{"x":-1.34,"y":-26.86,"width":31,"height":69}}}},{"name":"a2","attachments":{"xiaotuizuo":{"斯巴达人物拆分小/斯巴达(标准)/xiaotuizuo":{"x":-1.34,"y":-26.86,"width":31,"height":69}}}},{"name":"a3","attachments":{"xiaotuizuo":{"斯巴达人物拆分小/斯巴达(标准)/xiaotuizuo":{"name":"斯巴达人物拆分小/斯巴达(标准无肌肉)/xiaotuizuo","x":-1.34,"y":-26.86,"width":29,"height":69}}}},{"name":"a4","attachments":{"xiaotuizuo":{"斯巴达人物拆分小/斯巴达(标准)/xiaotuizuo":{"name":"斯巴达人物拆分小/斯巴达(标准无肌肉)/xiaotuizuo","x":-1.34,"y":-26.86,"width":29,"height":69}}}}],"animations":{"a":{}}}