{"skeleton":{"hash":"GsC2UylHc8I2xeavVmHFJ8hwbrs","spine":"3.8.99","x":-82.5,"y":-116.5,"width":165,"height":233,"images":"","audio":""},"bones":[{"name":"root"},{"name":"1","parent":"root"},{"name":"g1","parent":"root"},{"name":"01","parent":"g1","length":116.33,"rotation":90,"scaleX":0.8415,"scaleY":1.4385},{"name":"2","parent":"g1","length":116.33,"rotation":90,"scaleX":0.8415,"scaleY":1.4385},{"name":"3","parent":"g1","length":116.33,"rotation":90,"scaleX":0.8415,"scaleY":1.4385},{"name":"4","parent":"g1","length":116.33,"rotation":90,"scaleX":0.8415,"scaleY":1.4385},{"name":"5","parent":"g1","length":116.33,"rotation":90,"scaleX":0.8415,"scaleY":1.4385},{"name":"6","parent":"g1","length":116.33,"rotation":90,"scaleX":0.8415,"scaleY":1.4385},{"name":"7","parent":"g1","length":116.33,"rotation":90,"scaleX":0.8415,"scaleY":1.4385},{"name":"8","parent":"g1","length":116.33,"rotation":90,"scaleX":0.8415,"scaleY":1.4385},{"name":"9","parent":"g1","length":116.33,"rotation":90,"scaleX":0.8415,"scaleY":1.4385},{"name":"10","parent":"g1","length":116.33,"rotation":90,"scaleX":0.8415,"scaleY":1.4385},{"name":"11","parent":"g1","length":116.33,"rotation":90,"scaleX":0.8415,"scaleY":1.4385},{"name":"12","parent":"g1","length":116.33,"rotation":90,"scaleX":0.8415,"scaleY":1.4385},{"name":"13","parent":"g1","length":116.33,"rotation":90,"scaleX":0.8415,"scaleY":1.4385},{"name":"14","parent":"g1","length":116.33,"rotation":90,"scaleX":0.8415,"scaleY":1.4385},{"name":"15","parent":"g1","length":116.33,"rotation":90,"scaleX":0.8415,"scaleY":1.4385},{"name":"16","parent":"g1","length":116.33,"rotation":90,"scaleX":0.8415,"scaleY":1.4385},{"name":"17","parent":"g1","length":116.33,"rotation":90,"scaleX":0.8415,"scaleY":1.4385},{"name":"18","parent":"g1","length":116.33,"rotation":90,"scaleX":0.8415,"scaleY":1.4385},{"name":"g2","parent":"root"},{"name":"19","parent":"g2","length":116.33,"rotation":90,"scaleX":0.731,"scaleY":1.6846},{"name":"20","parent":"g2","length":116.33,"rotation":90,"scaleX":0.731,"scaleY":1.6846},{"name":"21","parent":"g2","length":116.33,"rotation":90,"scaleX":0.731,"scaleY":1.6846},{"name":"22","parent":"g2","length":116.33,"rotation":90,"scaleX":0.731,"scaleY":1.6846},{"name":"23","parent":"g2","length":116.33,"rotation":90,"scaleX":0.731,"scaleY":1.6846},{"name":"24","parent":"g2","length":116.33,"rotation":90,"scaleX":0.731,"scaleY":1.6846},{"name":"25","parent":"g2","length":116.33,"rotation":90,"scaleX":0.731,"scaleY":1.6846},{"name":"26","parent":"g2","length":116.33,"rotation":90,"scaleX":0.731,"scaleY":1.6846},{"name":"27","parent":"g2","length":116.33,"rotation":90,"scaleX":0.731,"scaleY":1.6846},{"name":"28","parent":"g2","length":116.33,"rotation":90,"scaleX":0.731,"scaleY":1.6846},{"name":"29","parent":"g2","length":116.33,"rotation":90,"scaleX":0.731,"scaleY":1.6846},{"name":"30","parent":"g2","length":116.33,"rotation":90,"scaleX":0.731,"scaleY":1.6846},{"name":"31","parent":"g2","length":116.33,"rotation":90,"scaleX":0.731,"scaleY":1.6846},{"name":"32","parent":"g2","length":116.33,"rotation":90,"scaleX":0.731,"scaleY":1.6846},{"name":"33","parent":"g2","length":116.33,"rotation":90,"scaleX":0.731,"scaleY":1.6846},{"name":"34","parent":"g2","length":116.33,"rotation":90,"scaleX":0.731,"scaleY":1.6846},{"name":"35","parent":"g2","length":116.33,"rotation":90,"scaleX":0.731,"scaleY":1.6846},{"name":"36","parent":"g2","length":116.33,"rotation":90,"scaleX":0.731,"scaleY":1.6846}],"slots":[{"name":"guang2","bone":"01","blend":"additive"},{"name":"guang20","bone":"19","blend":"additive"},{"name":"guang3","bone":"2","blend":"additive"},{"name":"guang21","bone":"20","blend":"additive"},{"name":"guang4","bone":"3","blend":"additive"},{"name":"guang22","bone":"21","blend":"additive"},{"name":"guang5","bone":"4","blend":"additive"},{"name":"guang23","bone":"22","blend":"additive"},{"name":"guang6","bone":"5","blend":"additive"},{"name":"guang24","bone":"23","blend":"additive"},{"name":"guang7","bone":"6","blend":"additive"},{"name":"guang25","bone":"24","blend":"additive"},{"name":"guang8","bone":"7","blend":"additive"},{"name":"guang26","bone":"25","blend":"additive"},{"name":"guang9","bone":"8","blend":"additive"},{"name":"guang27","bone":"26","blend":"additive"},{"name":"guang10","bone":"9","blend":"additive"},{"name":"guang28","bone":"27","blend":"additive"},{"name":"guang11","bone":"10","blend":"additive"},{"name":"guang29","bone":"28","blend":"additive"},{"name":"guang12","bone":"11","blend":"additive"},{"name":"guang30","bone":"29","blend":"additive"},{"name":"guang13","bone":"12","blend":"additive"},{"name":"guang31","bone":"30","blend":"additive"},{"name":"guang14","bone":"13","blend":"additive"},{"name":"guang32","bone":"31","blend":"additive"},{"name":"guang15","bone":"14","blend":"additive"},{"name":"guang33","bone":"32","blend":"additive"},{"name":"guang16","bone":"15","blend":"additive"},{"name":"guang34","bone":"33","blend":"additive"},{"name":"guang17","bone":"16","blend":"additive"},{"name":"guang35","bone":"34","blend":"additive"},{"name":"guang18","bone":"17","blend":"additive"},{"name":"guang36","bone":"35","blend":"additive"},{"name":"guang19","bone":"18","blend":"additive"},{"name":"guang37","bone":"36","blend":"additive"},{"name":"beimian","bone":"1","attachment":"beimian"},{"name":"chuanshuo","bone":"1"}],"skins":[{"name":"default","attachments":{"beimian":{"beimian":{"width":165,"height":233}}}},{"name":"blue","attachments":{"chuanshuo":{"chuanshuo":{"name":"xiyou","width":165,"height":233}}}},{"name":"green","attachments":{"chuanshuo":{"chuanshuo":{"name":"gaoji","width":165,"height":233}}}},{"name":"purple","attachments":{"chuanshuo":{"chuanshuo":{"name":"jingying","width":165,"height":233}},"guang2":{"guang":{"color":"6612ffff","x":86.47,"scaleX":0.3009,"scaleY":0.5048,"rotation":-90,"width":286,"height":450}},"guang3":{"guang":{"color":"6612ffff","x":86.47,"scaleX":0.3009,"scaleY":0.5048,"rotation":-90,"width":286,"height":450}},"guang4":{"guang":{"color":"6612ffff","x":86.47,"scaleX":0.3009,"scaleY":0.5048,"rotation":-90,"width":286,"height":450}},"guang5":{"guang":{"color":"6612ffff","x":86.47,"scaleX":0.3009,"scaleY":0.5048,"rotation":-90,"width":286,"height":450}},"guang6":{"guang":{"color":"6612ffff","x":86.47,"scaleX":0.3009,"scaleY":0.5048,"rotation":-90,"width":286,"height":450}},"guang7":{"guang":{"color":"6612ffff","x":86.47,"scaleX":0.3009,"scaleY":0.5048,"rotation":-90,"width":286,"height":450}},"guang8":{"guang":{"color":"6612ffff","x":86.47,"scaleX":0.3009,"scaleY":0.5048,"rotation":-90,"width":286,"height":450}},"guang9":{"guang":{"color":"6612ffff","x":86.47,"scaleX":0.3009,"scaleY":0.5048,"rotation":-90,"width":286,"height":450}},"guang10":{"guang":{"color":"6612ffff","x":86.47,"scaleX":0.3009,"scaleY":0.5048,"rotation":-90,"width":286,"height":450}},"guang11":{"guang":{"color":"6612ffff","x":86.47,"scaleX":0.3009,"scaleY":0.5048,"rotation":-90,"width":286,"height":450}},"guang12":{"guang":{"color":"6612ffff","x":86.47,"scaleX":0.3009,"scaleY":0.5048,"rotation":-90,"width":286,"height":450}},"guang13":{"guang":{"color":"6612ffff","x":86.47,"scaleX":0.3009,"scaleY":0.5048,"rotation":-90,"width":286,"height":450}},"guang14":{"guang":{"color":"6612ffff","x":86.47,"scaleX":0.3009,"scaleY":0.5048,"rotation":-90,"width":286,"height":450}},"guang15":{"guang":{"color":"6612ffff","x":86.47,"scaleX":0.3009,"scaleY":0.5048,"rotation":-90,"width":286,"height":450}},"guang16":{"guang":{"color":"6612ffff","x":86.47,"scaleX":0.3009,"scaleY":0.5048,"rotation":-90,"width":286,"height":450}},"guang17":{"guang":{"color":"6612ffff","x":86.47,"scaleX":0.3009,"scaleY":0.5048,"rotation":-90,"width":286,"height":450}},"guang18":{"guang":{"color":"6612ffff","x":86.47,"scaleX":0.3009,"scaleY":0.5048,"rotation":-90,"width":286,"height":450}},"guang19":{"guang":{"color":"6612ffff","x":86.47,"scaleX":0.3009,"scaleY":0.5048,"rotation":-90,"width":286,"height":450}},"guang20":{"guang":{"color":"be48ffff","x":86.47,"scaleX":0.3009,"scaleY":0.5048,"rotation":-90,"width":286,"height":450}},"guang21":{"guang":{"color":"be48ffff","x":86.47,"scaleX":0.3009,"scaleY":0.5048,"rotation":-90,"width":286,"height":450}},"guang22":{"guang":{"color":"be48ffff","x":86.47,"scaleX":0.3009,"scaleY":0.5048,"rotation":-90,"width":286,"height":450}},"guang23":{"guang":{"color":"be48ffff","x":86.47,"scaleX":0.3009,"scaleY":0.5048,"rotation":-90,"width":286,"height":450}},"guang24":{"guang":{"color":"be48ffff","x":86.47,"scaleX":0.3009,"scaleY":0.5048,"rotation":-90,"width":286,"height":450}},"guang25":{"guang":{"color":"be48ffff","x":86.47,"scaleX":0.3009,"scaleY":0.5048,"rotation":-90,"width":286,"height":450}},"guang26":{"guang":{"color":"be48ffff","x":86.47,"scaleX":0.3009,"scaleY":0.5048,"rotation":-90,"width":286,"height":450}},"guang27":{"guang":{"color":"be48ffff","x":86.47,"scaleX":0.3009,"scaleY":0.5048,"rotation":-90,"width":286,"height":450}},"guang28":{"guang":{"color":"be48ffff","x":86.47,"scaleX":0.3009,"scaleY":0.5048,"rotation":-90,"width":286,"height":450}},"guang29":{"guang":{"color":"be48ffff","x":86.47,"scaleX":0.3009,"scaleY":0.5048,"rotation":-90,"width":286,"height":450}},"guang30":{"guang":{"color":"be48ffff","x":86.47,"scaleX":0.3009,"scaleY":0.5048,"rotation":-90,"width":286,"height":450}},"guang31":{"guang":{"color":"be48ffff","x":86.47,"scaleX":0.3009,"scaleY":0.5048,"rotation":-90,"width":286,"height":450}},"guang32":{"guang":{"color":"be48ffff","x":86.47,"scaleX":0.3009,"scaleY":0.5048,"rotation":-90,"width":286,"height":450}},"guang33":{"guang":{"color":"be48ffff","x":86.47,"scaleX":0.3009,"scaleY":0.5048,"rotation":-90,"width":286,"height":450}},"guang34":{"guang":{"color":"be48ffff","x":86.47,"scaleX":0.3009,"scaleY":0.5048,"rotation":-90,"width":286,"height":450}},"guang35":{"guang":{"color":"be48ffff","x":86.47,"scaleX":0.3009,"scaleY":0.5048,"rotation":-90,"width":286,"height":450}},"guang36":{"guang":{"color":"be48ffff","x":86.47,"scaleX":0.3009,"scaleY":0.5048,"rotation":-90,"width":286,"height":450}},"guang37":{"guang":{"color":"be48ffff","x":86.47,"scaleX":0.3009,"scaleY":0.5048,"rotation":-90,"width":286,"height":450}}}},{"name":"wight","attachments":{"chuanshuo":{"chuanshuo":{"name":"putong","width":165,"height":233}}}},{"name":"yellow","attachments":{"chuanshuo":{"chuanshuo":{"width":165,"height":233}},"guang2":{"guang":{"name":"guang2","path":"guang","color":"ff7f00ff","x":86.47,"scaleX":0.3009,"scaleY":0.5048,"rotation":-90,"width":286,"height":450}},"guang3":{"guang":{"name":"guang2","path":"guang","color":"ff7f00ff","x":86.47,"scaleX":0.3009,"scaleY":0.5048,"rotation":-90,"width":286,"height":450}},"guang4":{"guang":{"name":"guang2","path":"guang","color":"ff7f00ff","x":86.47,"scaleX":0.3009,"scaleY":0.5048,"rotation":-90,"width":286,"height":450}},"guang5":{"guang":{"name":"guang2","path":"guang","color":"ff7f00ff","x":86.47,"scaleX":0.3009,"scaleY":0.5048,"rotation":-90,"width":286,"height":450}},"guang6":{"guang":{"name":"guang2","path":"guang","color":"ff7f00ff","x":86.47,"scaleX":0.3009,"scaleY":0.5048,"rotation":-90,"width":286,"height":450}},"guang7":{"guang":{"name":"guang2","path":"guang","color":"ff7f00ff","x":86.47,"scaleX":0.3009,"scaleY":0.5048,"rotation":-90,"width":286,"height":450}},"guang8":{"guang":{"name":"guang2","path":"guang","color":"ff7f00ff","x":86.47,"scaleX":0.3009,"scaleY":0.5048,"rotation":-90,"width":286,"height":450}},"guang9":{"guang":{"name":"guang2","path":"guang","color":"ff7f00ff","x":86.47,"scaleX":0.3009,"scaleY":0.5048,"rotation":-90,"width":286,"height":450}},"guang10":{"guang":{"name":"guang2","path":"guang","color":"ff7f00ff","x":86.47,"scaleX":0.3009,"scaleY":0.5048,"rotation":-90,"width":286,"height":450}},"guang11":{"guang":{"name":"guang2","path":"guang","color":"ff7f00ff","x":86.47,"scaleX":0.3009,"scaleY":0.5048,"rotation":-90,"width":286,"height":450}},"guang12":{"guang":{"name":"guang2","path":"guang","color":"ff7f00ff","x":86.47,"scaleX":0.3009,"scaleY":0.5048,"rotation":-90,"width":286,"height":450}},"guang13":{"guang":{"name":"guang2","path":"guang","color":"ff7f00ff","x":86.47,"scaleX":0.3009,"scaleY":0.5048,"rotation":-90,"width":286,"height":450}},"guang14":{"guang":{"name":"guang2","path":"guang","color":"ff7f00ff","x":86.47,"scaleX":0.3009,"scaleY":0.5048,"rotation":-90,"width":286,"height":450}},"guang15":{"guang":{"name":"guang2","path":"guang","color":"ff7f00ff","x":86.47,"scaleX":0.3009,"scaleY":0.5048,"rotation":-90,"width":286,"height":450}},"guang16":{"guang":{"name":"guang2","path":"guang","color":"ff7f00ff","x":86.47,"scaleX":0.3009,"scaleY":0.5048,"rotation":-90,"width":286,"height":450}},"guang17":{"guang":{"name":"guang2","path":"guang","color":"ff7f00ff","x":86.47,"scaleX":0.3009,"scaleY":0.5048,"rotation":-90,"width":286,"height":450}},"guang18":{"guang":{"name":"guang2","path":"guang","color":"ff7f00ff","x":86.47,"scaleX":0.3009,"scaleY":0.5048,"rotation":-90,"width":286,"height":450}},"guang19":{"guang":{"name":"guang2","path":"guang","color":"ff7f00ff","x":86.47,"scaleX":0.3009,"scaleY":0.5048,"rotation":-90,"width":286,"height":450}},"guang20":{"guang":{"name":"guang2","path":"guang","color":"fffc00ff","x":86.47,"scaleX":0.3009,"scaleY":0.5048,"rotation":-90,"width":286,"height":450}},"guang21":{"guang":{"name":"guang2","path":"guang","color":"fffc00ff","x":86.47,"scaleX":0.3009,"scaleY":0.5048,"rotation":-90,"width":286,"height":450}},"guang22":{"guang":{"name":"guang2","path":"guang","color":"fffc00ff","x":86.47,"scaleX":0.3009,"scaleY":0.5048,"rotation":-90,"width":286,"height":450}},"guang23":{"guang":{"name":"guang2","path":"guang","color":"fffc00ff","x":86.47,"scaleX":0.3009,"scaleY":0.5048,"rotation":-90,"width":286,"height":450}},"guang24":{"guang":{"name":"guang2","path":"guang","color":"fffc00ff","x":86.47,"scaleX":0.3009,"scaleY":0.5048,"rotation":-90,"width":286,"height":450}},"guang25":{"guang":{"name":"guang2","path":"guang","color":"fffc00ff","x":86.47,"scaleX":0.3009,"scaleY":0.5048,"rotation":-90,"width":286,"height":450}},"guang26":{"guang":{"name":"guang2","path":"guang","color":"fffc00ff","x":86.47,"scaleX":0.3009,"scaleY":0.5048,"rotation":-90,"width":286,"height":450}},"guang27":{"guang":{"name":"guang2","path":"guang","color":"fffc00ff","x":86.47,"scaleX":0.3009,"scaleY":0.5048,"rotation":-90,"width":286,"height":450}},"guang28":{"guang":{"name":"guang2","path":"guang","color":"fffc00ff","x":86.47,"scaleX":0.3009,"scaleY":0.5048,"rotation":-90,"width":286,"height":450}},"guang29":{"guang":{"name":"guang2","path":"guang","color":"fffc00ff","x":86.47,"scaleX":0.3009,"scaleY":0.5048,"rotation":-90,"width":286,"height":450}},"guang30":{"guang":{"name":"guang2","path":"guang","color":"fffc00ff","x":86.47,"scaleX":0.3009,"scaleY":0.5048,"rotation":-90,"width":286,"height":450}},"guang31":{"guang":{"name":"guang2","path":"guang","color":"fffc00ff","x":86.47,"scaleX":0.3009,"scaleY":0.5048,"rotation":-90,"width":286,"height":450}},"guang32":{"guang":{"name":"guang2","path":"guang","color":"fffc00ff","x":86.47,"scaleX":0.3009,"scaleY":0.5048,"rotation":-90,"width":286,"height":450}},"guang33":{"guang":{"name":"guang2","path":"guang","color":"fffc00ff","x":86.47,"scaleX":0.3009,"scaleY":0.5048,"rotation":-90,"width":286,"height":450}},"guang34":{"guang":{"name":"guang2","path":"guang","color":"fffc00ff","x":86.47,"scaleX":0.3009,"scaleY":0.5048,"rotation":-90,"width":286,"height":450}},"guang35":{"guang":{"name":"guang2","path":"guang","color":"fffc00ff","x":86.47,"scaleX":0.3009,"scaleY":0.5048,"rotation":-90,"width":286,"height":450}},"guang36":{"guang":{"name":"guang2","path":"guang","color":"fffc00ff","x":86.47,"scaleX":0.3009,"scaleY":0.5048,"rotation":-90,"width":286,"height":450}},"guang37":{"guang":{"name":"guang2","path":"guang","color":"fffc00ff","x":86.47,"scaleX":0.3009,"scaleY":0.5048,"rotation":-90,"width":286,"height":450}}}}],"animations":{"end":{"slots":{"beimian":{"attachment":[{"name":null}]},"chuanshuo":{"attachment":[{"name":"chuanshuo"}]},"guang2":{"attachment":[{"name":"guang"}]},"guang3":{"attachment":[{"name":"guang"}]},"guang4":{"attachment":[{"name":"guang"}]},"guang5":{"attachment":[{"name":"guang"}]},"guang6":{"attachment":[{"name":"guang"}]},"guang7":{"attachment":[{"name":"guang"}]},"guang8":{"attachment":[{"name":"guang"}]},"guang9":{"attachment":[{"name":"guang"}]},"guang10":{"attachment":[{"name":"guang"}]},"guang11":{"attachment":[{"name":"guang"}]},"guang12":{"attachment":[{"name":"guang"}]},"guang13":{"attachment":[{"name":"guang"}]},"guang14":{"attachment":[{"name":"guang"}]},"guang15":{"attachment":[{"name":"guang"}]},"guang16":{"attachment":[{"name":"guang"}]},"guang17":{"attachment":[{"name":"guang"}]},"guang18":{"attachment":[{"name":"guang"}]},"guang19":{"attachment":[{"name":"guang"}]},"guang20":{"attachment":[{"name":"guang"}]},"guang21":{"attachment":[{"name":"guang"}]},"guang22":{"attachment":[{"name":"guang"}]},"guang23":{"attachment":[{"name":"guang"}]},"guang24":{"attachment":[{"name":"guang"}]},"guang25":{"attachment":[{"name":"guang"}]},"guang26":{"attachment":[{"name":"guang"}]},"guang27":{"attachment":[{"name":"guang"}]},"guang28":{"attachment":[{"name":"guang"}]},"guang29":{"attachment":[{"name":"guang"}]},"guang30":{"attachment":[{"name":"guang"}]},"guang31":{"attachment":[{"name":"guang"}]},"guang32":{"attachment":[{"name":"guang"}]},"guang33":{"attachment":[{"name":"guang"}]},"guang34":{"attachment":[{"name":"guang"}]},"guang35":{"attachment":[{"name":"guang"}]},"guang36":{"attachment":[{"name":"guang"}]},"guang37":{"attachment":[{"name":"guang"}]}},"bones":{"01":{"rotate":[{"angle":-90},{"time":0.5333,"angle":-147.6},{"time":0.8333,"angle":180},{"time":1.1333,"angle":147.6},{"time":1.6667,"angle":90},{"time":2.2,"angle":32.4},{"time":2.5},{"time":2.8,"angle":-32.4},{"time":3.0333,"angle":-57.6},{"time":3.3333,"angle":-90}],"scale":[{"x":0.665,"curve":0.25,"c3":0.75},{"time":0.5333,"x":1.132,"curve":0.25,"c3":0.75},{"time":0.8333,"curve":0.25,"c3":0.75},{"time":1.1333,"x":1.132,"curve":0.25,"c3":0.75},{"time":1.6667,"x":0.665,"curve":0.25,"c3":0.75},{"time":2.2,"x":1.132,"curve":0.25,"c3":0.75},{"time":2.5,"curve":0.25,"c3":0.75},{"time":2.8,"x":1.132,"curve":0.254,"c3":0.62,"c4":0.47},{"time":3.0333,"x":0.937,"curve":0.368,"c2":0.47,"c3":0.753},{"time":3.3333,"x":0.665}]},"2":{"rotate":[{"angle":-64.8},{"time":0.2333,"angle":-90},{"time":0.7667,"angle":-147.6},{"time":1.0667,"angle":180},{"time":1.3667,"angle":147.6},{"time":1.9,"angle":90},{"time":2.4333,"angle":32.4},{"time":2.7333},{"time":3.0333,"angle":-32.4},{"time":3.3333,"angle":-64.8}],"scale":[{"x":0.86,"curve":0.38,"c2":0.53,"c3":0.746},{"time":0.2333,"x":0.665,"curve":0.25,"c3":0.75},{"time":0.7667,"x":1.132,"curve":0.25,"c3":0.75},{"time":1.0667,"curve":0.25,"c3":0.75},{"time":1.3667,"x":1.132,"curve":0.25,"c3":0.75},{"time":1.9,"x":0.665,"curve":0.25,"c3":0.75},{"time":2.4333,"x":1.132,"curve":0.25,"c3":0.75},{"time":2.7333,"curve":0.25,"c3":0.75},{"time":3.0333,"x":1.132,"curve":0.247,"c3":0.632,"c4":0.53},{"time":3.3333,"x":0.86}]},"3":{"rotate":[{"angle":-50.4},{"time":0.3667,"angle":-90},{"time":0.9,"angle":-147.6},{"time":1.2,"angle":180},{"time":1.5,"angle":147.6},{"time":2.0333,"angle":90},{"time":2.5667,"angle":32.4},{"time":2.8667},{"time":3.0333,"angle":-18},{"time":3.1667,"angle":-32.4},{"time":3.3333,"angle":-50.4}],"scale":[{"x":1.012,"curve":0.347,"c2":0.38,"c3":0.757},{"time":0.3667,"x":0.665,"curve":0.25,"c3":0.75},{"time":0.9,"x":1.132,"curve":0.25,"c3":0.75},{"time":1.2,"curve":0.25,"c3":0.75},{"time":1.5,"x":1.132,"curve":0.25,"c3":0.75},{"time":2.0333,"x":0.665,"curve":0.25,"c3":0.75},{"time":2.5667,"x":1.132,"curve":0.25,"c3":0.75},{"time":2.8667,"curve":0.247,"c3":0.631,"c4":0.53},{"time":3.0333,"x":1.076,"curve":0.379,"c2":0.53,"c3":0.746},{"time":3.1667,"x":1.132,"curve":0.267,"c3":0.618,"c4":0.42},{"time":3.3333,"x":1.012}]},"4":{"rotate":[{"angle":-28.8},{"time":0.0333,"angle":-32.4},{"time":0.2,"angle":-50.4},{"time":0.5667,"angle":-90},{"time":1.1,"angle":-147.6},{"time":1.4,"angle":180},{"time":1.7,"angle":147.6},{"time":2.2333,"angle":90},{"time":2.7667,"angle":32.4},{"time":3.0333,"angle":3.6},{"time":3.0667},{"time":3.3333,"angle":-28.8}],"scale":[{"x":1.126,"curve":0.362,"c2":0.64,"c3":0.698},{"time":0.0333,"x":1.132,"curve":0.267,"c3":0.618,"c4":0.42},{"time":0.2,"x":1.012,"curve":0.347,"c2":0.38,"c3":0.757},{"time":0.5667,"x":0.665,"curve":0.25,"c3":0.75},{"time":1.1,"x":1.132,"curve":0.25,"c3":0.75},{"time":1.4,"curve":0.25,"c3":0.75},{"time":1.7,"x":1.132,"curve":0.25,"c3":0.75},{"time":2.2333,"x":0.665,"curve":0.25,"c3":0.75},{"time":2.7667,"x":1.132,"curve":0.245,"c3":0.707,"c4":0.82},{"time":3.0333,"x":1.007,"curve":0.362,"c2":0.64,"c3":0.698},{"time":3.0667,"curve":0.245,"c3":0.707,"c4":0.82},{"time":3.3333,"x":1.126}]},"5":{"rotate":[{"angle":-14.4},{"time":0.1667,"angle":-32.4},{"time":0.3333,"angle":-50.4},{"time":0.7,"angle":-90},{"time":1.2333,"angle":-147.6},{"time":1.5333,"angle":180},{"time":1.8333,"angle":147.6},{"time":2.3667,"angle":90},{"time":2.9,"angle":32.4},{"time":3.0333,"angle":18},{"time":3.2},{"time":3.3333,"angle":-14.4}],"scale":[{"x":1.056,"curve":0.369,"c2":0.47,"c3":0.753},{"time":0.1667,"x":1.132,"curve":0.267,"c3":0.618,"c4":0.42},{"time":0.3333,"x":1.012,"curve":0.347,"c2":0.38,"c3":0.757},{"time":0.7,"x":0.665,"curve":0.25,"c3":0.75},{"time":1.2333,"x":1.132,"curve":0.25,"c3":0.75},{"time":1.5333,"curve":0.25,"c3":0.75},{"time":1.8333,"x":1.132,"curve":0.25,"c3":0.75},{"time":2.3667,"x":0.665,"curve":0.25,"c3":0.75},{"time":2.9,"x":1.132,"curve":0.254,"c3":0.621,"c4":0.47},{"time":3.0333,"x":1.076,"curve":0.369,"c2":0.47,"c3":0.753},{"time":3.2,"curve":0.254,"c3":0.621,"c4":0.47},{"time":3.3333,"x":1.056}]},"6":{"rotate":[{"angle":7.2},{"time":0.0667},{"time":0.3667,"angle":-32.4},{"time":0.5333,"angle":-50.4},{"time":0.9,"angle":-90},{"time":1.4333,"angle":-147.6},{"time":1.7333,"angle":180},{"time":2.0333,"angle":147.6},{"time":2.5667,"angle":90},{"time":3.0333,"angle":39.6},{"time":3.1,"angle":32.4},{"time":3.3333,"angle":7.2}],"scale":[{"x":1.02,"curve":0.377,"c2":0.61,"c3":0.72},{"time":0.0667,"curve":0.25,"c3":0.75},{"time":0.3667,"x":1.132,"curve":0.267,"c3":0.618,"c4":0.42},{"time":0.5333,"x":1.012,"curve":0.347,"c2":0.38,"c3":0.757},{"time":0.9,"x":0.665,"curve":0.25,"c3":0.75},{"time":1.4333,"x":1.132,"curve":0.25,"c3":0.75},{"time":1.7333,"curve":0.25,"c3":0.75},{"time":2.0333,"x":1.132,"curve":0.25,"c3":0.75},{"time":2.5667,"x":0.665,"curve":0.244,"c3":0.702,"c4":0.8},{"time":3.0333,"x":1.103,"curve":0.364,"c2":0.64,"c3":0.701},{"time":3.1,"x":1.132,"curve":0.243,"c3":0.674,"c4":0.69},{"time":3.3333,"x":1.02}]},"7":{"rotate":[{"angle":21.6},{"time":0.2},{"time":0.5,"angle":-32.4},{"time":0.6667,"angle":-50.4},{"time":1.0333,"angle":-90},{"time":1.5667,"angle":-147.6},{"time":1.8667,"angle":180},{"time":2.1667,"angle":147.6},{"time":2.7,"angle":90},{"time":3.0333,"angle":54},{"time":3.2333,"angle":32.4},{"time":3.3333,"angle":21.6}],"scale":[{"x":1.095,"curve":0.351,"c2":0.4,"c3":0.757},{"time":0.2,"curve":0.25,"c3":0.75},{"time":0.5,"x":1.132,"curve":0.267,"c3":0.618,"c4":0.42},{"time":0.6667,"x":1.012,"curve":0.347,"c2":0.38,"c3":0.757},{"time":1.0333,"x":0.665,"curve":0.25,"c3":0.75},{"time":1.5667,"x":1.132,"curve":0.25,"c3":0.75},{"time":1.8667,"curve":0.25,"c3":0.75},{"time":2.1667,"x":1.132,"curve":0.25,"c3":0.75},{"time":2.7,"x":0.665,"curve":0.244,"c3":0.641,"c4":0.57},{"time":3.0333,"x":0.975,"curve":0.382,"c2":0.56,"c3":0.74},{"time":3.2333,"x":1.132,"curve":0.265,"c3":0.618,"c4":0.43},{"time":3.3333,"x":1.095}]},"8":{"rotate":[{"angle":39.6},{"time":0.0667,"angle":32.4},{"time":0.3667},{"time":0.6667,"angle":-32.4},{"time":0.8333,"angle":-50.4},{"time":1.2,"angle":-90},{"time":1.7333,"angle":-147.6},{"time":2.0333,"angle":180},{"time":2.3333,"angle":147.6},{"time":2.8667,"angle":90},{"time":3.0333,"angle":72},{"time":3.3333,"angle":39.6}],"scale":[{"x":1.103,"curve":0.364,"c2":0.64,"c3":0.701},{"time":0.0667,"x":1.132,"curve":0.25,"c3":0.75},{"time":0.3667,"curve":0.25,"c3":0.75},{"time":0.6667,"x":1.132,"curve":0.267,"c3":0.618,"c4":0.42},{"time":0.8333,"x":1.012,"curve":0.347,"c2":0.38,"c3":0.757},{"time":1.2,"x":0.665,"curve":0.25,"c3":0.75},{"time":1.7333,"x":1.132,"curve":0.25,"c3":0.75},{"time":2.0333,"curve":0.25,"c3":0.75},{"time":2.3333,"x":1.132,"curve":0.25,"c3":0.75},{"time":2.8667,"x":0.665,"curve":0.267,"c3":0.618,"c4":0.42},{"time":3.0333,"x":0.787,"curve":0.333,"c2":0.33,"c3":0.716,"c4":0.83},{"time":3.3333,"x":1.103}]},"9":{"rotate":[{"angle":57.6},{"time":0.1667,"angle":39.6},{"time":0.2333,"angle":32.4},{"time":0.5333},{"time":0.8333,"angle":-32.4},{"time":1,"angle":-50.4},{"time":1.3667,"angle":-90},{"time":1.9,"angle":-147.6},{"time":2.2,"angle":180},{"time":2.5,"angle":147.6},{"time":3.0333,"angle":90},{"time":3.3333,"angle":57.6}],"scale":[{"x":0.94,"curve":0.358,"c2":0.42,"c3":0.707,"c4":0.81},{"time":0.1667,"x":1.103,"curve":0.364,"c2":0.64,"c3":0.701},{"time":0.2333,"x":1.132,"curve":0.25,"c3":0.75},{"time":0.5333,"curve":0.25,"c3":0.75},{"time":0.8333,"x":1.132,"curve":0.267,"c3":0.618,"c4":0.42},{"time":1,"x":1.012,"curve":0.347,"c2":0.38,"c3":0.757},{"time":1.3667,"x":0.665,"curve":0.25,"c3":0.75},{"time":1.9,"x":1.132,"curve":0.25,"c3":0.75},{"time":2.2,"curve":0.25,"c3":0.75},{"time":2.5,"x":1.132,"curve":0.25,"c3":0.75},{"time":3.0333,"x":0.665,"curve":0.247,"c3":0.632,"c4":0.53},{"time":3.3333,"x":0.94}]},"10":{"rotate":[{"angle":75.6},{"time":0.3333,"angle":39.6},{"time":0.4,"angle":32.4},{"time":0.7},{"time":1,"angle":-32.4},{"time":1.1667,"angle":-50.4},{"time":1.5333,"angle":-90},{"time":2.0667,"angle":-147.6},{"time":2.3667,"angle":180},{"time":2.6667,"angle":147.6},{"time":3.0333,"angle":108},{"time":3.2,"angle":90},{"time":3.3333,"angle":75.6}],"scale":[{"x":0.752,"curve":0.321,"c2":0.29,"c3":0.715,"c4":0.83},{"time":0.3333,"x":1.103,"curve":0.364,"c2":0.64,"c3":0.701},{"time":0.4,"x":1.132,"curve":0.25,"c3":0.75},{"time":0.7,"curve":0.25,"c3":0.75},{"time":1,"x":1.132,"curve":0.267,"c3":0.618,"c4":0.42},{"time":1.1667,"x":1.012,"curve":0.347,"c2":0.38,"c3":0.757},{"time":1.5333,"x":0.665,"curve":0.25,"c3":0.75},{"time":2.0667,"x":1.132,"curve":0.25,"c3":0.75},{"time":2.3667,"curve":0.25,"c3":0.75},{"time":2.6667,"x":1.132,"curve":0.243,"c3":0.653,"c4":0.62},{"time":3.0333,"x":0.785,"curve":0.382,"c2":0.58,"c3":0.733},{"time":3.2,"x":0.665,"curve":0.276,"c3":0.621,"c4":0.4},{"time":3.3333,"x":0.752}]},"11":{"rotate":[{"angle":93.6},{"time":0.0333,"angle":90},{"time":0.5,"angle":39.6},{"time":0.5667,"angle":32.4},{"time":0.8667},{"time":1.1667,"angle":-32.4},{"time":1.3333,"angle":-50.4},{"time":1.7,"angle":-90},{"time":2.2333,"angle":-147.6},{"time":2.5333,"angle":180},{"time":2.8333,"angle":147.6},{"time":3.0333,"angle":126},{"time":3.3333,"angle":93.6}],"scale":[{"x":0.675,"curve":0.351,"c2":0.65,"c3":0.686},{"time":0.0333,"x":0.665,"curve":0.244,"c3":0.702,"c4":0.8},{"time":0.5,"x":1.103,"curve":0.364,"c2":0.64,"c3":0.701},{"time":0.5667,"x":1.132,"curve":0.25,"c3":0.75},{"time":0.8667,"curve":0.25,"c3":0.75},{"time":1.1667,"x":1.132,"curve":0.267,"c3":0.618,"c4":0.42},{"time":1.3333,"x":1.012,"curve":0.347,"c2":0.38,"c3":0.757},{"time":1.7,"x":0.665,"curve":0.25,"c3":0.75},{"time":2.2333,"x":1.132,"curve":0.25,"c3":0.75},{"time":2.5333,"curve":0.25,"c3":0.75},{"time":2.8333,"x":1.132,"curve":0.26,"c3":0.618,"c4":0.44},{"time":3.0333,"x":0.974,"curve":0.35,"c2":0.39,"c3":0.734,"c4":0.9},{"time":3.3333,"x":0.675}]},"12":{"rotate":[{"angle":111.6},{"time":0.2,"angle":90},{"time":0.6667,"angle":39.6},{"time":0.7333,"angle":32.4},{"time":1.0333},{"time":1.3333,"angle":-32.4},{"time":1.5,"angle":-50.4},{"time":1.8667,"angle":-90},{"time":2.4,"angle":-147.6},{"time":2.7,"angle":180},{"time":3,"angle":147.6},{"time":3.0333,"angle":144},{"time":3.3333,"angle":111.6}],"scale":[{"x":0.822,"curve":0.382,"c2":0.56,"c3":0.74},{"time":0.2,"x":0.665,"curve":0.244,"c3":0.702,"c4":0.8},{"time":0.6667,"x":1.103,"curve":0.364,"c2":0.64,"c3":0.701},{"time":0.7333,"x":1.132,"curve":0.25,"c3":0.75},{"time":1.0333,"curve":0.25,"c3":0.75},{"time":1.3333,"x":1.132,"curve":0.267,"c3":0.618,"c4":0.42},{"time":1.5,"x":1.012,"curve":0.347,"c2":0.38,"c3":0.757},{"time":1.8667,"x":0.665,"curve":0.25,"c3":0.75},{"time":2.4,"x":1.132,"curve":0.25,"c3":0.75},{"time":2.7,"curve":0.25,"c3":0.75},{"time":3,"x":1.132,"curve":0.314,"c3":0.649,"c4":0.35},{"time":3.0333,"x":1.123,"curve":0.266,"c2":0.1,"c3":0.65,"c4":0.61},{"time":3.3333,"x":0.822}]},"13":{"rotate":[{"angle":144},{"time":0.5,"angle":90},{"time":0.9667,"angle":39.6},{"time":1.0333,"angle":32.4},{"time":1.3333},{"time":1.6333,"angle":-32.4},{"time":1.8,"angle":-50.4},{"time":2.1667,"angle":-90},{"time":2.7,"angle":-147.6},{"time":3,"angle":180},{"time":3.0333,"angle":176.4},{"time":3.3,"angle":147.6},{"time":3.3333,"angle":144}],"scale":[{"x":1.122,"curve":0.276,"c2":0.11,"c3":0.753},{"time":0.5,"x":0.665,"curve":0.244,"c3":0.702,"c4":0.8},{"time":0.9667,"x":1.103,"curve":0.364,"c2":0.64,"c3":0.701},{"time":1.0333,"x":1.132,"curve":0.25,"c3":0.75},{"time":1.3333,"curve":0.25,"c3":0.75},{"time":1.6333,"x":1.132,"curve":0.267,"c3":0.618,"c4":0.42},{"time":1.8,"x":1.012,"curve":0.347,"c2":0.38,"c3":0.757},{"time":2.1667,"x":0.665,"curve":0.25,"c3":0.75},{"time":2.7,"x":1.132,"curve":0.25,"c3":0.75},{"time":3,"curve":0.302,"c3":0.638,"c4":0.36},{"time":3.0333,"x":1.007,"curve":0.293,"c2":0.18,"c3":0.755},{"time":3.3,"x":1.132,"curve":0.314,"c3":0.649,"c4":0.35},{"time":3.3333,"x":1.122}]},"14":{"rotate":[{"angle":165.6},{"time":0.1667,"angle":147.6},{"time":0.7,"angle":90},{"time":1.1667,"angle":39.6},{"time":1.2333,"angle":32.4},{"time":1.5333},{"time":1.8333,"angle":-32.4},{"time":2,"angle":-50.4},{"time":2.3667,"angle":-90},{"time":2.9,"angle":-147.6},{"time":3.0333,"angle":-162},{"time":3.2,"angle":180},{"time":3.3333,"angle":165.6}],"scale":[{"x":1.056,"curve":0.369,"c2":0.47,"c3":0.753},{"time":0.1667,"x":1.132,"curve":0.25,"c3":0.75},{"time":0.7,"x":0.665,"curve":0.244,"c3":0.702,"c4":0.8},{"time":1.1667,"x":1.103,"curve":0.364,"c2":0.64,"c3":0.701},{"time":1.2333,"x":1.132,"curve":0.25,"c3":0.75},{"time":1.5333,"curve":0.25,"c3":0.75},{"time":1.8333,"x":1.132,"curve":0.267,"c3":0.618,"c4":0.42},{"time":2,"x":1.012,"curve":0.347,"c2":0.38,"c3":0.757},{"time":2.3667,"x":0.665,"curve":0.25,"c3":0.75},{"time":2.9,"x":1.132,"curve":0.254,"c3":0.621,"c4":0.47},{"time":3.0333,"x":1.076,"curve":0.369,"c2":0.47,"c3":0.753},{"time":3.2,"curve":0.254,"c3":0.621,"c4":0.47},{"time":3.3333,"x":1.056}]},"15":{"rotate":[{"angle":-172.8},{"time":0.0667,"angle":180},{"time":0.2,"angle":165.6},{"time":0.3667,"angle":147.6},{"time":0.9,"angle":90},{"time":1.3667,"angle":39.6},{"time":1.4333,"angle":32.4},{"time":1.7333},{"time":2.0333,"angle":-32.4},{"time":2.2,"angle":-50.4},{"time":2.5667,"angle":-90},{"time":3.0333,"angle":-140.4},{"time":3.1,"angle":-147.6},{"time":3.3333,"angle":-172.8}],"scale":[{"x":1.02,"curve":0.377,"c2":0.61,"c3":0.72},{"time":0.0667,"curve":0.254,"c3":0.621,"c4":0.47},{"time":0.2,"x":1.056,"curve":0.369,"c2":0.47,"c3":0.753},{"time":0.3667,"x":1.132,"curve":0.25,"c3":0.75},{"time":0.9,"x":0.665,"curve":0.244,"c3":0.702,"c4":0.8},{"time":1.3667,"x":1.103,"curve":0.364,"c2":0.64,"c3":0.701},{"time":1.4333,"x":1.132,"curve":0.25,"c3":0.75},{"time":1.7333,"curve":0.25,"c3":0.75},{"time":2.0333,"x":1.132,"curve":0.267,"c3":0.618,"c4":0.42},{"time":2.2,"x":1.012,"curve":0.347,"c2":0.38,"c3":0.757},{"time":2.5667,"x":0.665,"curve":0.244,"c3":0.702,"c4":0.8},{"time":3.0333,"x":1.103,"curve":0.364,"c2":0.64,"c3":0.701},{"time":3.1,"x":1.132,"curve":0.243,"c3":0.674,"c4":0.69},{"time":3.3333,"x":1.02}]},"16":{"rotate":[{"angle":-158.4},{"time":0.2,"angle":180},{"time":0.3333,"angle":165.6},{"time":0.5,"angle":147.6},{"time":1.0333,"angle":90},{"time":1.5,"angle":39.6},{"time":1.5667,"angle":32.4},{"time":1.8667},{"time":2.1667,"angle":-32.4},{"time":2.3333,"angle":-50.4},{"time":2.7,"angle":-90},{"time":3.0333,"angle":-126},{"time":3.2333,"angle":-147.6},{"time":3.3333,"angle":-158.4}],"scale":[{"x":1.095,"curve":0.351,"c2":0.4,"c3":0.757},{"time":0.2,"curve":0.254,"c3":0.621,"c4":0.47},{"time":0.3333,"x":1.056,"curve":0.369,"c2":0.47,"c3":0.753},{"time":0.5,"x":1.132,"curve":0.25,"c3":0.75},{"time":1.0333,"x":0.665,"curve":0.244,"c3":0.702,"c4":0.8},{"time":1.5,"x":1.103,"curve":0.364,"c2":0.64,"c3":0.701},{"time":1.5667,"x":1.132,"curve":0.25,"c3":0.75},{"time":1.8667,"curve":0.25,"c3":0.75},{"time":2.1667,"x":1.132,"curve":0.267,"c3":0.618,"c4":0.42},{"time":2.3333,"x":1.012,"curve":0.347,"c2":0.38,"c3":0.757},{"time":2.7,"x":0.665,"curve":0.244,"c3":0.641,"c4":0.57},{"time":3.0333,"x":0.975,"curve":0.382,"c2":0.56,"c3":0.74},{"time":3.2333,"x":1.132,"curve":0.265,"c3":0.618,"c4":0.43},{"time":3.3333,"x":1.095}]},"17":{"rotate":[{"angle":-140.4},{"time":0.0667,"angle":-147.6},{"time":0.3667,"angle":180},{"time":0.5,"angle":165.6},{"time":0.6667,"angle":147.6},{"time":1.2,"angle":90},{"time":1.6667,"angle":39.6},{"time":1.7333,"angle":32.4},{"time":2.0333},{"time":2.3333,"angle":-32.4},{"time":2.5,"angle":-50.4},{"time":2.8667,"angle":-90},{"time":3.0333,"angle":-108},{"time":3.3333,"angle":-140.4}],"scale":[{"x":1.103,"curve":0.364,"c2":0.64,"c3":0.701},{"time":0.0667,"x":1.132,"curve":0.25,"c3":0.75},{"time":0.3667,"curve":0.254,"c3":0.621,"c4":0.47},{"time":0.5,"x":1.056,"curve":0.369,"c2":0.47,"c3":0.753},{"time":0.6667,"x":1.132,"curve":0.25,"c3":0.75},{"time":1.2,"x":0.665,"curve":0.244,"c3":0.702,"c4":0.8},{"time":1.6667,"x":1.103,"curve":0.364,"c2":0.64,"c3":0.701},{"time":1.7333,"x":1.132,"curve":0.25,"c3":0.75},{"time":2.0333,"curve":0.25,"c3":0.75},{"time":2.3333,"x":1.132,"curve":0.267,"c3":0.618,"c4":0.42},{"time":2.5,"x":1.012,"curve":0.347,"c2":0.38,"c3":0.757},{"time":2.8667,"x":0.665,"curve":0.267,"c3":0.618,"c4":0.42},{"time":3.0333,"x":0.787,"curve":0.333,"c2":0.33,"c3":0.716,"c4":0.83},{"time":3.3333,"x":1.103}]},"18":{"rotate":[{"angle":-115.2},{"time":0.3,"angle":-147.6},{"time":0.6,"angle":180},{"time":0.7333,"angle":165.6},{"time":0.9,"angle":147.6},{"time":1.4333,"angle":90},{"time":1.9,"angle":39.6},{"time":1.9667,"angle":32.4},{"time":2.2667},{"time":2.5667,"angle":-32.4},{"time":2.7333,"angle":-50.4},{"time":3.0333,"angle":-82.8},{"time":3.1,"angle":-90},{"time":3.3333,"angle":-115.2}],"scale":[{"x":0.86,"curve":0.368,"c2":0.47,"c3":0.753},{"time":0.3,"x":1.132,"curve":0.25,"c3":0.75},{"time":0.6,"curve":0.254,"c3":0.621,"c4":0.47},{"time":0.7333,"x":1.056,"curve":0.369,"c2":0.47,"c3":0.753},{"time":0.9,"x":1.132,"curve":0.25,"c3":0.75},{"time":1.4333,"x":0.665,"curve":0.244,"c3":0.702,"c4":0.8},{"time":1.9,"x":1.103,"curve":0.364,"c2":0.64,"c3":0.701},{"time":1.9667,"x":1.132,"curve":0.25,"c3":0.75},{"time":2.2667,"curve":0.25,"c3":0.75},{"time":2.5667,"x":1.132,"curve":0.267,"c3":0.618,"c4":0.42},{"time":2.7333,"x":1.012,"curve":0.333,"c2":0.33,"c3":0.716,"c4":0.83},{"time":3.0333,"x":0.693,"curve":0.364,"c2":0.64,"c3":0.701},{"time":3.1,"x":0.665,"curve":0.254,"c3":0.62,"c4":0.47},{"time":3.3333,"x":0.86}]},"19":{"rotate":[{"angle":-90,"curve":0.467,"c2":0.37,"c4":0.75},{"time":0.5333,"angle":-32.4,"curve":0,"c2":0.25,"c4":0.75},{"time":0.8333,"curve":0,"c2":0.25,"c4":0.75},{"time":1.1333,"angle":32.4,"curve":0,"c2":0.27,"c3":0.421,"c4":0.62},{"time":1.6667,"angle":90,"curve":0,"c2":0.27,"c3":0.421,"c4":0.62},{"time":2.2,"angle":147.6,"curve":0,"c2":0.25,"c4":0.75},{"time":2.5,"angle":180,"curve":0,"c2":0.25,"c4":0.75},{"time":2.8,"angle":-147.6,"curve":0.342,"c2":0.34,"c3":0.703,"c4":0.68},{"time":3.0333,"angle":-127.82,"curve":0.579,"c2":0.38,"c4":0.73},{"time":3.3333,"angle":-90}],"scale":[{"x":0.665},{"time":0.5333,"x":1.132},{"time":0.8333},{"time":1.1333,"x":1.132},{"time":1.6667,"x":0.665},{"time":2.2,"x":1.132},{"time":2.5},{"time":2.8,"x":1.132},{"time":3.0333,"x":0.928},{"time":3.3333,"x":0.665}]},"20":{"rotate":[{"angle":-64.8,"curve":0,"c2":0.25,"c4":0.75},{"time":0.3,"angle":-32.4,"curve":0,"c2":0.25,"c4":0.75},{"time":0.6,"curve":0.385,"c2":0.35,"c4":0.76},{"time":0.9,"angle":32.4,"curve":0,"c2":0.25,"c4":0.75},{"time":1.4333,"angle":90,"curve":0.636,"c2":0.36,"c4":0.7},{"time":1.9667,"angle":147.6,"curve":0,"c2":0.25,"c4":0.75},{"time":2.2667,"angle":180,"curve":0,"c2":0.24,"c3":0.8,"c4":0.7},{"time":2.5667,"angle":-147.6,"curve":0,"c2":0.24,"c3":0.8,"c4":0.7},{"time":3.0333,"angle":-101.25,"curve":0.636,"c2":0.36,"c4":0.7},{"time":3.1,"angle":-90,"curve":0,"c2":0.25,"c3":0.474,"c4":0.62},{"time":3.3333,"angle":-64.8}],"scale":[{"x":0.86},{"time":0.3,"x":1.132},{"time":0.6},{"time":0.9,"x":1.132},{"time":1.4333,"x":0.665},{"time":1.9667,"x":1.132},{"time":2.2667},{"time":2.5667,"x":1.132},{"time":3.0333,"x":0.723},{"time":3.1,"x":0.665},{"time":3.3333,"x":0.86}]},"21":{"rotate":[{"angle":-50.4,"curve":0.529,"c2":0.38,"c4":0.75},{"time":0.1667,"angle":-32.4,"curve":0,"c2":0.24,"c3":0.692,"c4":0.67},{"time":0.4667,"curve":0,"c2":0.25,"c3":0.889,"c4":0.72},{"time":0.7667,"angle":32.4,"curve":0,"c2":0.27,"c3":0.421,"c4":0.62},{"time":1.3,"angle":90,"curve":0.385,"c2":0.35,"c4":0.76},{"time":1.8333,"angle":147.6,"curve":0,"c2":0.25,"c4":0.75},{"time":2.1333,"angle":180,"curve":0.636,"c2":0.36,"c4":0.7},{"time":2.4333,"angle":-147.6,"curve":0,"c2":0.25,"c4":0.75},{"time":2.9667,"angle":-90,"curve":0.33,"c2":0.33,"c3":0.668,"c4":0.67},{"time":3.0333,"angle":-84.39,"curve":0.522,"c2":0.38,"c4":0.75},{"time":3.3333,"angle":-50.4}],"scale":[{"x":1.012},{"time":0.1667,"x":1.132},{"time":0.4667},{"time":0.7667,"x":1.132},{"time":1.3,"x":0.665},{"time":1.8333,"x":1.132},{"time":2.1333},{"time":2.4333,"x":1.132},{"time":2.9667,"x":0.665},{"time":3.0333,"x":0.728},{"time":3.3333,"x":1.012}]},"22":{"rotate":[{"angle":-28.8,"curve":0.385,"c2":0.35,"c4":0.76},{"time":0.2667,"curve":0,"c2":0.25,"c3":0.533,"c4":0.63},{"time":0.5667,"angle":32.4,"curve":0,"c2":0.25,"c4":0.75},{"time":1.1,"angle":90,"curve":0.385,"c2":0.35,"c4":0.76},{"time":1.6333,"angle":147.6,"curve":0.636,"c2":0.36,"c4":0.7},{"time":1.9333,"angle":180,"curve":0.636,"c2":0.36,"c4":0.7},{"time":2.2333,"angle":-147.6,"curve":0,"c2":0.25,"c4":0.75},{"time":2.7667,"angle":-90,"curve":0,"c2":0.24,"c3":0.647,"c4":0.66},{"time":3.0333,"angle":-63.25,"curve":0.593,"c2":0.38,"c4":0.73},{"time":3.1333,"angle":-50.4,"curve":0,"c2":0.25,"c4":0.75},{"time":3.3,"angle":-32.4,"curve":0.636,"c2":0.36,"c4":0.7},{"time":3.3333,"angle":-28.8}],"scale":[{"x":1.126},{"time":0.2667},{"time":0.5667,"x":1.132},{"time":1.1,"x":0.665},{"time":1.6333,"x":1.132},{"time":1.9333},{"time":2.2333,"x":1.132},{"time":2.7667,"x":0.665},{"time":3.0333,"x":0.917},{"time":3.1333,"x":1.012},{"time":3.3,"x":1.132},{"time":3.3333,"x":1.126}]},"23":{"rotate":[{"angle":-14.4,"curve":0.64,"c2":0.36,"c4":0.7},{"time":0.1333,"curve":0,"c2":0.27,"c3":0.421,"c4":0.62},{"time":0.4333,"angle":32.4,"curve":0,"c2":0.24,"c3":0.8,"c4":0.7},{"time":0.9667,"angle":90,"curve":0,"c2":0.27,"c3":0.421,"c4":0.62},{"time":1.5,"angle":147.6,"curve":0.385,"c2":0.35,"c4":0.76},{"time":1.8,"angle":180,"curve":0.636,"c2":0.36,"c4":0.7},{"time":2.1,"angle":-147.6,"curve":0,"c2":0.24,"c3":0.8,"c4":0.7},{"time":2.6333,"angle":-90,"curve":0,"c2":0.25,"c4":0.75},{"time":3,"angle":-50.4,"curve":0,"c2":0.28,"c3":0.385,"c4":0.63},{"time":3.0333,"angle":-45.64,"curve":0.286,"c2":0.32,"c4":0.76},{"time":3.1667,"angle":-32.4,"curve":0,"c2":0.25,"c4":0.75},{"time":3.3333,"angle":-14.4}],"scale":[{"x":1.056},{"time":0.1333},{"time":0.4333,"x":1.132},{"time":0.9667,"x":0.665},{"time":1.5,"x":1.132},{"time":1.8},{"time":2.1,"x":1.132},{"time":2.6333,"x":0.665},{"time":3,"x":1.012},{"time":3.0333,"x":1.036},{"time":3.1667,"x":1.132},{"time":3.3333,"x":1.056}]},"24":{"rotate":[{"angle":7.2,"curve":0.471,"c2":0.37,"c4":0.75},{"time":0.2333,"angle":32.4,"curve":0,"c2":0.25,"c3":0.471,"c4":0.62},{"time":0.7667,"angle":90,"curve":0,"c2":0.25,"c4":0.75},{"time":1.3,"angle":147.6,"curve":0,"c2":0.25,"c4":0.75},{"time":1.6,"angle":180,"curve":0,"c2":0.25,"c4":0.75},{"time":1.9,"angle":-147.6,"curve":0,"c2":0.24,"c3":0.8,"c4":0.7},{"time":2.4333,"angle":-90,"curve":0,"c2":0.25,"c4":0.75},{"time":2.8,"angle":-50.4,"curve":0,"c2":0.25,"c4":0.75},{"time":2.9667,"angle":-32.4,"curve":0,"c2":0.28,"c3":0.391,"c4":0.62},{"time":3.0333,"angle":-23.2,"curve":0.308,"c2":0.33,"c4":0.76},{"time":3.2667,"curve":0,"c2":0.24,"c3":0.8,"c4":0.7},{"time":3.3333,"angle":7.2}],"scale":[{"x":1.02},{"time":0.2333,"x":1.132},{"time":0.7667,"x":0.665},{"time":1.3,"x":1.132},{"time":1.6},{"time":1.9,"x":1.132},{"time":2.4333,"x":0.665},{"time":2.8,"x":1.012},{"time":2.9667,"x":1.132},{"time":3.0333,"x":1.103},{"time":3.2667},{"time":3.3333,"x":1.02}]},"25":{"rotate":[{"angle":21.6,"curve":0.609,"c2":0.38,"c4":0.72},{"time":0.1,"angle":32.4,"curve":0,"c2":0.25,"c3":0.474,"c4":0.62},{"time":0.6333,"angle":90,"curve":0,"c2":0.25,"c4":0.75},{"time":1.1667,"angle":147.6,"curve":0,"c2":0.25,"c4":0.75},{"time":1.4667,"angle":180,"curve":0,"c2":0.27,"c3":0.421,"c4":0.62},{"time":1.7667,"angle":-147.6,"curve":0,"c2":0.25,"c4":0.75},{"time":2.3,"angle":-90,"curve":0,"c2":0.27,"c3":0.421,"c4":0.62},{"time":2.6667,"angle":-50.4,"curve":0,"c2":0.25,"c3":0.474,"c4":0.62},{"time":2.8333,"angle":-32.4,"curve":0,"c2":0.24,"c3":0.6,"c4":0.65},{"time":3.0333,"angle":-12.09,"curve":0.571,"c2":0.38,"c4":0.74},{"time":3.1333,"curve":0.385,"c2":0.35,"c4":0.76},{"time":3.3333,"angle":21.6}],"scale":[{"x":1.095},{"time":0.1,"x":1.132},{"time":0.6333,"x":0.665},{"time":1.1667,"x":1.132},{"time":1.4667},{"time":1.7667,"x":1.132},{"time":2.3,"x":0.665},{"time":2.6667,"x":1.012},{"time":2.8333,"x":1.132},{"time":3.0333,"x":1.044},{"time":3.1333},{"time":3.3333,"x":1.095}]},"26":{"rotate":[{"angle":39.6,"curve":0.4,"c2":0.35,"c4":0.76},{"time":0.4667,"angle":90,"curve":0,"c2":0.25,"c4":0.75},{"time":1,"angle":147.6,"curve":0,"c2":0.25,"c4":0.75},{"time":1.3,"angle":180,"curve":0,"c2":0.25,"c4":0.75},{"time":1.6,"angle":-147.6,"curve":0,"c2":0.25,"c4":0.75},{"time":2.1333,"angle":-90,"curve":0,"c2":0.25,"c4":0.75},{"time":2.5,"angle":-50.4,"curve":0,"c2":0.25,"c4":0.75},{"time":2.6667,"angle":-32.4,"curve":0.385,"c2":0.35,"c4":0.76},{"time":2.9667,"curve":0,"c2":0.31,"c3":0.35,"c4":0.65},{"time":3.0333,"angle":12.8,"curve":0.144,"c2":0.29,"c3":0.521,"c4":0.63},{"time":3.2667,"angle":32.4,"curve":0,"c2":0.25,"c4":0.75},{"time":3.3333,"angle":39.6}],"scale":[{"x":1.103},{"time":0.4667,"x":0.665},{"time":1,"x":1.132},{"time":1.3},{"time":1.6,"x":1.132},{"time":2.1333,"x":0.665},{"time":2.5,"x":1.012},{"time":2.6667,"x":1.132},{"time":2.9667},{"time":3.0333,"x":1.029},{"time":3.2667,"x":1.132},{"time":3.3333,"x":1.103}]},"27":{"rotate":[{"angle":57.6,"curve":0.636,"c2":0.36,"c4":0.7},{"time":0.3,"angle":90,"curve":0,"c2":0.25,"c3":0.533,"c4":0.63},{"time":0.8333,"angle":147.6,"curve":0,"c2":0.25,"c4":0.75},{"time":1.1333,"angle":180,"curve":0,"c2":0.25,"c4":0.75},{"time":1.4333,"angle":-147.6,"curve":0,"c2":0.25,"c4":0.75},{"time":1.9667,"angle":-90,"curve":0,"c2":0.25,"c4":0.75},{"time":2.3333,"angle":-50.4,"curve":0.636,"c2":0.36,"c4":0.7},{"time":2.5,"angle":-32.4,"curve":0.385,"c2":0.35,"c4":0.76},{"time":2.8,"curve":0.326,"c2":0.33,"c3":0.804,"c4":0.71},{"time":3.0333,"angle":21.46,"curve":0.629,"c2":0.37,"c4":0.71},{"time":3.1,"angle":32.4,"curve":0,"c2":0.25,"c4":0.75},{"time":3.1667,"angle":39.6,"curve":0,"c2":0.27,"c3":0.421,"c4":0.62},{"time":3.3333,"angle":57.6}],"scale":[{"x":0.94},{"time":0.3,"x":0.665},{"time":0.8333,"x":1.132},{"time":1.1333},{"time":1.4333,"x":1.132},{"time":1.9667,"x":0.665},{"time":2.3333,"x":1.012},{"time":2.5,"x":1.132},{"time":2.8},{"time":3.0333,"x":1.103},{"time":3.1,"x":1.132},{"time":3.1667,"x":1.103},{"time":3.3333,"x":0.94}]},"28":{"rotate":[{"angle":75.6,"curve":0.423,"c2":0.36,"c3":0.812,"c4":0.71},{"time":0.1333,"angle":90,"curve":0,"c2":0.25,"c3":0.474,"c4":0.62},{"time":0.6667,"angle":147.6,"curve":0,"c2":0.25,"c4":0.75},{"time":0.9667,"angle":180,"curve":0,"c2":0.25,"c4":0.75},{"time":1.2667,"angle":-147.6,"curve":0,"c2":0.25,"c4":0.75},{"time":1.8,"angle":-90,"curve":0,"c2":0.25,"c4":0.75},{"time":2.1667,"angle":-50.4,"curve":0,"c2":0.25,"c4":0.75},{"time":2.3333,"angle":-32.4,"curve":0.385,"c2":0.35,"c4":0.76},{"time":2.6333,"curve":0,"c2":0.25,"c4":0.75},{"time":2.9333,"angle":32.4,"curve":0,"c2":0.25,"c3":0.474,"c4":0.62},{"time":3,"angle":39.6,"curve":0.317,"c2":0.33,"c3":0.652,"c4":0.66},{"time":3.0333,"angle":42.74,"curve":0.433,"c2":0.36,"c4":0.76},{"time":3.3333,"angle":75.6}],"scale":[{"x":0.752},{"time":0.1333,"x":0.665},{"time":0.6667,"x":1.132},{"time":0.9667},{"time":1.2667,"x":1.132},{"time":1.8,"x":0.665},{"time":2.1667,"x":1.012},{"time":2.3333,"x":1.132},{"time":2.6333},{"time":2.9333,"x":1.132},{"time":3,"x":1.103},{"time":3.0333,"x":1.068},{"time":3.3333,"x":0.752}]},"29":{"rotate":[{"angle":93.6,"curve":0.293,"c2":0.32,"c3":0.829,"c4":0.72},{"time":0.5,"angle":147.6,"curve":0,"c2":0.25,"c4":0.75},{"time":0.8,"angle":180,"curve":0.385,"c2":0.35,"c4":0.76},{"time":1.1,"angle":-147.6,"curve":0,"c2":0.25,"c4":0.75},{"time":1.6333,"angle":-90,"curve":0,"c2":0.25,"c4":0.75},{"time":2,"angle":-50.4,"curve":0,"c2":0.25,"c4":0.75},{"time":2.1667,"angle":-32.4,"curve":0.385,"c2":0.35,"c4":0.76},{"time":2.4667,"curve":0,"c2":0.27,"c3":0.421,"c4":0.62},{"time":2.7667,"angle":32.4,"curve":0,"c2":0.25,"c4":0.75},{"time":2.8333,"angle":39.6,"curve":0,"c2":0.3,"c3":0.366,"c4":0.63},{"time":3.0333,"angle":69.07,"curve":0.226,"c2":0.31,"c3":0.581,"c4":0.64},{"time":3.3,"angle":90,"curve":0,"c2":0.27,"c3":0.421,"c4":0.62},{"time":3.3333,"angle":93.6}],"scale":[{"x":0.675},{"time":0.5,"x":1.132},{"time":0.8},{"time":1.1,"x":1.132},{"time":1.6333,"x":0.665},{"time":2,"x":1.012},{"time":2.1667,"x":1.132},{"time":2.4667},{"time":2.7667,"x":1.132},{"time":2.8333,"x":1.103},{"time":3.0333,"x":0.915},{"time":3.3,"x":0.665},{"time":3.3333,"x":0.675}]},"30":{"rotate":[{"angle":111.6,"curve":0.652,"c2":0.35,"c4":0.69},{"time":0.3333,"angle":147.6,"curve":0,"c2":0.25,"c4":0.75},{"time":0.6333,"angle":180,"curve":0,"c2":0.25,"c4":0.75},{"time":0.9333,"angle":-147.6,"curve":0,"c2":0.25,"c4":0.75},{"time":1.4667,"angle":-90,"curve":0,"c2":0.25,"c4":0.75},{"time":1.8333,"angle":-50.4,"curve":0,"c2":0.25,"c4":0.75},{"time":2,"angle":-32.4,"curve":0.385,"c2":0.35,"c4":0.76},{"time":2.3,"curve":0,"c2":0.25,"c4":0.75},{"time":2.6,"angle":32.4,"curve":0.471,"c2":0.37,"c4":0.75},{"time":2.6667,"angle":39.6,"curve":0,"c2":0.28,"c3":0.399,"c4":0.62},{"time":3.0333,"angle":82.65,"curve":0.308,"c2":0.33,"c3":0.643,"c4":0.66},{"time":3.1333,"angle":90,"curve":0,"c2":0.25,"c4":0.75},{"time":3.3333,"angle":111.6}],"scale":[{"x":0.822},{"time":0.3333,"x":1.132},{"time":0.6333},{"time":0.9333,"x":1.132},{"time":1.4667,"x":0.665},{"time":1.8333,"x":1.012},{"time":2,"x":1.132},{"time":2.3},{"time":2.6,"x":1.132},{"time":2.6667,"x":1.103},{"time":3.0333,"x":0.759},{"time":3.1333,"x":0.665},{"time":3.3333,"x":0.822}]},"31":{"rotate":[{"angle":144,"curve":0.556,"c2":0.38,"c4":0.74},{"time":0.0333,"angle":147.6,"curve":0,"c2":0.26,"c3":0.429,"c4":0.62},{"time":0.3333,"angle":180,"curve":0,"c2":0.24,"c3":0.571,"c4":0.64},{"time":0.6333,"angle":-147.6,"curve":0,"c2":0.25,"c4":0.75},{"time":1.1667,"angle":-90,"curve":0,"c2":0.25,"c4":0.75},{"time":1.5333,"angle":-50.4,"curve":0,"c2":0.25,"c4":0.75},{"time":1.7,"angle":-32.4,"curve":0,"c2":0.25,"c4":0.75},{"time":2,"curve":0,"c2":0.27,"c3":0.421,"c4":0.62},{"time":2.3,"angle":32.4,"curve":0,"c2":0.25,"c4":0.75},{"time":2.3667,"angle":39.6,"curve":0,"c2":0.24,"c3":0.8,"c4":0.7},{"time":2.8333,"angle":90,"curve":0.406,"c2":0.34,"c3":0.742,"c4":0.68},{"time":3.0333,"angle":103.6,"curve":0.649,"c2":0.35,"c4":0.69},{"time":3.3333,"angle":144}],"scale":[{"x":1.122},{"time":0.0333,"x":1.132},{"time":0.3333},{"time":0.6333,"x":1.132},{"time":1.1667,"x":0.665},{"time":1.5333,"x":1.012},{"time":1.7,"x":1.132},{"time":2},{"time":2.3,"x":1.132},{"time":2.3667,"x":1.103},{"time":2.8333,"x":0.665},{"time":3.0333,"x":0.848},{"time":3.3333,"x":1.122}]},"32":{"rotate":[{"angle":165.6,"curve":0.111,"c2":0.28,"c4":0.75},{"time":0.1333,"angle":180,"curve":0,"c2":0.28,"c3":0.4,"c4":0.62},{"time":0.4333,"angle":-147.6,"curve":0,"c2":0.25,"c4":0.75},{"time":0.9667,"angle":-90,"curve":0,"c2":0.25,"c4":0.75},{"time":1.3333,"angle":-50.4,"curve":0,"c2":0.25,"c4":0.75},{"time":1.5,"angle":-32.4,"curve":0,"c2":0.25,"c4":0.75},{"time":1.8,"curve":0,"c2":0.25,"c4":0.75},{"time":2.1,"angle":32.4,"curve":0,"c2":0.25,"c4":0.75},{"time":2.1667,"angle":39.6,"curve":0,"c2":0.27,"c3":0.421,"c4":0.62},{"time":2.6333,"angle":90,"curve":0,"c2":0.24,"c3":0.667,"c4":0.67},{"time":3.0333,"angle":129.96,"curve":0.6,"c2":0.38,"c4":0.72},{"time":3.1667,"angle":147.6,"curve":0.636,"c2":0.36,"c4":0.7},{"time":3.3333,"angle":165.6}],"scale":[{"x":1.056},{"time":0.1333},{"time":0.4333,"x":1.132},{"time":0.9667,"x":0.665},{"time":1.3333,"x":1.012},{"time":1.5,"x":1.132},{"time":1.8},{"time":2.1,"x":1.132},{"time":2.1667,"x":1.103},{"time":2.6333,"x":0.665},{"time":3.0333,"x":1.015},{"time":3.1667,"x":1.132},{"time":3.3333,"x":1.056}]},"33":{"rotate":[{"angle":-172.8,"curve":0.471,"c2":0.37,"c4":0.75},{"time":0.2333,"angle":-147.6,"curve":0,"c2":0.24,"c3":0.692,"c4":0.67},{"time":0.7667,"angle":-90,"curve":0,"c2":0.25,"c4":0.75},{"time":1.1333,"angle":-50.4,"curve":0,"c2":0.25,"c4":0.75},{"time":1.3,"angle":-32.4,"curve":0,"c2":0.25,"c4":0.75},{"time":1.6,"curve":0,"c2":0.25,"c4":0.75},{"time":1.9,"angle":32.4,"curve":0,"c2":0.25,"c4":0.75},{"time":1.9667,"angle":39.6,"curve":0,"c2":0.25,"c4":0.75},{"time":2.4333,"angle":90,"curve":0,"c2":0.25,"c4":0.75},{"time":2.9667,"angle":147.6,"curve":0,"c2":0.26,"c3":0.455,"c4":0.62},{"time":3.0333,"angle":155.24,"curve":0.444,"c2":0.36,"c4":0.75},{"time":3.1333,"angle":165.6,"curve":0,"c2":0.24,"c3":0.8,"c4":0.7},{"time":3.2667,"angle":180,"curve":0,"c2":0.25,"c4":0.75},{"time":3.3333,"angle":-172.8}],"scale":[{"x":1.02},{"time":0.2333,"x":1.132},{"time":0.7667,"x":0.665},{"time":1.1333,"x":1.012},{"time":1.3,"x":1.132},{"time":1.6},{"time":1.9,"x":1.132},{"time":1.9667,"x":1.103},{"time":2.4333,"x":0.665},{"time":2.9667,"x":1.132},{"time":3.0333,"x":1.102},{"time":3.1333,"x":1.056},{"time":3.2667},{"time":3.3333,"x":1.02}]},"34":{"rotate":[{"angle":-158.4,"curve":0.609,"c2":0.38,"c4":0.72},{"time":0.1,"angle":-147.6,"curve":0,"c2":0.26,"c3":0.429,"c4":0.62},{"time":0.6333,"angle":-90,"curve":0,"c2":0.25,"c4":0.75},{"time":1,"angle":-50.4,"curve":0,"c2":0.25,"c4":0.75},{"time":1.1667,"angle":-32.4,"curve":0,"c2":0.25,"c4":0.75},{"time":1.4667,"curve":0,"c2":0.25,"c4":0.75},{"time":1.7667,"angle":32.4,"curve":0,"c2":0.25,"c4":0.75},{"time":1.8333,"angle":39.6,"curve":0.385,"c2":0.35,"c4":0.76},{"time":2.3,"angle":90,"curve":0,"c2":0.25,"c4":0.75},{"time":2.8333,"angle":147.6,"curve":0,"c2":0.24,"c3":0.8,"c4":0.7},{"time":3,"angle":165.6,"curve":0.375,"c2":0.34,"c3":0.709,"c4":0.67},{"time":3.0333,"angle":167.79,"curve":0.644,"c2":0.36,"c4":0.69},{"time":3.1333,"angle":180,"curve":0.471,"c2":0.37,"c4":0.75},{"time":3.3333,"angle":-158.4}],"scale":[{"x":1.095},{"time":0.1,"x":1.132},{"time":0.6333,"x":0.665},{"time":1,"x":1.012},{"time":1.1667,"x":1.132},{"time":1.4667},{"time":1.7667,"x":1.132},{"time":1.8333,"x":1.103},{"time":2.3,"x":0.665},{"time":2.8333,"x":1.132},{"time":3,"x":1.056},{"time":3.0333,"x":1.042},{"time":3.1333},{"time":3.3333,"x":1.095}]},"35":{"rotate":[{"angle":-140.4,"curve":0.4,"c2":0.35,"c4":0.76},{"time":0.4667,"angle":-90,"curve":0,"c2":0.24,"c3":0.8,"c4":0.7},{"time":0.8333,"angle":-50.4,"curve":0,"c2":0.25,"c4":0.75},{"time":1,"angle":-32.4,"curve":0.385,"c2":0.35,"c4":0.76},{"time":1.3,"curve":0,"c2":0.27,"c3":0.421,"c4":0.62},{"time":1.6,"angle":32.4,"curve":0,"c2":0.25,"c4":0.75},{"time":1.6667,"angle":39.6,"curve":0,"c2":0.25,"c4":0.75},{"time":2.1333,"angle":90,"curve":0,"c2":0.25,"c4":0.75},{"time":2.6667,"angle":147.6,"curve":0.636,"c2":0.36,"c4":0.7},{"time":2.8333,"angle":165.6,"curve":0,"c2":0.25,"c4":0.75},{"time":2.9667,"angle":180,"curve":0,"c2":0.28,"c3":0.391,"c4":0.62},{"time":3.0333,"angle":-170.8,"curve":0.308,"c2":0.33,"c4":0.76},{"time":3.2667,"angle":-147.6,"curve":0,"c2":0.25,"c3":0.474,"c4":0.62},{"time":3.3333,"angle":-140.4}],"scale":[{"x":1.103},{"time":0.4667,"x":0.665},{"time":0.8333,"x":1.012},{"time":1,"x":1.132},{"time":1.3},{"time":1.6,"x":1.132},{"time":1.6667,"x":1.103},{"time":2.1333,"x":0.665},{"time":2.6667,"x":1.132},{"time":2.8333,"x":1.056},{"time":2.9667},{"time":3.0333,"x":1.029},{"time":3.2667,"x":1.132},{"time":3.3333,"x":1.103}]},"36":{"rotate":[{"angle":-115.2,"curve":0,"c2":0.31,"c3":0.348,"c4":0.65},{"time":0.2333,"angle":-90,"curve":0,"c2":0.24,"c3":0.818,"c4":0.71},{"time":0.6,"angle":-50.4,"curve":0,"c2":0.25,"c4":0.75},{"time":0.7667,"angle":-32.4,"curve":0,"c2":0.25,"c4":0.75},{"time":1.0667,"curve":0,"c2":0.25,"c4":0.75},{"time":1.3667,"angle":32.4,"curve":0,"c2":0.25,"c4":0.75},{"time":1.4333,"angle":39.6,"curve":0,"c2":0.25,"c4":0.75},{"time":1.9,"angle":90,"curve":0,"c2":0.25,"c4":0.75},{"time":2.4333,"angle":147.6,"curve":0,"c2":0.25,"c4":0.75},{"time":2.6,"angle":165.6,"curve":0,"c2":0.24,"c3":0.8,"c4":0.7},{"time":2.7333,"angle":180,"curve":0,"c2":0.25,"c4":0.75},{"time":3.0333,"angle":-147.6,"curve":0,"c2":0.25,"c4":0.75},{"time":3.3333,"angle":-115.2}],"scale":[{"x":0.86},{"time":0.2333,"x":0.665},{"time":0.6,"x":1.012},{"time":0.7667,"x":1.132},{"time":1.0667},{"time":1.3667,"x":1.132},{"time":1.4333,"x":1.103},{"time":1.9,"x":0.665},{"time":2.4333,"x":1.132},{"time":2.6,"x":1.056},{"time":2.7333},{"time":3.0333,"x":1.132},{"time":3.3333,"x":0.86}]}}},"idle":{"slots":{"guang2":{"color":[{"color":"ffffff00"}],"attachment":[{"name":"guang"}]},"guang3":{"color":[{"color":"ffffff00"}],"attachment":[{"name":"guang"}]},"guang4":{"color":[{"color":"ffffff00"}],"attachment":[{"name":"guang"}]},"guang5":{"color":[{"color":"ffffff00"}],"attachment":[{"name":"guang"}]},"guang6":{"color":[{"color":"ffffff00"}],"attachment":[{"name":"guang"}]},"guang7":{"color":[{"color":"ffffff00"}],"attachment":[{"name":"guang"}]},"guang8":{"color":[{"color":"ffffff00"}],"attachment":[{"name":"guang"}]},"guang9":{"color":[{"color":"ffffff00"}],"attachment":[{"name":"guang"}]},"guang10":{"color":[{"color":"ffffff00"}],"attachment":[{"name":"guang"}]},"guang11":{"color":[{"color":"ffffff00"}],"attachment":[{"name":"guang"}]},"guang12":{"color":[{"color":"ffffff00"}],"attachment":[{"name":"guang"}]},"guang13":{"color":[{"color":"ffffff00"}],"attachment":[{"name":"guang"}]},"guang14":{"color":[{"color":"ffffff00"}],"attachment":[{"name":"guang"}]},"guang15":{"color":[{"color":"ffffff00"}],"attachment":[{"name":"guang"}]},"guang16":{"color":[{"color":"ffffff00"}],"attachment":[{"name":"guang"}]},"guang17":{"color":[{"color":"ffffff00"}],"attachment":[{"name":"guang"}]},"guang18":{"color":[{"color":"ffffff00"}],"attachment":[{"name":"guang"}]},"guang19":{"color":[{"color":"ffffff00"}],"attachment":[{"name":"guang"}]},"guang20":{"color":[{"color":"ffffff00"}],"attachment":[{"name":"guang"}]},"guang21":{"color":[{"color":"ffffff00"}],"attachment":[{"name":"guang"}]},"guang22":{"color":[{"color":"ffffff00"}],"attachment":[{"name":"guang"}]},"guang23":{"color":[{"color":"ffffff00"}],"attachment":[{"name":"guang"}]},"guang24":{"color":[{"color":"ffffff00"}],"attachment":[{"name":"guang"}]},"guang25":{"color":[{"color":"ffffff00"}],"attachment":[{"name":"guang"}]},"guang26":{"color":[{"color":"ffffff00"}],"attachment":[{"name":"guang"}]},"guang27":{"color":[{"color":"ffffff00"}],"attachment":[{"name":"guang"}]},"guang28":{"color":[{"color":"ffffff00"}],"attachment":[{"name":"guang"}]},"guang29":{"color":[{"color":"ffffff00"}],"attachment":[{"name":"guang"}]},"guang30":{"color":[{"color":"ffffff00"}],"attachment":[{"name":"guang"}]},"guang31":{"color":[{"color":"ffffff00"}],"attachment":[{"name":"guang"}]},"guang32":{"color":[{"color":"ffffff00"}],"attachment":[{"name":"guang"}]},"guang33":{"color":[{"color":"ffffff00"}],"attachment":[{"name":"guang"}]},"guang34":{"color":[{"color":"ffffff00"}],"attachment":[{"name":"guang"}]},"guang35":{"color":[{"color":"ffffff00"}],"attachment":[{"name":"guang"}]},"guang36":{"color":[{"color":"ffffff00"}],"attachment":[{"name":"guang"}]},"guang37":{"color":[{"color":"ffffff00"}],"attachment":[{"name":"guang"}]}}},"open":{"slots":{"beimian":{"attachment":[{"time":0.1667,"name":null}]},"chuanshuo":{"attachment":[{"time":0.1667,"name":"chuanshuo"}]},"guang2":{"color":[{"color":"ffffff00","curve":"stepped"},{"time":0.5333,"color":"ffffff00"},{"time":0.8333,"color":"ffffffff"}],"attachment":[{"name":"guang"}]},"guang3":{"color":[{"color":"ffffff00","curve":"stepped"},{"time":0.5333,"color":"ffffff00"},{"time":0.8333,"color":"ffffffff"}],"attachment":[{"name":"guang"}]},"guang4":{"color":[{"color":"ffffff00","curve":"stepped"},{"time":0.5333,"color":"ffffff00"},{"time":0.8333,"color":"ffffffff"}],"attachment":[{"name":"guang"}]},"guang5":{"color":[{"color":"ffffff00","curve":"stepped"},{"time":0.5333,"color":"ffffff00"},{"time":0.8333,"color":"ffffffff"}],"attachment":[{"name":"guang"}]},"guang6":{"color":[{"color":"ffffff00","curve":"stepped"},{"time":0.5333,"color":"ffffff00"},{"time":0.8333,"color":"ffffffff"}],"attachment":[{"name":"guang"}]},"guang7":{"color":[{"color":"ffffff00","curve":"stepped"},{"time":0.5333,"color":"ffffff00"},{"time":0.8333,"color":"ffffffff"}],"attachment":[{"name":"guang"}]},"guang8":{"color":[{"color":"ffffff00","curve":"stepped"},{"time":0.5333,"color":"ffffff00"},{"time":0.8333,"color":"ffffffff"}],"attachment":[{"name":"guang"}]},"guang9":{"color":[{"color":"ffffff00","curve":"stepped"},{"time":0.5333,"color":"ffffff00"},{"time":0.8333,"color":"ffffffff"}],"attachment":[{"name":"guang"}]},"guang10":{"color":[{"color":"ffffff00","curve":"stepped"},{"time":0.5333,"color":"ffffff00"},{"time":0.8333,"color":"ffffffff"}],"attachment":[{"name":"guang"}]},"guang11":{"color":[{"color":"ffffff00","curve":"stepped"},{"time":0.5333,"color":"ffffff00"},{"time":0.8333,"color":"ffffffff"}],"attachment":[{"name":"guang"}]},"guang12":{"color":[{"color":"ffffff00","curve":"stepped"},{"time":0.5333,"color":"ffffff00"},{"time":0.8333,"color":"ffffffff"}],"attachment":[{"name":"guang"}]},"guang13":{"color":[{"color":"ffffff00","curve":"stepped"},{"time":0.5333,"color":"ffffff00"},{"time":0.8333,"color":"ffffffff"}],"attachment":[{"name":"guang"}]},"guang14":{"color":[{"color":"ffffff00","curve":"stepped"},{"time":0.5333,"color":"ffffff00"},{"time":0.8333,"color":"ffffffff"}],"attachment":[{"name":"guang"}]},"guang15":{"color":[{"color":"ffffff00","curve":"stepped"},{"time":0.5333,"color":"ffffff00"},{"time":0.8333,"color":"ffffffff"}],"attachment":[{"name":"guang"}]},"guang16":{"color":[{"color":"ffffff00","curve":"stepped"},{"time":0.5333,"color":"ffffff00"},{"time":0.8333,"color":"ffffffff"}],"attachment":[{"name":"guang"}]},"guang17":{"color":[{"color":"ffffff00","curve":"stepped"},{"time":0.5333,"color":"ffffff00"},{"time":0.8333,"color":"ffffffff"}],"attachment":[{"name":"guang"}]},"guang18":{"color":[{"color":"ffffff00","curve":"stepped"},{"time":0.5333,"color":"ffffff00"},{"time":0.8333,"color":"ffffffff"}],"attachment":[{"name":"guang"}]},"guang19":{"color":[{"color":"ffffff00","curve":"stepped"},{"time":0.5333,"color":"ffffff00"},{"time":0.8333,"color":"ffffffff"}],"attachment":[{"name":"guang"}]},"guang20":{"color":[{"color":"ffffff00","curve":"stepped"},{"time":0.5333,"color":"ffffff00"},{"time":0.8333,"color":"ffffffff"}],"attachment":[{"name":"guang"}]},"guang21":{"color":[{"color":"ffffff00","curve":"stepped"},{"time":0.5333,"color":"ffffff00"},{"time":0.8333,"color":"ffffffff"}],"attachment":[{"name":"guang"}]},"guang22":{"color":[{"color":"ffffff00","curve":"stepped"},{"time":0.5333,"color":"ffffff00"},{"time":0.8333,"color":"ffffffff"}],"attachment":[{"name":"guang"}]},"guang23":{"color":[{"color":"ffffff00","curve":"stepped"},{"time":0.5333,"color":"ffffff00"},{"time":0.8333,"color":"ffffffff"}],"attachment":[{"name":"guang"}]},"guang24":{"color":[{"color":"ffffff00","curve":"stepped"},{"time":0.5333,"color":"ffffff00"},{"time":0.8333,"color":"ffffffff"}],"attachment":[{"name":"guang"}]},"guang25":{"color":[{"color":"ffffff00","curve":"stepped"},{"time":0.5333,"color":"ffffff00"},{"time":0.8333,"color":"ffffffff"}],"attachment":[{"name":"guang"}]},"guang26":{"color":[{"color":"ffffff00","curve":"stepped"},{"time":0.5333,"color":"ffffff00"},{"time":0.8333,"color":"ffffffff"}],"attachment":[{"name":"guang"}]},"guang27":{"color":[{"color":"ffffff00","curve":"stepped"},{"time":0.5333,"color":"ffffff00"},{"time":0.8333,"color":"ffffffff"}],"attachment":[{"name":"guang"}]},"guang28":{"color":[{"color":"ffffff00","curve":"stepped"},{"time":0.5333,"color":"ffffff00"},{"time":0.8333,"color":"ffffffff"}],"attachment":[{"name":"guang"}]},"guang29":{"color":[{"color":"ffffff00","curve":"stepped"},{"time":0.5333,"color":"ffffff00"},{"time":0.8333,"color":"ffffffff"}],"attachment":[{"name":"guang"}]},"guang30":{"color":[{"color":"ffffff00","curve":"stepped"},{"time":0.5333,"color":"ffffff00"},{"time":0.8333,"color":"ffffffff"}],"attachment":[{"name":"guang"}]},"guang31":{"color":[{"color":"ffffff00","curve":"stepped"},{"time":0.5333,"color":"ffffff00"},{"time":0.8333,"color":"ffffffff"}],"attachment":[{"name":"guang"}]},"guang32":{"color":[{"color":"ffffff00","curve":"stepped"},{"time":0.5333,"color":"ffffff00"},{"time":0.8333,"color":"ffffffff"}],"attachment":[{"name":"guang"}]},"guang33":{"color":[{"color":"ffffff00","curve":"stepped"},{"time":0.5333,"color":"ffffff00"},{"time":0.8333,"color":"ffffffff"}],"attachment":[{"name":"guang"}]},"guang34":{"color":[{"color":"ffffff00","curve":"stepped"},{"time":0.5333,"color":"ffffff00"},{"time":0.8333,"color":"ffffffff"}],"attachment":[{"name":"guang"}]},"guang35":{"color":[{"color":"ffffff00","curve":"stepped"},{"time":0.5333,"color":"ffffff00"},{"time":0.8333,"color":"ffffffff"}],"attachment":[{"name":"guang"}]},"guang36":{"color":[{"color":"ffffff00","curve":"stepped"},{"time":0.5333,"color":"ffffff00"},{"time":0.8333,"color":"ffffffff"}],"attachment":[{"name":"guang"}]},"guang37":{"color":[{"color":"ffffff00","curve":"stepped"},{"time":0.5333,"color":"ffffff00"},{"time":0.8333,"color":"ffffffff"}],"attachment":[{"name":"guang"}]}},"bones":{"1":{"translate":[{},{"time":0.1667,"y":32.1},{"time":0.3333,"y":-7.05},{"time":0.4,"y":5.58},{"time":0.5}],"scale":[{},{"time":0.1667,"x":0},{"time":0.3333,"x":1.058,"y":1.058},{"time":0.4}]},"01":{"rotate":[{"time":0.5333,"angle":-57.6},{"time":0.8333,"angle":-90}],"scale":[{"time":0.5333,"x":0.937,"curve":0.368,"c2":0.47,"c3":0.753},{"time":0.8333,"x":0.665}]},"2":{"rotate":[{"time":0.5333,"angle":-32.4},{"time":0.8333,"angle":-64.8}],"scale":[{"time":0.5333,"x":1.132,"curve":0.247,"c3":0.632,"c4":0.53},{"time":0.8333,"x":0.86}]},"3":{"rotate":[{"time":0.5333,"angle":-18},{"time":0.6667,"angle":-32.4},{"time":0.8333,"angle":-50.4}],"scale":[{"time":0.5333,"x":1.076,"curve":0.379,"c2":0.53,"c3":0.746},{"time":0.6667,"x":1.132,"curve":0.267,"c3":0.618,"c4":0.42},{"time":0.8333,"x":1.012}]},"4":{"rotate":[{"time":0.5333,"angle":3.6},{"time":0.5667},{"time":0.8333,"angle":-28.8}],"scale":[{"time":0.5333,"x":1.007,"curve":0.362,"c2":0.64,"c3":0.698},{"time":0.5667,"curve":0.245,"c3":0.707,"c4":0.82},{"time":0.8333,"x":1.126}]},"5":{"rotate":[{"time":0.5333,"angle":18},{"time":0.7},{"time":0.8333,"angle":-14.4}],"scale":[{"time":0.5333,"x":1.076,"curve":0.369,"c2":0.47,"c3":0.753},{"time":0.7,"curve":0.254,"c3":0.621,"c4":0.47},{"time":0.8333,"x":1.056}]},"6":{"rotate":[{"time":0.5333,"angle":39.6},{"time":0.6,"angle":32.4},{"time":0.8333,"angle":7.2}],"scale":[{"time":0.5333,"x":1.103,"curve":0.364,"c2":0.64,"c3":0.701},{"time":0.6,"x":1.132,"curve":0.243,"c3":0.674,"c4":0.69},{"time":0.8333,"x":1.02}]},"7":{"rotate":[{"time":0.5333,"angle":54},{"time":0.7333,"angle":32.4},{"time":0.8333,"angle":21.6}],"scale":[{"time":0.5333,"x":0.975,"curve":0.382,"c2":0.56,"c3":0.74},{"time":0.7333,"x":1.132,"curve":0.265,"c3":0.618,"c4":0.43},{"time":0.8333,"x":1.095}]},"8":{"rotate":[{"time":0.5333,"angle":72},{"time":0.8333,"angle":39.6}],"scale":[{"time":0.5333,"x":0.787,"curve":0.333,"c2":0.33,"c3":0.716,"c4":0.83},{"time":0.8333,"x":1.103}]},"9":{"rotate":[{"time":0.5333,"angle":90},{"time":0.8333,"angle":57.6}],"scale":[{"time":0.5333,"x":0.665,"curve":0.247,"c3":0.632,"c4":0.53},{"time":0.8333,"x":0.94}]},"10":{"rotate":[{"time":0.5333,"angle":108},{"time":0.7,"angle":90},{"time":0.8333,"angle":75.6}],"scale":[{"time":0.5333,"x":0.785,"curve":0.382,"c2":0.58,"c3":0.733},{"time":0.7,"x":0.665,"curve":0.276,"c3":0.621,"c4":0.4},{"time":0.8333,"x":0.752}]},"11":{"rotate":[{"time":0.5333,"angle":126},{"time":0.8333,"angle":93.6}],"scale":[{"time":0.5333,"x":0.974,"curve":0.35,"c2":0.39,"c3":0.734,"c4":0.9},{"time":0.8333,"x":0.675}]},"12":{"rotate":[{"time":0.5333,"angle":144},{"time":0.8333,"angle":111.6}],"scale":[{"time":0.5333,"x":1.123,"curve":0.266,"c2":0.1,"c3":0.65,"c4":0.61},{"time":0.8333,"x":0.822}]},"13":{"rotate":[{"time":0.5333,"angle":176.4},{"time":0.8,"angle":147.6},{"time":0.8333,"angle":144}],"scale":[{"time":0.5333,"x":1.007,"curve":0.293,"c2":0.18,"c3":0.755},{"time":0.8,"x":1.132,"curve":0.314,"c3":0.649,"c4":0.35},{"time":0.8333,"x":1.122}]},"14":{"rotate":[{"time":0.5333,"angle":-162},{"time":0.7,"angle":180},{"time":0.8333,"angle":165.6}],"scale":[{"time":0.5333,"x":1.076,"curve":0.369,"c2":0.47,"c3":0.753},{"time":0.7,"curve":0.254,"c3":0.621,"c4":0.47},{"time":0.8333,"x":1.056}]},"15":{"rotate":[{"time":0.5333,"angle":-140.4},{"time":0.6,"angle":-147.6},{"time":0.8333,"angle":-172.8}],"scale":[{"time":0.5333,"x":1.103,"curve":0.364,"c2":0.64,"c3":0.701},{"time":0.6,"x":1.132,"curve":0.243,"c3":0.674,"c4":0.69},{"time":0.8333,"x":1.02}]},"16":{"rotate":[{"time":0.5333,"angle":-126},{"time":0.7333,"angle":-147.6},{"time":0.8333,"angle":-158.4}],"scale":[{"time":0.5333,"x":0.975,"curve":0.382,"c2":0.56,"c3":0.74},{"time":0.7333,"x":1.132,"curve":0.265,"c3":0.618,"c4":0.43},{"time":0.8333,"x":1.095}]},"17":{"rotate":[{"time":0.5333,"angle":-108},{"time":0.8333,"angle":-140.4}],"scale":[{"time":0.5333,"x":0.787,"curve":0.333,"c2":0.33,"c3":0.716,"c4":0.83},{"time":0.8333,"x":1.103}]},"18":{"rotate":[{"time":0.5333,"angle":-82.8},{"time":0.6,"angle":-90},{"time":0.8333,"angle":-115.2}],"scale":[{"time":0.5333,"x":0.693,"curve":0.364,"c2":0.64,"c3":0.701},{"time":0.6,"x":0.665,"curve":0.254,"c3":0.62,"c4":0.47},{"time":0.8333,"x":0.86}]},"19":{"rotate":[{"time":0.5333,"angle":-127.82,"curve":0.579,"c2":0.38,"c4":0.73},{"time":0.8333,"angle":-90}],"scale":[{"time":0.5333,"x":0.928},{"time":0.8333,"x":0.665}]},"20":{"rotate":[{"time":0.5333,"angle":-101.25,"curve":0.636,"c2":0.36,"c4":0.7},{"time":0.6,"angle":-90,"curve":0,"c2":0.25,"c3":0.474,"c4":0.62},{"time":0.8333,"angle":-64.8}],"scale":[{"time":0.5333,"x":0.723},{"time":0.6,"x":0.665},{"time":0.8333,"x":0.86}]},"21":{"rotate":[{"time":0.5333,"angle":-84.39,"curve":0.522,"c2":0.38,"c4":0.75},{"time":0.8333,"angle":-50.4}],"scale":[{"time":0.5333,"x":0.728},{"time":0.8333,"x":1.012}]},"22":{"rotate":[{"time":0.5333,"angle":-63.25,"curve":0.593,"c2":0.38,"c4":0.73},{"time":0.6333,"angle":-50.4,"curve":0,"c2":0.25,"c4":0.75},{"time":0.8,"angle":-32.4,"curve":0.636,"c2":0.36,"c4":0.7},{"time":0.8333,"angle":-28.8}],"scale":[{"time":0.5333,"x":0.917},{"time":0.6333,"x":1.012},{"time":0.8,"x":1.132},{"time":0.8333,"x":1.126}]},"23":{"rotate":[{"time":0.5333,"angle":-45.64,"curve":0.286,"c2":0.32,"c4":0.76},{"time":0.6667,"angle":-32.4,"curve":0,"c2":0.25,"c4":0.75},{"time":0.8333,"angle":-14.4}],"scale":[{"time":0.5333,"x":1.036},{"time":0.6667,"x":1.132},{"time":0.8333,"x":1.056}]},"24":{"rotate":[{"time":0.5333,"angle":-23.2,"curve":0.308,"c2":0.33,"c4":0.76},{"time":0.7667,"curve":0,"c2":0.24,"c3":0.8,"c4":0.7},{"time":0.8333,"angle":7.2}],"scale":[{"time":0.5333,"x":1.103},{"time":0.7667},{"time":0.8333,"x":1.02}]},"25":{"rotate":[{"time":0.5333,"angle":-12.09,"curve":0.571,"c2":0.38,"c4":0.74},{"time":0.6333,"curve":0.385,"c2":0.35,"c4":0.76},{"time":0.8333,"angle":21.6}],"scale":[{"time":0.5333,"x":1.044},{"time":0.6333},{"time":0.8333,"x":1.095}]},"26":{"rotate":[{"time":0.5333,"angle":12.8,"curve":0.144,"c2":0.29,"c3":0.521,"c4":0.63},{"time":0.7667,"angle":32.4,"curve":0,"c2":0.25,"c4":0.75},{"time":0.8333,"angle":39.6}],"scale":[{"time":0.5333,"x":1.029},{"time":0.7667,"x":1.132},{"time":0.8333,"x":1.103}]},"27":{"rotate":[{"time":0.5333,"angle":21.46,"curve":0.629,"c2":0.37,"c4":0.71},{"time":0.6,"angle":32.4,"curve":0,"c2":0.25,"c4":0.75},{"time":0.6667,"angle":39.6,"curve":0,"c2":0.27,"c3":0.421,"c4":0.62},{"time":0.8333,"angle":57.6}],"scale":[{"time":0.5333,"x":1.103},{"time":0.6,"x":1.132},{"time":0.6667,"x":1.103},{"time":0.8333,"x":0.94}]},"28":{"rotate":[{"time":0.5333,"angle":42.74,"curve":0.433,"c2":0.36,"c4":0.76},{"time":0.8333,"angle":75.6}],"scale":[{"time":0.5333,"x":1.068},{"time":0.8333,"x":0.752}]},"29":{"rotate":[{"time":0.5333,"angle":69.07,"curve":0.226,"c2":0.31,"c3":0.581,"c4":0.64},{"time":0.8,"angle":90,"curve":0,"c2":0.27,"c3":0.421,"c4":0.62},{"time":0.8333,"angle":93.6}],"scale":[{"time":0.5333,"x":0.915},{"time":0.8,"x":0.665},{"time":0.8333,"x":0.675}]},"30":{"rotate":[{"time":0.5333,"angle":82.65,"curve":0.308,"c2":0.33,"c3":0.643,"c4":0.66},{"time":0.6333,"angle":90,"curve":0,"c2":0.25,"c4":0.75},{"time":0.8333,"angle":111.6}],"scale":[{"time":0.5333,"x":0.759},{"time":0.6333,"x":0.665},{"time":0.8333,"x":0.822}]},"31":{"rotate":[{"time":0.5333,"angle":103.6,"curve":0.649,"c2":0.35,"c4":0.69},{"time":0.8333,"angle":144}],"scale":[{"time":0.5333,"x":0.848},{"time":0.8333,"x":1.122}]},"32":{"rotate":[{"time":0.5333,"angle":129.96,"curve":0.6,"c2":0.38,"c4":0.72},{"time":0.6667,"angle":147.6,"curve":0.636,"c2":0.36,"c4":0.7},{"time":0.8333,"angle":165.6}],"scale":[{"time":0.5333,"x":1.015},{"time":0.6667,"x":1.132},{"time":0.8333,"x":1.056}]},"33":{"rotate":[{"time":0.5333,"angle":155.24,"curve":0.444,"c2":0.36,"c4":0.75},{"time":0.6333,"angle":165.6,"curve":0,"c2":0.24,"c3":0.8,"c4":0.7},{"time":0.7667,"angle":180,"curve":0,"c2":0.25,"c4":0.75},{"time":0.8333,"angle":-172.8}],"scale":[{"time":0.5333,"x":1.102},{"time":0.6333,"x":1.056},{"time":0.7667},{"time":0.8333,"x":1.02}]},"34":{"rotate":[{"time":0.5333,"angle":167.79,"curve":0.644,"c2":0.36,"c4":0.69},{"time":0.6333,"angle":180,"curve":0.471,"c2":0.37,"c4":0.75},{"time":0.8333,"angle":-158.4}],"scale":[{"time":0.5333,"x":1.042},{"time":0.6333},{"time":0.8333,"x":1.095}]},"35":{"rotate":[{"time":0.5333,"angle":-170.8,"curve":0.308,"c2":0.33,"c4":0.76},{"time":0.7667,"angle":-147.6,"curve":0,"c2":0.25,"c3":0.474,"c4":0.62},{"time":0.8333,"angle":-140.4}],"scale":[{"time":0.5333,"x":1.029},{"time":0.7667,"x":1.132},{"time":0.8333,"x":1.103}]},"36":{"rotate":[{"time":0.5333,"angle":-147.6,"curve":0,"c2":0.25,"c4":0.75},{"time":0.8333,"angle":-115.2}],"scale":[{"time":0.5333,"x":1.132},{"time":0.8333,"x":0.86}]}}}}}