{"skeleton":{"hash":"YgKbvMmsc9wKBosY0rdLon+aj8E","spine":"3.8.99","x":-55.87,"y":-154.43,"width":82.72,"height":175.94,"images":"../","audio":"D:/work/CryptoGladiator/美术资源/角色/斯巴达人物拆分/斯巴达(标准)"},"bones":[{"name":"root"},{"name":"GDRarm","parent":"root","rotation":-111.67,"color":"2bff00ff"},{"name":"dabiyou","parent":"GDRarm","length":50.67,"rotation":-3.85,"transform":"noScale","color":"2bff00ff"},{"name":"xiaobiyou","parent":"dabiyou","length":55.75,"rotation":30.4,"x":54.02,"y":-2.76,"color":"2bff00ff"},{"name":"xiaobiyou2","parent":"xiaobiyou","length":26.43,"rotation":22.1,"x":71.46,"y":0.15,"color":"2bff00ff"},{"name":"GDRweapon","parent":"xiaobiyou2","rotation":67.29,"x":11.71,"y":-2.44,"color":"2bff00ff"}],"slots":[{"name":"dabiyou","bone":"dabiyou","attachment":"斯巴达人物拆分小/斯巴达(标准)/dabiyou"},{"name":"xiaobiyou","bone":"xiaobiyou","attachment":"斯巴达人物拆分小/斯巴达(标准)/xiaobiyou"}],"skins":[{"name":"pang","attachments":{"dabiyou":{"斯巴达人物拆分小/斯巴达(标准)/dabiyou":{"name":"斯巴达人物拆分小/斯巴达(胖)/dabiyou","x":22.22,"y":1.02,"rotation":115.52,"width":71,"height":84}},"xiaobiyou":{"斯巴达人物拆分小/斯巴达(标准)/xiaobiyou":{"name":"斯巴达人物拆分小/斯巴达(胖)/xiaobiyou","type":"mesh","uvs":[1,0.36235,1,0.64152,1,1,0,1,0,0.533,0,0,1,0,0.2908,0.76218,0.38865,0.70358,0.52728,0.66394,0.68766,0.63291,0.67678,0.57605,0.52727,0.59157,0.35059,0.60881,0.17662,0.68291,0.22824,0.44338,0.48104,0.41408,0.75016,0.44508],"triangles":[3,7,2,7,8,2,8,9,2,9,10,2,10,1,2,3,14,7,7,14,8,8,13,9,9,12,10,1,10,11,3,4,14,14,13,8,13,12,9,14,4,13,1,11,17,17,0,1,4,15,13,12,13,16,13,15,16,12,16,11,11,16,17,15,4,5,0,17,6,15,5,16,6,17,16,16,5,6,12,11,10],"vertices":[1,3,38.8,37.74,1,1,4,11.74,32.93,1,1,4,47.52,14.71,1,1,4,15.31,-48.56,1,1,3,51.8,-34.63,1,1,3,-7.68,-29.55,1,1,3,-1.63,41.2,1,1,4,0.94,-18.08,1,1,4,-1.76,-8.91,1,1,4,-1.25,1.88,1,1,4,0.82,13.6,1,1,3,60.7,12.84,1,1,3,61.53,2.11,1,1,3,62.38,-10.55,1,1,3,69.6,-23.56,1,1,3,43.18,-17.63,1,1,3,41.44,0.54,1,1,3,46.53,19.28,1],"hull":7,"edges":[4,6,10,12,6,8,8,10,0,12,0,2,2,4],"width":71,"height":112}}}}],"animations":{"ATTACKSWORD1":{"bones":{"dabiyou":{"rotate":[{"angle":-19.89,"curve":0.25,"c3":0.75},{"time":0.1667,"angle":52.47,"curve":0.25,"c3":0.75},{"time":0.3333,"angle":169.46,"curve":0.25,"c3":0.75},{"time":0.5,"angle":-170.19,"curve":0.25,"c3":0.75},{"time":0.5333,"angle":101.88,"curve":0.25,"c3":0.75},{"time":0.6,"angle":97.63,"curve":0.25,"c3":0.75},{"time":0.8,"angle":71.35,"curve":0.25,"c3":0.75},{"time":0.9667,"angle":-19.89}],"translate":[{"x":9.12,"y":-2.18,"curve":0.25,"c3":0.75},{"time":0.1667,"x":4.44,"y":11.72,"curve":0.375,"c2":0.5,"c3":0.75},{"time":0.3333,"x":-0.65,"y":4.32,"curve":0.25,"c3":0.75},{"time":0.5,"x":1.57,"y":0.53,"curve":0.25,"c3":0.75},{"time":0.5333,"x":-3.46,"y":17.52,"curve":0.25,"c3":0.75},{"time":0.6,"x":-8.23,"y":23.8,"curve":0.25,"c3":0.75},{"time":0.8,"x":8.23,"y":7.52,"curve":0.25,"c3":0.75},{"time":0.9667,"x":9.12,"y":-2.18}]},"xiaobiyou":{"rotate":[{"angle":46.44,"curve":0.25,"c3":0.75},{"time":0.1667,"angle":9.4,"curve":0.25,"c3":0.75},{"time":0.3333,"angle":54.58,"curve":0.25,"c3":0.75},{"time":0.5,"angle":40.83,"curve":0.25,"c3":0.75},{"time":0.5333,"angle":-20.08,"curve":0.25,"c3":0.75},{"time":0.6,"angle":-18.24,"curve":0.25,"c3":0.75},{"time":0.8,"angle":10.41,"curve":0.25,"c3":0.75},{"time":0.9667,"angle":46.44}]},"xiaobiyou2":{"rotate":[{"angle":-1.93,"curve":"stepped"},{"time":0.5,"angle":-1.93,"curve":0.25,"c3":0.75},{"time":0.5333,"angle":-63.62,"curve":"stepped"},{"time":0.8,"angle":-63.62,"curve":0.25,"c3":0.75},{"time":0.9667,"angle":-1.93}],"scale":[{"time":0.5,"curve":0.25,"c3":0.75},{"time":0.5333,"x":1.2,"y":1.2,"curve":0.25,"c3":0.75},{"time":0.6}]}}},"BACK":{"bones":{"dabiyou":{"rotate":[{"angle":-11.97,"curve":0.25,"c3":0.75},{"time":0.5,"angle":-24.67,"curve":0.25,"c3":0.75},{"time":1,"angle":-11.97}],"translate":[{"x":-1.63,"y":3.2,"curve":0.25,"c3":0.75},{"time":0.5,"x":1.95,"y":-3.58,"curve":0.25,"c3":0.75},{"time":1,"x":-1.63,"y":3.2}]},"xiaobiyou":{"rotate":[{"angle":31.49,"curve":0.25,"c3":0.75},{"time":0.5,"angle":34.55,"curve":0.25,"c3":0.75},{"time":1,"angle":31.49}]},"xiaobiyou2":{"rotate":[{"angle":-23.53}]}}},"DEATH":{"bones":{"dabiyou":{"rotate":[{"angle":-19.89,"curve":0.25,"c3":0.75},{"time":0.0667,"angle":68.72,"curve":0.247,"c3":0.63,"c4":0.52},{"time":0.2667,"angle":22.79,"curve":0.379,"c2":0.52,"c3":0.747},{"time":0.4333,"angle":-13.28,"curve":0.25,"c3":0.75},{"time":0.7667,"angle":16.11,"curve":0.25,"c3":0.75},{"time":0.9333,"angle":-8.86,"curve":0.25,"c3":0.75},{"time":1.4333,"angle":52.06}],"translate":[{"x":9.12,"y":-2.18,"curve":0.25,"c3":0.75},{"time":0.0667,"x":5.91,"y":11.01,"curve":0.271,"c3":0.619,"c4":0.41},{"time":0.2667,"x":8.95,"y":-4.86,"curve":0.319,"c2":0.29,"c3":0.661,"c4":0.65},{"time":0.4333,"x":4.09,"y":-4.68,"curve":0.377,"c2":0.51,"c3":0.748},{"time":0.7667,"x":5.68,"y":-1},{"time":1.4333,"x":8.73,"y":6.59}]},"xiaobiyou":{"rotate":[{"angle":46.44,"curve":0.25,"c3":0.75},{"time":0.0667,"angle":26.58,"curve":0.247,"c3":0.63,"c4":0.52},{"time":0.2667,"angle":24.94,"curve":0.379,"c2":0.52,"c3":0.747},{"time":0.4333,"angle":23.66,"curve":0.25,"c3":0.75},{"time":0.7667,"angle":1.74,"curve":0.25,"c3":0.75},{"time":0.9333,"angle":-14.32,"curve":0.25,"c3":0.75},{"time":1.4333,"angle":7.28}]},"xiaobiyou2":{"rotate":[{"angle":-1.93}]}}},"HIT":{"bones":{"dabiyou":{"rotate":[{"angle":-19.89,"curve":0.25,"c3":0.75},{"time":0.0667,"angle":68.72,"curve":0.25,"c3":0.75},{"time":0.2333,"angle":27.35,"curve":0.25,"c3":0.75},{"time":0.5,"angle":-9.83,"curve":0.25,"c3":0.75},{"time":0.6667,"angle":-19.89}],"translate":[{"x":9.12,"y":-2.18,"curve":0.25,"c3":0.75},{"time":0.0667,"x":5.7,"y":10.88,"curve":0.25,"c3":0.75},{"time":0.2333,"x":-4.49,"y":4.55,"curve":0.25,"c3":0.75},{"time":0.5,"x":10.51,"y":-9.23,"curve":0.25,"c3":0.75},{"time":0.6667,"x":9.12,"y":-2.18}]},"xiaobiyou":{"rotate":[{"angle":46.44,"curve":0.25,"c3":0.75},{"time":0.0667,"angle":26.58,"curve":0.25,"c3":0.75},{"time":0.2333,"angle":27.96,"curve":0.25,"c3":0.75},{"time":0.5,"angle":32.08,"curve":0.25,"c3":0.75},{"time":0.6667,"angle":46.44}]},"xiaobiyou2":{"rotate":[{"angle":-1.93,"curve":0.25,"c3":0.75},{"time":0.0667,"angle":-28.33,"curve":0.247,"c3":0.631,"c4":0.53},{"time":0.2333,"angle":-47.53,"curve":0.25,"c3":0.75},{"time":0.3333,"angle":-28.33,"curve":0.25,"c3":0.75},{"time":0.5,"angle":2.87,"curve":0.25,"c3":0.75},{"time":0.6667,"angle":-1.93}]}}},"IDLE":{"bones":{"dabiyou":{"rotate":[{"angle":-19.89,"curve":0.25,"c3":0.75},{"time":0.1667,"angle":-19.1,"curve":0.25,"c3":0.75},{"time":0.8333,"angle":-23.39,"curve":0.25,"c3":0.75},{"time":1.3333,"angle":-19.89}],"translate":[{"x":9.12,"y":-2.18}]},"xiaobiyou":{"rotate":[{"angle":46.44,"curve":0.25,"c3":0.75},{"time":0.1667,"angle":45.21,"curve":0.25,"c3":0.75},{"time":0.8333,"angle":49.57,"curve":0.25,"c3":0.75},{"time":1.3333,"angle":46.44}]},"xiaobiyou2":{"rotate":[{"angle":-1.93}]}}},"WALK":{"bones":{"dabiyou":{"rotate":[{"angle":-8.4,"curve":0.25,"c3":0.75},{"time":0.4,"angle":-24.67,"curve":0.25,"c3":0.75},{"time":0.8,"angle":-8.4}],"translate":[{"x":11.64,"y":3.68,"curve":0.25,"c3":0.75},{"time":0.4,"x":9.28,"y":-6.99,"curve":0.25,"c3":0.75},{"time":0.8,"x":11.64,"y":3.68}]},"xiaobiyou":{"rotate":[{"angle":51.31,"curve":0.25,"c3":0.75},{"time":0.4,"angle":46.73,"curve":0.25,"c3":0.75},{"time":0.8,"angle":51.31}]},"xiaobiyou2":{"rotate":[{"angle":-11.53}]}}}}}