{"skeleton":{"hash":"2r1sNMjIqYpAPVtzhZ5DOBrtdRA","spine":"3.8.99","x":-20.93,"y":-145.19,"width":98.26,"height":157.44,"images":"../","audio":"D:/work/CryptoGladiator/美术资源/角色/斯巴达人物拆分/斯巴达(标准)"},"bones":[{"name":"root"},{"name":"GDLarm","parent":"root","rotation":-84.08,"color":"0040ffff"},{"name":"dabizuo","parent":"GDLarm","length":45.59,"rotation":3.18,"transform":"noScale","color":"0040ffff"},{"name":"xiaobizuo","parent":"dabizuo","length":62.21,"rotation":19.03,"x":44.05,"y":-3.87,"color":"0040ffff"},{"name":"xiaobizuo2","parent":"xiaobizuo","length":24.56,"rotation":0.48,"x":80.8,"y":4.31,"color":"0040ffff"}],"slots":[{"name":"xiaobizuo","bone":"xiaobizuo","attachment":"斯巴达人物拆分小/斯巴达(标准)/xiaobizuo"},{"name":"dabizuo","bone":"dabizuo","attachment":"斯巴达人物拆分小/斯巴达(标准)/dabizuo"}],"skins":[{"name":"pang","attachments":{"dabizuo":{"斯巴达人物拆分小/斯巴达(标准)/dabizuo":{"name":"斯巴达人物拆分小/斯巴达(胖)/dabizuo","x":24.5,"y":-0.31,"rotation":80.9,"width":49,"height":73}},"xiaobizuo":{"斯巴达人物拆分小/斯巴达(标准)/xiaobizuo":{"name":"斯巴达人物拆分小/斯巴达(胖)/xiaobizuo","type":"mesh","uvs":[1,0.39043,1,0.64876,1,1,0,1,0,0,1,0,0.46153,0.81546,0.55413,0.72679,0.64673,0.67472,0.78475,0.62265,0.76029,0.5762,0.62227,0.60013,0.48599,0.65642,0.38815,0.75072,0.18025,0.63249,0.33574,0.49176,0.5122,0.42279,0.76204,0.40028],"triangles":[3,13,6,3,6,2,6,7,2,7,8,2,8,9,2,9,1,2,6,13,7,7,12,8,8,10,9,1,9,10,13,12,7,12,11,8,3,14,13,14,3,4,13,14,12,14,15,12,12,16,11,12,15,16,14,4,15,0,10,17,17,11,16,15,4,16,17,16,5,0,17,5,5,16,4,10,11,17,8,11,10,1,10,0],"vertices":[1,3,66.05,48.8,1,1,4,10.13,31.26,1,1,4,43.43,13.09,1,1,4,1.77,-63.28,1,1,3,-12.15,-8.04,1,1,3,28.87,68.68,1,1,4,3.5,-18.49,1,1,4,-1.05,-6.83,1,1,4,-2.13,2.93,1,1,4,-1.32,16.17,1,1,3,73.92,20.95,1,1,3,70.53,9.15,1,1,3,70.31,-4.18,1,1,3,75.28,-16.48,1,1,3,55.49,-26.42,1,1,3,48.46,-7.32,1,1,3,49.13,9.73,1,1,3,57.23,30.05,1],"hull":6,"edges":[4,6,6,8,8,10,0,10,0,2,2,4],"width":87,"height":108}}}}],"animations":{"ATTACKSWORD1":{"bones":{"dabizuo":{"rotate":[{"angle":22.16,"curve":0.25,"c3":0.75},{"time":0.1667,"angle":-39.93,"curve":0.25,"c3":0.75},{"time":0.3333,"angle":23.69,"curve":0.25,"c3":0.75},{"time":0.5,"angle":29.47,"curve":0.25,"c3":0.75},{"time":0.5333,"angle":-55.23,"curve":0.25,"c3":0.75},{"time":0.7,"angle":-64.43,"curve":0.25,"c3":0.75},{"time":0.9667,"angle":22.16}],"translate":[{"x":-13.86,"y":-4.16,"curve":0.25,"c3":0.75},{"time":0.1667,"x":-13.28,"y":-0.15,"curve":0.25,"c3":0.75},{"time":0.3333,"x":0.41,"y":-1.94,"curve":0.25,"c3":0.75},{"time":0.5,"x":2.07,"y":4.41,"curve":0.25,"c3":0.75},{"time":0.5333,"x":-12.3,"y":-73.11,"curve":0.25,"c3":0.75},{"time":0.7,"x":-15.56,"y":-77.99,"curve":0.25,"c3":0.75},{"time":0.9667,"x":-13.86,"y":-4.16}]},"xiaobizuo":{"rotate":[{"angle":15.3,"curve":0.25,"c3":0.75},{"time":0.1667,"angle":92.5,"curve":0.25,"c3":0.75},{"time":0.3333,"angle":13.74,"curve":0.25,"c3":0.75},{"time":0.5,"angle":7.11,"curve":0.25,"c3":0.75},{"time":0.5333,"angle":51.83,"curve":0.25,"c3":0.75},{"time":0.7,"angle":44.67,"curve":0.25,"c3":0.75},{"time":0.9667,"angle":15.3}]},"xiaobizuo2":{"rotate":[{"curve":0.25,"c3":0.75},{"time":0.1667,"angle":36.54,"curve":0.25,"c3":0.75},{"time":0.3333,"angle":17.57,"curve":"stepped"},{"time":0.5,"angle":17.57,"curve":0.25,"c3":0.75},{"time":0.5333}]}}},"BACK":{"bones":{"dabizuo":{"rotate":[{"angle":-7.49,"curve":0.25,"c3":0.75},{"time":0.5,"angle":7.83,"curve":0.25,"c3":0.75},{"time":1,"angle":-7.49}],"translate":[{"x":0.61,"y":-7.58,"curve":0.25,"c3":0.75},{"time":0.5,"x":0.57,"y":0.45,"curve":0.25,"c3":0.75},{"time":1,"x":0.61,"y":-7.58}]},"xiaobizuo":{"rotate":[{"angle":36.36,"curve":0.25,"c3":0.75},{"time":0.5,"angle":19.12,"curve":0.25,"c3":0.75},{"time":1,"angle":36.36}]},"xiaobizuo2":{"rotate":[{"angle":40.17}]}}},"DEATH":{"bones":{"dabizuo":{"rotate":[{"angle":22.16,"curve":0.25,"c3":0.75},{"time":0.0667,"angle":72.04,"curve":0.247,"c3":0.63,"c4":0.52},{"time":0.2667,"angle":22.11,"curve":0.379,"c2":0.52,"c3":0.747},{"time":0.4333,"angle":-17.1,"curve":0.25,"c3":0.75},{"time":0.7667,"angle":14.32,"curve":0.25,"c3":0.75},{"time":0.9333,"angle":-28.58,"curve":0.25,"c3":0.75},{"time":1.4333,"angle":-15.94}],"translate":[{"x":-13.86,"y":-4.16,"curve":0.25,"c3":0.75},{"time":0.0667,"x":-27.48,"y":-10.8,"curve":0.247,"c3":0.63,"c4":0.52},{"time":0.2667,"x":18.75,"y":4.81,"curve":0.379,"c2":0.52,"c3":0.747},{"time":0.4333,"x":-2.17,"y":-0.76,"curve":0.25,"c3":0.75},{"time":0.7667,"x":3.06,"y":-1.88,"curve":0.25,"c3":0.75},{"time":1.4333,"x":-7,"y":-14.15}]},"xiaobizuo":{"rotate":[{"angle":15.3,"curve":0.25,"c3":0.75},{"time":0.0667,"angle":15.54,"curve":0.292,"c2":0.2,"c3":0.658,"c4":0.64},{"time":0.2667,"angle":17.13,"curve":0.382,"c2":0.55,"c3":0.741},{"time":0.4333,"angle":18.13,"curve":0.25,"c3":0.75},{"time":0.7667,"angle":-11.67,"curve":0.25,"c3":0.75},{"time":1.4333,"angle":-6.54}]}}},"HIT":{"bones":{"dabizuo":{"rotate":[{"angle":22.16,"curve":0.25,"c3":0.75},{"time":0.0667,"angle":72.04,"curve":0.25,"c3":0.75},{"time":0.1667,"angle":22.11,"curve":0.25,"c3":0.75},{"time":0.3333,"angle":20.22,"curve":"stepped"},{"time":0.5,"angle":20.22,"curve":0.25,"c3":0.75},{"time":0.6667,"angle":22.16}],"translate":[{"x":-13.86,"y":-4.16,"curve":0.25,"c3":0.75},{"time":0.0667,"x":-20.68,"y":-17.93,"curve":0.25,"c3":0.75},{"time":0.1667,"x":-1.12,"y":4.66,"curve":0.25,"c3":0.75},{"time":0.3333,"x":-25.86,"y":-16.68,"curve":0.25,"c3":0.75},{"time":0.5,"x":-30.01,"y":-20.29,"curve":0.25,"c3":0.75},{"time":0.6667,"x":-13.86,"y":-4.16}]},"xiaobizuo":{"rotate":[{"angle":15.3,"curve":0.25,"c3":0.75},{"time":0.0667,"angle":15.54,"curve":0.25,"c3":0.75},{"time":0.1667,"angle":17.13,"curve":"stepped"},{"time":0.2333,"angle":17.13,"curve":0.25,"c3":0.75},{"time":0.3333,"angle":48.23,"curve":"stepped"},{"time":0.5,"angle":48.23,"curve":0.25,"c3":0.75},{"time":0.6667,"angle":15.3}]}}},"IDLE":{"bones":{"dabizuo":{"rotate":[{"angle":22.16,"curve":0.25,"c3":0.75},{"time":0.1667,"angle":22.06,"curve":0.25,"c3":0.75},{"time":0.8333,"angle":22.59,"curve":0.25,"c3":0.75},{"time":1.3333,"angle":22.16}],"translate":[{"x":-13.86,"y":-4.16,"curve":0.25,"c3":0.75},{"time":0.1667,"x":-12.97,"y":-3.26,"curve":0.25,"c3":0.75},{"time":0.8333,"x":-17.8,"y":-8.15,"curve":0.25,"c3":0.75},{"time":1.3333,"x":-13.86,"y":-4.16}]},"xiaobizuo":{"rotate":[{"angle":15.3,"curve":0.25,"c3":0.75},{"time":0.1667,"angle":14.33,"curve":0.25,"c3":0.75},{"time":0.8333,"angle":19.59,"curve":0.25,"c3":0.75},{"time":1.3333,"angle":15.3}]}}},"WALK":{"bones":{"dabizuo":{"rotate":[{"angle":-15.92,"curve":0.25,"c3":0.75},{"time":0.4,"angle":7.97,"curve":0.25,"c3":0.75},{"time":0.8,"angle":-15.92}],"translate":[{"x":-18.84,"y":-8.19,"curve":0.25,"c3":0.75},{"time":0.4,"x":-20.38,"y":-4.13,"curve":0.25,"c3":0.75},{"time":0.8,"x":-18.84,"y":-8.19}]},"xiaobizuo":{"rotate":[{"angle":68.88,"curve":0.25,"c3":0.75},{"time":0.4,"angle":51.64,"curve":0.25,"c3":0.75},{"time":0.8,"angle":68.88}]},"xiaobizuo2":{"rotate":[{"angle":22.95}]}}}}}