{"skeleton":{"hash":"AG6gANnfunxkd8ZRUN7W29dnhnU","spine":"3.8.99","x":-15.96,"y":-48.37,"width":27,"height":56,"images":"../","audio":"D:/work/CryptoGladiator/美术资源/角色/斯巴达人物拆分/斯巴达(标准)"},"bones":[{"name":"root"}],"slots":[{"name":"datuiyou","bone":"root","attachment":"斯巴达人物拆分小/斯巴达(标准)/datuiyou"}],"skins":[{"name":"a1","attachments":{"datuiyou":{"斯巴达人物拆分小/斯巴达(标准)/datuiyou":{"x":-2.46,"y":-20.37,"width":27,"height":56}}}},{"name":"a2","attachments":{"datuiyou":{"斯巴达人物拆分小/斯巴达(标准)/datuiyou":{"x":-2.46,"y":-20.37,"width":27,"height":56}}}},{"name":"a3","attachments":{"datuiyou":{"斯巴达人物拆分小/斯巴达(标准)/datuiyou":{"x":-2.46,"y":-20.37,"width":27,"height":56}}}},{"name":"a4","attachments":{"datuiyou":{"斯巴达人物拆分小/斯巴达(标准)/datuiyou":{"x":-2.46,"y":-20.37,"width":27,"height":56}}}}],"animations":{"ARCHER_ATTACK0":{"slots":{"datuiyou":{"attachment":[{"time":0.8333,"name":"斯巴达人物拆分小/斯巴达(标准)/datuiyou"}]}}},"ARCHER_ATTACK1":{"slots":{"datuiyou":{"attachment":[{"time":0.8333,"name":"斯巴达人物拆分小/斯巴达(标准)/datuiyou"}]}}},"ARCHER_ATTACK2":{"slots":{"datuiyou":{"attachment":[{"time":1,"name":"斯巴达人物拆分小/斯巴达(标准)/datuiyou"}]}}},"ARCHER_ATTACK3":{"slots":{"datuiyou":{"attachment":[{"time":1.0667,"name":"斯巴达人物拆分小/斯巴达(标准)/datuiyou"}]}}},"ARISE":{"slots":{"datuiyou":{"attachment":[{"time":0.9667,"name":"斯巴达人物拆分小/斯巴达(标准)/datuiyou"}]}}},"BACK":{"slots":{"datuiyou":{"attachment":[{"time":1,"name":"斯巴达人物拆分小/斯巴达(标准)/datuiyou"}]}}},"BLOCK0":{"slots":{"datuiyou":{"attachment":[{"time":0.6,"name":"斯巴达人物拆分小/斯巴达(标准)/datuiyou"}]}}},"DEATH0":{"slots":{"datuiyou":{"attachment":[{"time":1.5,"name":"斯巴达人物拆分小/斯巴达(标准)/datuiyou"}]}}},"DEATH1":{"slots":{"datuiyou":{"attachment":[{"time":0.9667,"name":"斯巴达人物拆分小/斯巴达(标准)/datuiyou"}]}}},"DIAUP":{"slots":{"datuiyou":{"attachment":[{"time":1.0333,"name":"斯巴达人物拆分小/斯巴达(标准)/datuiyou"}]}}},"HIT":{"slots":{"datuiyou":{"attachment":[{"time":0.6667,"name":"斯巴达人物拆分小/斯巴达(标准)/datuiyou"}]}}},"IDLE0":{"slots":{"datuiyou":{"attachment":[{"time":2,"name":"斯巴达人物拆分小/斯巴达(标准)/datuiyou"}]}}},"IDLE1":{"slots":{"datuiyou":{"attachment":[{"time":1.3333,"name":"斯巴达人物拆分小/斯巴达(标准)/datuiyou"}]}}},"ONEHAND_ATTACK0":{"slots":{"datuiyou":{"attachment":[{"time":0.8,"name":"斯巴达人物拆分小/斯巴达(标准)/datuiyou"}]}}},"ONEHAND_ATTACK1":{"slots":{"datuiyou":{"attachment":[{"time":0.8,"name":"斯巴达人物拆分小/斯巴达(标准)/datuiyou"}]}}},"ONEHAND_ATTACK2":{"slots":{"datuiyou":{"attachment":[{"time":0.8667,"name":"斯巴达人物拆分小/斯巴达(标准)/datuiyou"}]}}},"TWOHAND_ATTACK3":{"slots":{"datuiyou":{"attachment":[{"time":1.8,"name":"斯巴达人物拆分小/斯巴达(标准)/datuiyou"}]}}},"WALK0":{"slots":{"datuiyou":{"attachment":[{"time":0.8,"name":"斯巴达人物拆分小/斯巴达(标准)/datuiyou"}]}}},"WALK1":{"slots":{"datuiyou":{"attachment":[{"time":0.5,"name":"斯巴达人物拆分小/斯巴达(标准)/datuiyou"}]}}}}}