{"skeleton":{"hash":"PCSgEkwO1eG4yPi/5OekB22Lo2E","spine":"3.8.99","x":-87.97,"y":-72.71,"width":177.38,"height":157.35,"images":"../","audio":"D:/work/CryptoGladiator/美术资源/角色/斯巴达人物拆分/斯巴达(标准)"},"bones":[{"name":"root"},{"name":"GD_Lweapon","parent":"root","length":60.64,"rotation":27.26,"color":"0040ffff"}],"slots":[{"name":"斯巴达人物拆分小/武器/gongjian1","bone":"GD_Lweapon","attachment":"gongjian"}],"skins":[{"name":"dun1","attachments":{"斯巴达人物拆分小/武器/gongjian1":{"gongjian":{"name":"3/武器/dun1","x":2.82,"y":2.92,"rotation":-91.04,"width":83,"height":108}}}},{"name":"dun2","attachments":{"斯巴达人物拆分小/武器/gongjian1":{"gongjian":{"name":"3/武器/dun2","x":3.37,"y":4.98,"rotation":-91.04,"width":74,"height":126}}}},{"name":"dun3","attachments":{"斯巴达人物拆分小/武器/gongjian1":{"gongjian":{"name":"2/盾牌/dun3","x":3.37,"y":4.98,"rotation":-91.04,"width":90,"height":129}}}},{"name":"dun4","attachments":{"斯巴达人物拆分小/武器/gongjian1":{"gongjian":{"name":"2/盾牌/dun4","x":2.82,"y":2.92,"rotation":-91.04,"width":81,"height":140}}}},{"name":"dun5","attachments":{"斯巴达人物拆分小/武器/gongjian1":{"gongjian":{"name":"2/盾牌/dun5","x":3.37,"y":4.98,"rotation":-91.04,"width":103,"height":147}}}},{"name":"dun6","attachments":{"斯巴达人物拆分小/武器/gongjian1":{"gongjian":{"name":"2/盾牌/dun6","x":2.82,"y":2.92,"rotation":-91.04,"width":94,"height":136}}}},{"name":"dun7","attachments":{"斯巴达人物拆分小/武器/gongjian1":{"gongjian":{"name":"2/盾牌/dun7","x":3.37,"y":4.98,"rotation":-91.04,"width":112,"height":146}}}},{"name":"dun8","attachments":{"斯巴达人物拆分小/武器/gongjian1":{"gongjian":{"name":"2/盾牌/dun8","x":2.82,"y":2.92,"rotation":-91.04,"width":85,"height":130}}}},{"name":"dun9","attachments":{"斯巴达人物拆分小/武器/gongjian1":{"gongjian":{"name":"2/盾牌/dun9","x":3.37,"y":4.98,"rotation":-91.04,"width":109,"height":139}}}},{"name":"dun10","attachments":{"斯巴达人物拆分小/武器/gongjian1":{"gongjian":{"name":"2/盾牌/dun10","x":2.82,"y":2.92,"rotation":-91.04,"width":94,"height":156}}}},{"name":"dun11","attachments":{"斯巴达人物拆分小/武器/gongjian1":{"gongjian":{"name":"2/盾牌/dun11","x":3.37,"y":4.98,"rotation":-91.04,"width":95,"height":165}}}},{"name":"dun12","attachments":{"斯巴达人物拆分小/武器/gongjian1":{"gongjian":{"name":"2/盾牌/dun12","x":2.82,"y":2.92,"rotation":-91.04,"width":90,"height":111}}}}],"animations":{"IDLE0":{}}}