{"skeleton":{"hash":"NKAf+nKK1oSLLww3CLilGSEkris","spine":"3.8.99","x":-20.95,"y":-10.54,"width":81,"height":94,"images":"../","audio":"D:/work/CryptoGladiator/美术资源/角色/斯巴达人物拆分/斯巴达(标准)"},"bones":[{"name":"root"},{"name":"GDhead","parent":"root","rotation":90,"color":"ff0000ff"},{"name":"tou","parent":"GDhead","length":48.87,"transform":"noScale","color":"ff0000ff"}],"slots":[{"name":"tou","bone":"tou","attachment":"斯巴达人物拆分小/斯巴达(标准)/tou"}],"skins":[{"name":"pang","attachments":{"tou":{"斯巴达人物拆分小/斯巴达(标准)/tou":{"name":"斯巴达人物拆分小/斯巴达(胖)/tou","x":36.46,"y":-19.55,"rotation":-90,"width":81,"height":94}}}}],"animations":{"ATTACKSWORD1":{"bones":{"tou":{"rotate":[{"angle":14.63,"curve":0.25,"c3":0.75},{"time":0.1667,"angle":25.05,"curve":0.25,"c3":0.75},{"time":0.3333,"angle":-11.12,"curve":0.25,"c3":0.75},{"time":0.5,"angle":-1.24,"curve":0.25,"c3":0.75},{"time":0.5333,"angle":39.77,"curve":0.25,"c3":0.75},{"time":0.7333,"angle":14.63}],"translate":[{"time":0.5,"curve":0.25,"c3":0.75},{"time":0.5333,"x":-0.02,"y":-3.79,"curve":0.25,"c3":0.75},{"time":0.7333}],"scale":[{"time":0.9667}]}}},"BACK":{"bones":{"tou":{"rotate":[{"angle":-1.01,"curve":0.25,"c3":0.75},{"time":0.1667,"angle":-3.59,"curve":0.25,"c3":0.75},{"time":0.4333,"angle":0.01,"curve":0.25,"c3":0.75},{"time":0.6667,"angle":-3.59,"curve":0.25,"c3":0.75},{"time":0.9333,"angle":0.01,"curve":0.25,"c3":0.75},{"time":1,"angle":-1.01}]}}},"DEATH":{"bones":{"tou":{"rotate":[{"angle":14.63,"curve":0.25,"c3":0.75},{"time":0.0667,"angle":33.31,"curve":0.25,"c3":0.75},{"time":0.2667,"angle":-3.02,"curve":0.25,"c3":0.75},{"time":0.4333,"angle":26.83,"curve":0.25,"c3":0.75},{"time":0.7667,"angle":-12.8,"curve":0.25,"c3":0.75},{"time":0.9333,"angle":35.96,"curve":0.25,"c3":0.75},{"time":1.0333,"angle":7.35,"curve":0.25,"c3":0.75},{"time":1.2333,"angle":27.39,"curve":0.25,"c3":0.75},{"time":1.4,"angle":-5}],"translate":[{"curve":0.25,"c3":0.75},{"time":0.0667,"x":-0.45,"y":-3.48,"curve":0.25,"c3":0.75},{"time":0.2667,"x":-2.38,"y":3.43,"curve":0.25,"c3":0.75},{"time":0.4333,"x":3.15,"y":6.8,"curve":0.25,"c3":0.75},{"time":0.7667,"x":-8.12,"y":-1.51,"curve":0.25,"c3":0.75},{"time":0.9333,"x":3.12,"y":4.72,"curve":0.25,"c3":0.75},{"time":1.4,"x":-2.98,"y":-9.05}]}}},"HIT":{"bones":{"tou":{"rotate":[{"angle":14.63,"curve":0.25,"c3":0.75},{"time":0.0667,"angle":33.31,"curve":0.25,"c3":0.75},{"time":0.1667,"angle":-3.02,"curve":0.25,"c3":0.75},{"time":0.2333,"angle":10.94,"curve":0.25,"c3":0.75},{"time":0.3333,"angle":24.59,"curve":"stepped"},{"time":0.5,"angle":24.59,"curve":0.25,"c3":0.75},{"time":0.6667,"angle":14.63}],"translate":[{"curve":0.25,"c3":0.75},{"time":0.0667,"x":-0.81,"y":-3.68,"curve":0.25,"c3":0.75},{"time":0.1667,"x":-4.06,"y":-4.59,"curve":0.25,"c3":0.75},{"time":0.2333,"x":1.29,"y":6.27,"curve":0.25,"c3":0.75},{"time":0.3333,"curve":0.25,"c3":0.75},{"time":0.5,"x":-3.86,"y":-2.58,"curve":0.25,"c3":0.75},{"time":0.6667}]}}},"IDLE":{"bones":{"tou":{"rotate":[{"angle":14.63,"curve":0.25,"c3":0.75},{"time":0.1667,"angle":15.68,"curve":0.25,"c3":0.75},{"time":0.8333,"angle":9.98,"curve":0.25,"c3":0.75},{"time":1.3333,"angle":14.63}]}}},"WALK":{"bones":{"tou":{"rotate":[{"angle":20.42,"curve":0.382,"c2":0.57,"c3":0.735},{"time":0.0667,"angle":21.44,"curve":0.25,"c3":0.75},{"time":0.2667,"angle":17.84,"curve":0.25,"c3":0.75},{"time":0.4667,"angle":21.44,"curve":0.25,"c3":0.75},{"time":0.6667,"angle":17.84,"curve":0.243,"c3":0.649,"c4":0.6},{"time":0.8,"angle":20.42}]}}}}}