{"skeleton":{"hash":"3CaCxHT2oCWeINR2urk17fGzKLY","spine":"3.8.99","x":-14.4,"y":-103.45,"width":67.03,"height":111.69,"images":"../","audio":"D:/work/CryptoGladiator/美术资源/角色/斯巴达人物拆分/斯巴达(标准)"},"bones":[{"name":"root"},{"name":"GDLleg","parent":"root","rotation":-79.94,"color":"0000ffff"},{"name":"datuizuo","parent":"GDLleg","length":47.85,"color":"0000ffff"},{"name":"xiaotuizuo","parent":"datuizuo","length":55.67,"rotation":-9.7,"x":36.77,"y":-0.92,"color":"0000ffff"},{"name":"jiaozuo","parent":"xiaotuizuo","length":33.47,"rotation":-7.56,"x":54.19,"y":0.05,"transform":"noRotationOrReflection","color":"0000ffff"}],"slots":[{"name":"xiaotuizuo","bone":"xiaotuizuo","attachment":"斯巴达人物拆分小/斯巴达(标准)/xiaotuizuo"},{"name":"jiaozuo","bone":"jiaozuo","attachment":"斯巴达人物拆分小/斯巴达(标准)/jiaozuo"},{"name":"datuizuo","bone":"datuizuo","attachment":"斯巴达人物拆分小/斯巴达(标准)/datuizuo"},{"name":"xiezuo2","bone":"jiaozuo"},{"name":"xiezuo1","bone":"xiaotuizuo"}],"skins":[{"name":"pang","attachments":{"datuizuo":{"斯巴达人物拆分小/斯巴达(标准)/datuizuo":{"name":"斯巴达人物拆分小/斯巴达(胖)/datuizuo","x":20.49,"y":-0.48,"rotation":79.94,"width":35,"height":57}},"jiaozuo":{"斯巴达人物拆分小/斯巴达(标准)/jiaozuo":{"x":18.08,"y":-1.53,"rotation":7.56,"width":58,"height":18}},"xiaotuizuo":{"斯巴达人物拆分小/斯巴达(标准)/xiaotuizuo":{"name":"斯巴达人物拆分小/斯巴达(胖)/xiaotuizuo","x":26.85,"y":-1.52,"rotation":89.64,"width":34,"height":67}}}}],"animations":{"ATTACKSWORD1":{"bones":{"datuizuo":{"rotate":[{"angle":21.74,"curve":0.276,"c3":0.621,"c4":0.4},{"time":0.1667,"angle":40.49,"curve":0.314,"c2":0.27,"c3":0.657,"c4":0.64},{"time":0.3333,"angle":86.1,"curve":"stepped"},{"time":0.5,"angle":86.1,"curve":0.25,"c3":0.75},{"time":0.5333,"angle":34.81,"curve":0.25,"c3":0.75},{"time":0.6,"angle":36.72,"curve":0.25,"c3":0.75},{"time":0.8,"angle":26.29,"curve":0.25,"c3":0.75},{"time":0.9667,"angle":21.74}],"translate":[{"x":5.97,"y":14.57,"curve":0.276,"c3":0.621,"c4":0.4},{"time":0.1667,"x":11.05,"y":-0.37,"curve":0.314,"c2":0.27,"c3":0.657,"c4":0.64},{"time":0.3333,"x":-9.86,"y":-28.34,"curve":0.25,"c3":0.75},{"time":0.5,"x":-21.23,"y":-25.78,"curve":0.25,"c3":0.75},{"time":0.5333,"x":20.24,"y":14.14,"curve":0.25,"c3":0.75},{"time":0.6,"x":16.95,"y":41.05,"curve":0.25,"c3":0.75},{"time":0.8,"x":14.79,"y":25.85,"curve":0.25,"c3":0.75},{"time":0.9667,"x":5.97,"y":14.57}]},"xiaotuizuo":{"rotate":[{"angle":-36.37,"curve":0.25,"c3":0.625,"c4":0.5},{"time":0.3333,"angle":-74.72,"curve":"stepped"},{"time":0.5,"angle":-74.72,"curve":0.25,"c3":0.75},{"time":0.5333,"angle":-0.5,"curve":0.25,"c3":0.75},{"time":0.6,"angle":-32.95,"curve":0.25,"c3":0.75},{"time":0.8,"angle":-0.5,"curve":0.25,"c3":0.75},{"time":0.9667,"angle":-36.37}],"translate":[{"x":3.55,"y":-0.35}]},"jiaozuo":{"rotate":[{"time":0.1667,"curve":0.25,"c3":0.75},{"time":0.3333,"angle":24,"curve":"stepped"},{"time":0.5,"angle":24,"curve":0.25,"c3":0.75},{"time":0.5333}]}}},"BACK":{"bones":{"datuizuo":{"rotate":[{"angle":17.08,"curve":0.243,"c3":0.649,"c4":0.6},{"time":0.3333,"angle":22.38,"curve":0.382,"c2":0.57,"c3":0.735},{"time":0.5,"angle":-6.23,"curve":0.265,"c3":0.618,"c4":0.43},{"time":1,"angle":17.08}],"translate":[{"x":4.07,"y":22.92,"curve":0.25,"c3":0.75},{"time":0.3333,"x":-15.33,"y":19.15,"curve":0.25,"c3":0.75},{"time":0.5,"x":-5.3,"y":5,"curve":0.265,"c3":0.618,"c4":0.43},{"time":1,"x":4.07,"y":22.92}]},"xiaotuizuo":{"rotate":[{"angle":-0.5,"curve":0.265,"c3":0.618,"c4":0.43},{"time":0.3333,"angle":-65.05,"curve":0.325,"c2":0.31,"c3":0.663,"c4":0.65},{"time":0.5,"angle":-21.23,"curve":0.337,"c2":0.35,"c3":0.675,"c4":0.69},{"time":1,"angle":-0.5}],"translate":[{"x":5.87,"y":-1.67}]},"jiaozuo":{"rotate":[{"curve":0.25,"c3":0.75},{"time":0.1667,"angle":-12.85,"curve":0.25,"c3":0.75},{"time":0.3333,"angle":-43.5,"curve":0.25,"c3":0.75},{"time":0.5,"angle":-4.97,"curve":0.25,"c3":0.75},{"time":0.6667}]}}},"DEATH":{"bones":{"datuizuo":{"rotate":[{"angle":21.74,"curve":0.25,"c3":0.625,"c4":0.5},{"time":0.0667,"angle":23.84},{"time":0.2667,"angle":14.65},{"time":0.4333,"angle":23.62},{"time":0.5,"angle":12.45,"curve":"stepped"},{"time":0.7667,"angle":12.45},{"time":0.9333,"angle":-60.19},{"time":1,"angle":-77.43},{"time":1.1,"angle":-84.78},{"time":1.2,"angle":-75.2},{"time":1.3333,"angle":-82.22},{"time":1.4667,"angle":-78.82}],"translate":[{"x":5.97,"y":14.57,"curve":0.25,"c3":0.625,"c4":0.5},{"time":0.0667,"x":-10.83,"y":1.42,"curve":0.301,"c2":0.15,"c3":0.638,"c4":0.5},{"time":0.2667,"x":-14.04,"y":68.87,"curve":0.318,"c2":0.28,"c3":0.653,"c4":0.62},{"time":0.4333,"x":70.87,"y":104.88,"curve":0.336,"c2":0.34,"c3":0.678,"c4":0.7},{"time":0.5,"x":65.65,"y":108.41,"curve":0.325,"c2":0.31,"c3":0.661,"c4":0.65},{"time":0.6,"x":70.87,"y":104.88,"curve":"stepped"},{"time":0.7667,"x":70.87,"y":104.88,"curve":0.323,"c2":0.3,"c3":0.677,"c4":0.7},{"time":0.9333,"x":94.01,"y":169.46,"curve":0.338,"c2":0.35,"c3":0.672,"c4":0.68},{"time":1,"x":86.39,"y":167.17,"curve":0.343,"c2":0.37,"c3":0.677,"c4":0.71},{"time":1.1,"x":108.13,"y":158.33,"curve":0.374,"c2":0.62,"c3":0.715},{"time":1.4667,"x":107.76,"y":150.84}]},"xiaotuizuo":{"rotate":[{"angle":-36.37,"curve":0.25,"c3":0.625,"c4":0.5},{"time":0.0667,"angle":-40.87},{"time":0.2667,"angle":-51.17},{"time":0.4333,"angle":-120.21},{"time":0.5,"angle":-106.52},{"time":0.7667,"angle":-109.75},{"time":0.9333,"angle":-37.01},{"time":1.1,"angle":-37.85},{"time":1.2,"angle":-24.67},{"time":1.3333,"angle":-28.69},{"time":1.4667,"angle":-22.28}],"translate":[{"x":3.55,"y":-0.35,"curve":0.25,"c3":0.75},{"time":0.0667,"x":6.32,"y":-2.6},{"time":0.2667,"x":4.86,"y":-1.54}]},"jiaozuo":{"rotate":[{"curve":0.25,"c3":0.75},{"time":0.0667,"angle":-11.54},{"time":0.2667,"angle":-86.43},{"time":0.4333,"angle":-148.84}]}}},"HIT":{"bones":{"datuizuo":{"rotate":[{"angle":21.74,"curve":0.25,"c3":0.625,"c4":0.5},{"time":0.0667,"angle":33.81,"curve":0.25,"c3":0.75},{"time":0.1667,"angle":49.01,"curve":0.25,"c3":0.75},{"time":0.2333,"angle":86.53,"curve":0.25,"c3":0.75},{"time":0.3333,"angle":25.58,"curve":"stepped"},{"time":0.5,"angle":25.58,"curve":0.25,"c3":0.75},{"time":0.6667,"angle":21.74}],"translate":[{"x":5.97,"y":14.57,"curve":0.25,"c3":0.625,"c4":0.5},{"time":0.0667,"x":-7.94,"y":6.75,"curve":0.25,"c3":0.75},{"time":0.1667,"x":-14.15,"y":-1.31,"curve":0.25,"c3":0.75},{"time":0.2333,"x":-0.91,"y":-3.66,"curve":0.25,"c3":0.75},{"time":0.3333,"x":4.66,"y":22.57,"curve":"stepped"},{"time":0.5,"x":4.66,"y":22.57,"curve":0.25,"c3":0.75},{"time":0.6667,"x":5.97,"y":14.57}]},"xiaotuizuo":{"rotate":[{"angle":-36.37,"curve":0.25,"c3":0.625,"c4":0.5},{"time":0.0667,"angle":-40.87,"curve":0.25,"c3":0.75},{"time":0.1667,"angle":-57.65,"curve":0.25,"c3":0.75},{"time":0.2333,"angle":-87.14,"curve":0.25,"c3":0.75},{"time":0.3333,"angle":-19.71,"curve":"stepped"},{"time":0.5,"angle":-19.71,"curve":0.25,"c3":0.75},{"time":0.6667,"angle":-36.37}],"translate":[{"x":3.55,"y":-0.35,"curve":0.25,"c3":0.75},{"time":0.0667,"x":4.3,"y":-2.93,"curve":"stepped"},{"time":0.5,"x":4.3,"y":-2.93,"curve":0.25,"c3":0.75},{"time":0.6667,"x":3.55,"y":-0.35}]},"jiaozuo":{"rotate":[{"curve":0.25,"c3":0.75},{"time":0.0667,"angle":0.07,"curve":0.25,"c3":0.75},{"time":0.3333}]}}},"IDLE":{"bones":{"datuizuo":{"rotate":[{"angle":21.74,"curve":0.25,"c3":0.625,"c4":0.5},{"time":0.6667,"angle":32.3,"curve":0.375,"c2":0.5,"c3":0.75},{"time":1.3333,"angle":21.74}],"translate":[{"x":5.97,"y":14.57,"curve":0.25,"c3":0.625,"c4":0.5},{"time":0.6667,"x":11.79,"y":13.54,"curve":0.375,"c2":0.5,"c3":0.75},{"time":1.3333,"x":5.97,"y":14.57}]},"xiaotuizuo":{"rotate":[{"angle":-36.37,"curve":0.25,"c3":0.625,"c4":0.5},{"time":0.6667,"angle":-53.37,"curve":0.375,"c2":0.5,"c3":0.75},{"time":1.3333,"angle":-36.37}],"translate":[{"x":3.55,"y":-0.35}]}}},"WALK":{"bones":{"datuizuo":{"rotate":[{"angle":50.49,"curve":0.283,"c3":0.624,"c4":0.39},{"time":0.1,"angle":20.85,"curve":0.312,"c2":0.26,"c3":0.652,"c4":0.62},{"time":0.3,"angle":-24.48,"curve":0.381,"c2":0.59,"c3":0.73},{"time":0.4,"angle":-29.75,"curve":0.265,"c3":0.618,"c4":0.43},{"time":0.5333,"angle":21.33,"curve":0.351,"c2":0.4,"c3":0.757},{"time":0.8,"angle":50.49}],"translate":[{"x":0.32,"y":19.39,"curve":0.296,"c3":0.633,"c4":0.37},{"time":0.1,"x":0.19,"y":16.17,"curve":0.298,"c2":0.21,"c3":0.643,"c4":0.58},{"time":0.3,"x":-0.38,"y":1.52,"curve":0.381,"c2":0.59,"c3":0.73},{"time":0.4,"x":-8.91,"y":-3.8,"curve":0.265,"c3":0.618,"c4":0.43},{"time":0.5333,"x":-21.9,"y":0.81,"curve":0.351,"c2":0.4,"c3":0.757},{"time":0.8,"x":0.32,"y":19.39}]},"xiaotuizuo":{"rotate":[{"angle":-51.5,"curve":0.304,"c3":0.639,"c4":0.36},{"time":0.1,"angle":-20.02,"curve":0.313,"c2":0.24,"c3":0.649,"c4":0.58},{"time":0.3,"angle":-2.39,"curve":0.327,"c2":0.31,"c3":0.663,"c4":0.66},{"time":0.4,"angle":-10.88,"curve":0.338,"c2":0.35,"c3":0.675,"c4":0.69},{"time":0.5333,"angle":-66.18,"curve":0.382,"c2":0.57,"c3":0.735},{"time":0.8,"angle":-51.5}],"translate":[{"x":6.28,"y":-1.36}]},"jiaozuo":{"rotate":[{"curve":0.25,"c3":0.75},{"time":0.3,"angle":-2.22,"curve":0.379,"c2":0.6,"c3":0.724},{"time":0.4,"angle":-28.38,"curve":0.265,"c3":0.618,"c4":0.43},{"time":0.5333,"angle":-61.6,"curve":0.325,"c2":0.31,"c3":0.675,"c4":0.69},{"time":0.6667,"angle":5.15,"curve":0.382,"c2":0.57,"c3":0.735},{"time":0.8}]}}}}}