{"skeleton":{"hash":"wUFgFwlnkOIVmjyllzQ++o9HIvE","spine":"3.8.99","x":-18.3,"y":-20.08,"width":64,"height":89,"images":"../","audio":"D:/work/CryptoGladiator/美术资源/角色/斯巴达人物拆分/斯巴达(标准)"},"bones":[{"name":"root"}],"slots":[{"name":"tou","bone":"root","attachment":"tou"}],"skins":[{"name":"a1","attachments":{"tou":{"tou":{"name":"斯巴达人物拆分小/斯巴达(标准)/tou","x":13.7,"y":24.42,"width":64,"height":89}}}},{"name":"a2","attachments":{"tou":{"tou":{"name":"斯巴达人物拆分小/斯巴达(标准伤疤)/tou","x":13.7,"y":31.1,"width":63,"height":101}}}},{"name":"a3","attachments":{"tou":{"tou":{"name":"斯巴达人物拆分小/斯巴达(标准无肌肉)/tou","x":16.7,"y":26.42,"width":69,"height":85}}}},{"name":"a4","attachments":{"tou":{"tou":{"name":"斯巴达人物拆分小/斯巴达(标准)/tou","x":13.7,"y":24.42,"width":64,"height":89}}}}],"animations":{"a":{}}}