{"skeleton":{"hash":"fnjjGyRm9IvNFItAgZsHCtUpsX0","spine":"3.8.99","images":"../","audio":"D:/work/CryptoGladiator/美术资源/角色/斯巴达人物拆分/斯巴达(标准)"},"bones":[{"name":"root"},{"name":"TXz01","parent":"root"},{"name":"TXz1","parent":"root"},{"name":"TXB","parent":"root"},{"name":"TXB01","parent":"root"},{"name":"TXB02","parent":"TXB01"},{"name":"TXB2","parent":"TXB01","scaleX":0.5,"scaleY":0.5},{"name":"TXB1","parent":"root"},{"name":"TXB3","parent":"TXB1"},{"name":"TXB4","parent":"TXB1","scaleX":0.5,"scaleY":0.5},{"name":"TXzd","parent":"root"}],"slots":[{"name":"tx/炸点7/1_00000","bone":"TXz01","blend":"additive"},{"name":"tx/炸点8/1_00000","bone":"TXz1","blend":"additive"},{"name":"tx/电1/1_00001","bone":"TXz01"},{"name":"tx/冰剑/01","bone":"TXB","blend":"additive"},{"name":"tx/冰剑/11","bone":"TXB02"},{"name":"tx/冰剑/15","bone":"TXB3"},{"name":"tx/冰剑/13","bone":"TXB2"},{"name":"tx/冰剑/16","bone":"TXB4"},{"name":"tx/冰剑/12","bone":"TXB01"},{"name":"tx/冰剑/14","bone":"TXB1"},{"name":"tx/手游 (42)/(8)","bone":"TXzd","blend":"additive"},{"name":"tx/手游 (42)/(8)2","bone":"TXzd","blend":"additive"}],"skins":[{"name":"electric","attachments":{"tx/手游 (42)/(8)":{"tx/手游 (42)/(8)":{"color":"624dffff","scaleX":3.2615,"scaleY":0.569,"width":140,"height":24},"tx/手游 (42)/(9)":{"color":"624dffff","scaleX":3.2615,"scaleY":0.569,"width":117,"height":14}},"tx/手游 (42)/(8)2":{"tx/手游 (42)/(8)":{"color":"624dffff","scaleX":3.2615,"scaleY":0.569,"width":140,"height":24},"tx/手游 (42)/(9)":{"color":"624dffff","scaleX":3.2615,"scaleY":0.569,"width":117,"height":14}},"tx/电1/1_00001":{"tx/电1/1_00001":{"y":100.46,"width":480,"height":270},"tx/电1/1_00002":{"y":100.46,"width":480,"height":270},"tx/电1/1_00003":{"y":100.46,"width":480,"height":270},"tx/电1/1_00004":{"y":100.46,"width":480,"height":270},"tx/电1/1_00005":{"y":100.46,"width":480,"height":270},"tx/电1/1_00006":{"y":100.46,"width":480,"height":270},"tx/电1/1_00007":{"y":100.46,"width":480,"height":270},"tx/电1/1_00008":{"y":100.46,"width":480,"height":270},"tx/电1/1_00009":{"y":100.46,"width":480,"height":270},"tx/电1/1_00010":{"y":100.46,"width":480,"height":270},"tx/电1/1_00011":{"y":100.46,"width":480,"height":270},"tx/电1/1_00012":{"y":100.46,"width":480,"height":270},"tx/电1/1_00013":{"y":100.46,"width":480,"height":270},"tx/电1/1_00014":{"y":100.46,"width":480,"height":270},"tx/电1/1_00015":{"y":100.46,"width":480,"height":270}}}},{"name":"fire","attachments":{"tx/手游 (42)/(8)":{"tx/手游 (42)/(8)":{"color":"ff5c3eff","scaleX":3.2615,"scaleY":0.569,"width":140,"height":24},"tx/手游 (42)/(9)":{"color":"ff5b3cff","scaleX":3.2615,"scaleY":0.569,"width":117,"height":14}},"tx/手游 (42)/(8)2":{"tx/手游 (42)/(8)":{"color":"ff5c3eff","scaleX":3.2615,"scaleY":0.569,"width":140,"height":24},"tx/手游 (42)/(9)":{"color":"ff5b3cff","scaleX":3.2615,"scaleY":0.569,"width":117,"height":14}},"tx/电1/1_00001":{"tx/电1/1_00001":{"name":"tx/火2/2_00010","y":104.01,"width":480,"height":270},"tx/电1/1_00002":{"name":"tx/火2/2_00011","y":104.01,"width":480,"height":270},"tx/电1/1_00003":{"name":"tx/火2/2_00012","y":104.01,"width":480,"height":270},"tx/电1/1_00004":{"name":"tx/火2/2_00013","y":104.01,"width":480,"height":270},"tx/电1/1_00005":{"name":"tx/火2/2_00014","y":104.01,"width":480,"height":270},"tx/电1/1_00006":{"name":"tx/火2/2_00015","y":104.01,"width":480,"height":270},"tx/电1/1_00007":{"name":"tx/火2/2_00016","y":104.01,"width":480,"height":270},"tx/电1/1_00008":{"name":"tx/火2/2_00017","y":104.01,"width":480,"height":270},"tx/电1/1_00009":{"name":"tx/火2/2_00018","y":104.01,"width":480,"height":270},"tx/电1/1_00010":{"name":"tx/火2/2_00019","y":104.01,"width":480,"height":270},"tx/电1/1_00011":{"name":"tx/火2/2_00020","y":104.01,"width":480,"height":270}}}},{"name":"ice","attachments":{"tx/冰剑/01":{"tx/冰剑/01":{"x":-3.05,"y":31.27,"width":132,"height":68},"tx/冰剑/02":{"x":1.58,"y":46.87,"width":172,"height":100}},"tx/冰剑/11":{"tx/冰剑/11":{"width":42,"height":41}},"tx/冰剑/12":{"tx/冰剑/12":{"x":10.56,"y":21.8,"width":209,"height":203}},"tx/冰剑/13":{"tx/冰剑/11":{"width":42,"height":41}},"tx/冰剑/14":{"tx/冰剑/12":{"x":10.56,"y":21.8,"width":209,"height":203}},"tx/冰剑/15":{"tx/冰剑/11":{"width":42,"height":41}},"tx/冰剑/16":{"tx/冰剑/11":{"width":42,"height":41}},"tx/手游 (42)/(8)":{"tx/手游 (42)/(8)":{"color":"5bfbffff","scaleX":3.2615,"scaleY":0.569,"width":140,"height":24},"tx/手游 (42)/(9)":{"color":"5cfcffff","scaleX":3.2615,"scaleY":0.569,"width":117,"height":14}},"tx/手游 (42)/(8)2":{"tx/手游 (42)/(8)":{"color":"5bfbffff","scaleX":3.2615,"scaleY":0.569,"width":140,"height":24},"tx/手游 (42)/(9)":{"color":"5cfcffff","scaleX":3.2615,"scaleY":0.569,"width":117,"height":14}}}},{"name":"ordinary","attachments":{"tx/手游 (42)/(8)":{"tx/手游 (42)/(8)":{"scaleX":3.2615,"scaleY":0.569,"width":140,"height":24},"tx/手游 (42)/(9)":{"scaleX":3.2615,"scaleY":0.569,"width":117,"height":14}},"tx/手游 (42)/(8)2":{"tx/手游 (42)/(8)":{"scaleX":3.2615,"scaleY":0.569,"width":140,"height":24},"tx/手游 (42)/(9)":{"scaleX":3.2615,"scaleY":0.569,"width":117,"height":14}},"tx/炸点7/1_00000":{"tx/炸点7/1_00000":{"x":20.02,"y":21.11,"width":254,"height":252},"tx/炸点7/1_00001":{"x":20.02,"y":21.11,"width":254,"height":252},"tx/炸点7/1_00002":{"x":20.02,"y":21.11,"width":254,"height":252},"tx/炸点7/1_00003":{"x":20.02,"y":21.11,"width":254,"height":252},"tx/炸点7/1_00004":{"x":20.02,"y":21.11,"width":254,"height":252},"tx/炸点7/1_00005":{"x":20.02,"y":21.11,"width":254,"height":252},"tx/炸点7/1_00006":{"x":20.02,"y":21.11,"width":254,"height":252},"tx/炸点7/1_00007":{"x":20.02,"y":21.11,"width":254,"height":252},"tx/炸点7/1_00008":{"x":20.02,"y":21.11,"width":254,"height":252},"tx/炸点7/1_00009":{"x":20.02,"y":21.11,"width":254,"height":252},"tx/炸点7/1_00010":{"x":20.02,"y":21.11,"width":254,"height":252},"tx/炸点7/1_00011":{"x":20.02,"y":21.11,"width":254,"height":252}},"tx/炸点8/1_00000":{"tx/炸点8/1_00006":{"width":254,"height":252},"tx/炸点8/1_00007":{"width":254,"height":252},"tx/炸点8/1_00008":{"width":254,"height":252},"tx/炸点8/1_00009":{"width":254,"height":252},"tx/炸点8/1_00010":{"width":254,"height":252},"tx/炸点8/1_00011":{"width":254,"height":252},"tx/炸点8/1_00012":{"width":254,"height":252},"tx/炸点8/1_00013":{"width":254,"height":252},"tx/炸点8/1_00014":{"width":254,"height":252},"tx/炸点8/1_00015":{"width":254,"height":252},"tx/炸点8/1_00016":{"width":254,"height":252},"tx/炸点8/1_00017":{"width":254,"height":252},"tx/炸点8/1_00018":{"width":254,"height":252},"tx/炸点8/1_00019":{"width":254,"height":252},"tx/炸点8/1_00020":{"width":254,"height":252},"tx/炸点8/1_00021":{"width":254,"height":252}}}}],"animations":{"DAMAGED":{"slots":{"tx/冰剑/01":{"attachment":[{"name":"tx/冰剑/01"},{"time":0.0667,"name":"tx/冰剑/02"},{"time":0.1,"name":"tx/冰剑/01"},{"time":0.1333,"name":null}]},"tx/冰剑/11":{"color":[{"color":"ffffff00"},{"time":0.1667,"color":"ffffffff"},{"time":0.3667,"color":"ffffff00"}],"attachment":[{"name":"tx/冰剑/11"}]},"tx/冰剑/12":{"color":[{"color":"ffffff00","curve":0.25,"c3":0.75},{"time":0.3,"color":"73fbffff","curve":0.25,"c3":0.75},{"time":0.6333,"color":"ffffff00"}],"attachment":[{"name":"tx/冰剑/12"}]},"tx/冰剑/13":{"color":[{"time":0.2,"color":"ffffff00"},{"time":0.3667,"color":"ffffffff"},{"time":0.6333,"color":"ffffff00"}],"attachment":[{"time":0.2,"name":"tx/冰剑/11"}]},"tx/冰剑/14":{"color":[{"time":0.1667,"color":"ffffff00","curve":0.25,"c3":0.75},{"time":0.4667,"color":"73fbffff","curve":0.25,"c3":0.75},{"time":0.8,"color":"ffffff00"}],"attachment":[{"time":0.1667,"name":"tx/冰剑/12"}]},"tx/冰剑/15":{"color":[{"time":0.1667,"color":"ffffff00"},{"time":0.3333,"color":"ffffffff"},{"time":0.5333,"color":"ffffff00"}],"attachment":[{"time":0.1667,"name":"tx/冰剑/11"}]},"tx/冰剑/16":{"color":[{"time":0.3667,"color":"ffffff00"},{"time":0.5333,"color":"ffffffff"},{"time":0.8,"color":"ffffff00"}],"attachment":[{"time":0.3667,"name":"tx/冰剑/11"}]},"tx/手游 (42)/(8)":{"attachment":[{"name":"tx/手游 (42)/(8)"},{"time":0.0333,"name":"tx/手游 (42)/(9)"},{"time":0.0667,"name":null}]},"tx/手游 (42)/(8)2":{"attachment":[{"name":"tx/手游 (42)/(8)"},{"time":0.0333,"name":"tx/手游 (42)/(9)"},{"time":0.0667,"name":null}]},"tx/炸点7/1_00000":{"attachment":[{"name":"tx/炸点7/1_00000"},{"time":0.0333,"name":"tx/炸点7/1_00001"},{"time":0.0667,"name":"tx/炸点7/1_00002"},{"time":0.1,"name":"tx/炸点7/1_00003"},{"time":0.1333,"name":"tx/炸点7/1_00004"},{"time":0.1667,"name":"tx/炸点7/1_00005"},{"time":0.2,"name":"tx/炸点7/1_00006"},{"time":0.2333,"name":"tx/炸点7/1_00007"},{"time":0.2667,"name":"tx/炸点7/1_00008"},{"time":0.3,"name":"tx/炸点7/1_00009"},{"time":0.3333,"name":"tx/炸点7/1_00010"},{"time":0.3667,"name":"tx/炸点7/1_00011"},{"time":0.4,"name":null}]},"tx/炸点8/1_00000":{"attachment":[{"time":0.1,"name":"tx/炸点8/1_00006"},{"time":0.1333,"name":"tx/炸点8/1_00007"},{"time":0.1667,"name":"tx/炸点8/1_00008"},{"time":0.2,"name":"tx/炸点8/1_00009"},{"time":0.2333,"name":"tx/炸点8/1_00010"},{"time":0.2667,"name":"tx/炸点8/1_00011"},{"time":0.3,"name":"tx/炸点8/1_00012"},{"time":0.3333,"name":"tx/炸点8/1_00013"},{"time":0.3667,"name":"tx/炸点8/1_00014"},{"time":0.4,"name":"tx/炸点8/1_00015"},{"time":0.4333,"name":"tx/炸点8/1_00016"},{"time":0.4667,"name":"tx/炸点8/1_00017"},{"time":0.5,"name":"tx/炸点8/1_00018"},{"time":0.5333,"name":"tx/炸点8/1_00019"},{"time":0.5667,"name":"tx/炸点8/1_00020"},{"time":0.6,"name":"tx/炸点8/1_00021"},{"time":0.6333,"name":null}]},"tx/电1/1_00001":{"attachment":[{"name":"tx/电1/1_00001"},{"time":0.0333,"name":"tx/电1/1_00002"},{"time":0.0667,"name":"tx/电1/1_00003"},{"time":0.1,"name":"tx/电1/1_00004"},{"time":0.1333,"name":"tx/电1/1_00005"},{"time":0.1667,"name":"tx/电1/1_00006"},{"time":0.2,"name":"tx/电1/1_00007"},{"time":0.2333,"name":"tx/电1/1_00008"},{"time":0.2667,"name":"tx/电1/1_00009"},{"time":0.3,"name":"tx/电1/1_00010"},{"time":0.3333,"name":"tx/电1/1_00011"},{"time":0.3667,"name":"tx/电1/1_00012"},{"time":0.4,"name":"tx/电1/1_00013"},{"time":0.4333,"name":"tx/电1/1_00014"},{"time":0.4667,"name":"tx/电1/1_00015"},{"time":0.5,"name":null}]}},"bones":{"TXz01":{"rotate":[{"angle":-24}]},"TXz1":{"rotate":[{"time":0.1,"angle":9.6}],"translate":[{"time":0.1,"x":-6.08,"y":30.75}]},"TXB":{"rotate":[{"angle":-44.4}],"scale":[{"x":0.777},{"time":0.0333,"x":1.132,"y":1.5},{"time":0.0667,"x":1.275,"y":2},{"time":0.1333,"x":2,"y":2}]},"TXB01":{"rotate":[{},{"time":0.6333,"angle":-27.6}],"translate":[{"curve":0.25,"c3":0.75},{"time":0.6333,"x":18.13,"y":-41.2}]},"TXB02":{"translate":[{},{"time":0.3667,"y":-26.37}]},"TXB2":{"translate":[{"time":0.2},{"time":0.6333,"x":33.4,"y":9.06}]},"TXB1":{"rotate":[{"time":0.1667},{"time":0.8,"angle":19.2}],"translate":[{"time":0.1667,"x":16.48,"y":36.26,"curve":0.25,"c3":0.75},{"time":0.8,"x":44.5,"y":44.5}]},"TXB3":{"translate":[{"time":0.1667},{"time":0.5333,"y":-26.37}]},"TXB4":{"translate":[{"time":0.3667},{"time":0.8,"x":33.4,"y":9.06}]},"TXzd":{"rotate":[{"angle":51.6}],"translate":[{"time":0.0667,"x":20.48,"y":36.15}],"scale":[{"x":1.089},{"time":0.0333,"x":1.78,"y":2.548},{"time":0.0667,"x":1.089}]}}}}}