{"skeleton":{"hash":"nOKL9H+lIUOUr4Qad+4OQmLPJD8","spine":"3.8.99","images":"../","audio":"D:/work/CryptoGladiator/美术资源/角色/斯巴达人物拆分/斯巴达(标准)"},"bones":[{"name":"root"}],"slots":[{"name":"xieyou1","bone":"root","attachment":"斯巴达人物拆分/斯巴达(标准)/xieyou1"}],"skins":[{"name":"a1","attachments":{"xieyou1":{"斯巴达人物拆分/斯巴达(标准)/xieyou1":{"name":"斯巴达人物拆分小/斯巴达(标准)/xieyou1","x":-7.01,"y":-32.29,"width":37,"height":48}}}},{"name":"a2","attachments":{"xieyou1":{"斯巴达人物拆分/斯巴达(标准)/xieyou1":{"name":"斯巴达人物拆分小/1/xieyou1","x":-6.81,"y":-28.94,"width":41,"height":49}}}}],"animations":{"a":{}}}