{"skeleton":{"hash":"E/WEkCMDwapCSOlb8S2nRp8F2NQ","spine":"3.8.99","x":-14.93,"y":-54.25,"width":37,"height":60,"images":"../","audio":"D:/work/CryptoGladiator/美术资源/角色/斯巴达人物拆分/斯巴达(标准)"},"bones":[{"name":"root"}],"slots":[{"name":"dabizuo","bone":"root","attachment":"斯巴达人物拆分小/斯巴达(标准)/dabizuo"}],"skins":[{"name":"a1","attachments":{"dabizuo":{"斯巴达人物拆分小/斯巴达(标准)/dabizuo":{"x":3.57,"y":-24.25,"width":37,"height":60}}}},{"name":"a2","attachments":{"dabizuo":{"斯巴达人物拆分小/斯巴达(标准)/dabizuo":{"name":"斯巴达人物拆分小/斯巴达(标准肌肉)/dabizuo","x":3.57,"y":-24.25,"width":37,"height":60}}}},{"name":"a3","attachments":{"dabizuo":{"斯巴达人物拆分小/斯巴达(标准)/dabizuo":{"name":"斯巴达人物拆分小/斯巴达(标准无肌肉)/dabizuo","x":3.57,"y":-24.25,"width":38,"height":60}}}},{"name":"a4","attachments":{"dabizuo":{"斯巴达人物拆分小/斯巴达(标准)/dabizuo":{"x":3.57,"y":-24.25,"width":37,"height":60}}}}],"animations":{"a":{}}}