{"skeleton":{"hash":"6aeVpxVomQXSQey/jQvEtGf83ro","spine":"3.8.99","x":-29.97,"y":-70.88,"width":55,"height":78,"images":"../","audio":"D:/work/CryptoGladiator/美术资源/角色/斯巴达人物拆分/斯巴达(标准)"},"bones":[{"name":"root"}],"slots":[{"name":"hubi","bone":"root","attachment":"斯巴达人物拆分/斯巴达(标准)/hubi"}],"skins":[{"name":"a1","attachments":{"hubi":{"斯巴达人物拆分/斯巴达(标准)/hubi":{"name":"斯巴达人物拆分小/斯巴达(标准)/hubi","x":-2.47,"y":-31.88,"width":55,"height":78}}}},{"name":"a2","attachments":{"hubi":{"斯巴达人物拆分/斯巴达(标准)/hubi":{"name":"斯巴达人物拆分小/1/hubiyou","x":-2.47,"y":-31.88,"width":62,"height":78}}}}],"animations":{"a":{}}}