{"skeleton":{"hash":"ZOaYc88QEi9S59nhoGYpaaKf/58","spine":"3.8.99","images":"../","audio":"D:/work/CryptoGladiator/美术资源/角色/spine"},"bones":[{"name":"root"},{"name":"jian","parent":"root","x":-157.64},{"name":"02","parent":"root","x":-157.64},{"name":"tx/爆气2/2 (1)","parent":"02"},{"name":"tx/炸点2/1_00000","parent":"02","rotation":90},{"name":"tx/石头1/1_00003","parent":"02"},{"name":"tx/爆气3/1_00002","parent":"02"},{"name":"jian2","parent":"root","x":-157.64},{"name":"3","parent":"jian2","x":157.43,"transform":"noScale"},{"name":"4","parent":"root","x":-157.64},{"name":"tx/爆气2/2 (1)2","parent":"4"},{"name":"tx/炸点2/1_0","parent":"4","rotation":90},{"name":"tx/石头1/1_3","parent":"4"},{"name":"tx/爆气3/1_2","parent":"4"},{"name":"jian3","parent":"root","x":-157.64},{"name":"5","parent":"jian3","x":157.43,"transform":"noScale"},{"name":"6","parent":"root","x":-157.64},{"name":"tx/爆气2/2 (1)3","parent":"6"},{"name":"tx/炸点2/1_1","parent":"6","rotation":90},{"name":"tx/石头1/1_4","parent":"6"},{"name":"tx/爆气3/1_3","parent":"6"},{"name":"jian4","parent":"root","x":-157.64,"scaleY":1.4763},{"name":"7","parent":"jian4","x":157.43,"transform":"noScale"},{"name":"8","parent":"root","x":-157.64},{"name":"tx/爆气2/2 (1)4","parent":"8"},{"name":"tx/炸点2/1_2","parent":"8","rotation":90},{"name":"tx/石头1/1_5","parent":"8"},{"name":"tx/爆气3/1_4","parent":"8"},{"name":"jian5","parent":"root","x":-157.64},{"name":"9","parent":"jian5","x":157.43,"transform":"noScale"},{"name":"10","parent":"root","x":-157.64},{"name":"tx/爆气2/2 (1)5","parent":"10"},{"name":"tx/炸点2/1_3","parent":"10","rotation":90},{"name":"tx/石头1/1_6","parent":"10"},{"name":"tx/爆气3/1_5","parent":"10"},{"name":"jian6","parent":"root","x":-157.64},{"name":"11","parent":"jian6","x":157.43,"transform":"noScale"},{"name":"12","parent":"root","x":-157.64},{"name":"tx/爆气2/2 (1)6","parent":"12"},{"name":"tx/炸点2/1_4","parent":"12","rotation":90},{"name":"tx/石头1/1_7","parent":"12"},{"name":"tx/爆气3/1_6","parent":"12"},{"name":"X0","parent":"root"},{"name":"X1","parent":"X0"},{"name":"X2","parent":"X0"},{"name":"X3","parent":"X0"},{"name":"X4","parent":"root"},{"name":"X5","parent":"X4"},{"name":"X6","parent":"X4"},{"name":"X7","parent":"X4"},{"name":"X8","parent":"root"},{"name":"X9","parent":"X8"},{"name":"X10","parent":"X8"},{"name":"X11","parent":"X8"},{"name":"X12","parent":"root"},{"name":"X13","parent":"X12"},{"name":"X14","parent":"X12"},{"name":"X15","parent":"X12"},{"name":"X16","parent":"root"},{"name":"X17","parent":"X16"},{"name":"X18","parent":"X16"},{"name":"X19","parent":"X16"},{"name":"X20","parent":"root"},{"name":"X21","parent":"X20"},{"name":"X22","parent":"X20"},{"name":"X23","parent":"X20"},{"name":"TXB01","parent":"root"},{"name":"TXB1","parent":"root"},{"name":"TXB2","parent":"root"},{"name":"TXB3","parent":"root"},{"name":"TXB4","parent":"root"},{"name":"TXB5","parent":"root"}],"slots":[{"name":"斯巴达人物拆分小/武器/gongjian1-2","bone":"jian"},{"name":"斯巴达人物拆分小/武器/gongjian1-3","bone":"jian2"},{"name":"斯巴达人物拆分小/武器/gongjian1-5","bone":"jian4"},{"name":"斯巴达人物拆分小/武器/gongjian1-6","bone":"jian5"},{"name":"斯巴达人物拆分小/武器/gongjian1-7","bone":"jian6"},{"name":"tx/炸点6/1_5","bone":"3","blend":"additive"},{"name":"tx/炸点6/1_6","bone":"5","blend":"additive"},{"name":"tx/炸点6/1_7","bone":"7","blend":"additive"},{"name":"tx/炸点6/1_8","bone":"9","blend":"additive"},{"name":"tx/炸点6/1_9","bone":"11","blend":"additive"},{"name":"tx/炸点2/1_00000","bone":"tx/炸点2/1_00000","blend":"additive"},{"name":"tx/炸点2/1_0","bone":"tx/炸点2/1_0","blend":"additive"},{"name":"tx/炸点2/1_1","bone":"tx/炸点2/1_1","blend":"additive"},{"name":"tx/炸点2/1_2","bone":"tx/炸点2/1_2","blend":"additive"},{"name":"tx/炸点2/1_3","bone":"tx/炸点2/1_3","blend":"additive"},{"name":"tx/炸点2/1_4","bone":"tx/炸点2/1_4","blend":"additive"},{"name":"tx/石头1/1_00003","bone":"tx/石头1/1_00003"},{"name":"tx/石头1/1_3","bone":"tx/石头1/1_3"},{"name":"tx/石头1/1_4","bone":"tx/石头1/1_4"},{"name":"tx/石头1/1_5","bone":"tx/石头1/1_5"},{"name":"tx/石头1/1_6","bone":"tx/石头1/1_6"},{"name":"tx/石头1/1_7","bone":"tx/石头1/1_7"},{"name":"tx/爆气3/1_00002","bone":"tx/爆气3/1_00002","blend":"additive"},{"name":"tx/爆气3/1_2","bone":"tx/爆气3/1_2","blend":"additive"},{"name":"tx/爆气3/1_3","bone":"tx/爆气3/1_3","blend":"additive"},{"name":"tx/爆气3/1_4","bone":"tx/爆气3/1_4","blend":"additive"},{"name":"tx/爆气3/1_5","bone":"tx/爆气3/1_5","blend":"additive"},{"name":"tx/爆气3/1_6","bone":"tx/爆气3/1_6","blend":"additive"},{"name":"tx/爆气2/2 (1)","bone":"tx/爆气2/2 (1)","blend":"additive"},{"name":"tx/爆气2/2 (1)2","bone":"tx/爆气2/2 (1)2","blend":"additive"},{"name":"tx/爆气2/2 (1)3","bone":"tx/爆气2/2 (1)3","blend":"additive"},{"name":"tx/爆气2/2 (1)4","bone":"tx/爆气2/2 (1)4","blend":"additive"},{"name":"tx/爆气2/2 (1)5","bone":"tx/爆气2/2 (1)5","blend":"additive"},{"name":"tx/爆气2/2 (1)6","bone":"tx/爆气2/2 (1)6","blend":"additive"},{"name":"tx/冰剑/11","bone":"X2"},{"name":"tx/冰剑/15","bone":"X6"},{"name":"tx/冰剑/18","bone":"X10"},{"name":"tx/冰剑/21","bone":"X14"},{"name":"tx/冰剑/24","bone":"X18"},{"name":"tx/冰剑/27","bone":"X22"},{"name":"tx/冰剑/13","bone":"X3"},{"name":"tx/冰剑/16","bone":"X7"},{"name":"tx/冰剑/19","bone":"X11"},{"name":"tx/冰剑/22","bone":"X15"},{"name":"tx/冰剑/25","bone":"X19"},{"name":"tx/冰剑/28","bone":"X23"},{"name":"tx/冰剑/12","bone":"X1"},{"name":"tx/冰剑/14","bone":"X5"},{"name":"tx/冰剑/17","bone":"X9"},{"name":"tx/冰剑/20","bone":"X13"},{"name":"tx/冰剑/23","bone":"X17"},{"name":"tx/冰剑/26","bone":"X21"},{"name":"tx/冰剑/01","bone":"TXB01"},{"name":"tx/冰剑/1","bone":"TXB1"},{"name":"tx/冰剑/3","bone":"TXB2"},{"name":"tx/冰剑/4","bone":"TXB3"},{"name":"tx/冰剑/5","bone":"TXB4"},{"name":"tx/冰剑/6","bone":"TXB5"},{"name":"tx/冰剑/bing7","bone":"jian3"}],"skins":[{"name":"default","attachments":{"tx/冰剑/01":{"tx/冰剑/01":{"x":-0.73,"y":33.46,"width":132,"height":68},"tx/冰剑/02":{"x":1.61,"y":46.49,"width":172,"height":100}},"tx/冰剑/1":{"tx/冰剑/01":{"x":-0.73,"y":33.46,"width":132,"height":68},"tx/冰剑/02":{"x":1.61,"y":46.49,"width":172,"height":100}},"tx/冰剑/3":{"tx/冰剑/01":{"x":-0.73,"y":33.46,"width":132,"height":68},"tx/冰剑/02":{"x":1.61,"y":46.49,"width":172,"height":100}},"tx/冰剑/4":{"tx/冰剑/01":{"x":-0.73,"y":33.46,"width":132,"height":68},"tx/冰剑/02":{"x":1.61,"y":46.49,"width":172,"height":100}},"tx/冰剑/5":{"tx/冰剑/01":{"x":-0.73,"y":33.46,"width":132,"height":68},"tx/冰剑/02":{"x":1.61,"y":46.49,"width":172,"height":100}},"tx/冰剑/6":{"tx/冰剑/01":{"x":-0.73,"y":33.46,"width":132,"height":68},"tx/冰剑/02":{"x":1.61,"y":46.49,"width":172,"height":100}},"tx/冰剑/11":{"tx/冰剑/12":{"path":"tx/冰剑/11","width":42,"height":41}},"tx/冰剑/12":{"tx/冰剑/13":{"path":"tx/冰剑/12","x":-39.94,"y":1.85,"width":209,"height":203}},"tx/冰剑/13":{"tx/冰剑/12":{"path":"tx/冰剑/11","width":42,"height":41}},"tx/冰剑/14":{"tx/冰剑/13":{"path":"tx/冰剑/12","x":-39.94,"y":1.85,"width":209,"height":203}},"tx/冰剑/15":{"tx/冰剑/12":{"path":"tx/冰剑/11","width":42,"height":41}},"tx/冰剑/16":{"tx/冰剑/12":{"path":"tx/冰剑/11","width":42,"height":41}},"tx/冰剑/17":{"tx/冰剑/13":{"path":"tx/冰剑/12","x":-39.94,"y":1.85,"width":209,"height":203}},"tx/冰剑/18":{"tx/冰剑/12":{"path":"tx/冰剑/11","width":42,"height":41}},"tx/冰剑/19":{"tx/冰剑/12":{"path":"tx/冰剑/11","width":42,"height":41}},"tx/冰剑/20":{"tx/冰剑/13":{"path":"tx/冰剑/12","x":-39.94,"y":1.85,"width":209,"height":203}},"tx/冰剑/21":{"tx/冰剑/12":{"path":"tx/冰剑/11","width":42,"height":41}},"tx/冰剑/22":{"tx/冰剑/12":{"path":"tx/冰剑/11","width":42,"height":41}},"tx/冰剑/23":{"tx/冰剑/13":{"path":"tx/冰剑/12","x":-39.94,"y":1.85,"width":209,"height":203}},"tx/冰剑/24":{"tx/冰剑/12":{"path":"tx/冰剑/11","width":42,"height":41}},"tx/冰剑/25":{"tx/冰剑/12":{"path":"tx/冰剑/11","width":42,"height":41}},"tx/冰剑/26":{"tx/冰剑/13":{"path":"tx/冰剑/12","x":-39.94,"y":1.85,"width":209,"height":203}},"tx/冰剑/27":{"tx/冰剑/12":{"path":"tx/冰剑/11","width":42,"height":41}},"tx/冰剑/28":{"tx/冰剑/12":{"path":"tx/冰剑/11","width":42,"height":41}},"tx/冰剑/bing7":{"tx/冰剑/bing7":{"x":77.79,"scaleY":0.8,"rotation":-90,"width":35,"height":213},"tx/冰剑/bing8":{"type":"mesh","path":"tx/冰剑/bing7","uvs":[1,0.16164,1,1,0,1,0,0.15989],"triangles":[0,2,3,0,1,2],"vertices":[135.65,-17.62,-7.71,-17.62,-7.71,17.62,135.94,17.62],"hull":4,"edges":[2,4,4,6,2,0,6,0],"width":35,"height":213}},"tx/炸点2/1_0":{"tx/炸点2/2 (1)":{"x":103.57,"y":-2.08,"width":254,"height":164},"tx/炸点2/2 (2)":{"x":103.57,"y":-2.08,"width":254,"height":164},"tx/炸点2/2 (3)":{"x":103.57,"y":-2.08,"width":254,"height":164},"tx/炸点2/2 (4)":{"x":103.57,"y":-2.08,"width":254,"height":164},"tx/炸点2/2 (5)":{"x":103.57,"y":-2.08,"width":254,"height":164},"tx/炸点2/2 (6)":{"x":103.57,"y":-2.08,"width":254,"height":164},"tx/炸点2/2 (7)":{"x":103.57,"y":-2.08,"width":254,"height":164},"tx/炸点2/2 (8)":{"x":103.57,"y":-2.08,"width":254,"height":164}},"tx/炸点2/1_00000":{"tx/炸点2/2 (1)":{"x":103.57,"y":-2.08,"width":254,"height":164},"tx/炸点2/2 (2)":{"x":103.57,"y":-2.08,"width":254,"height":164},"tx/炸点2/2 (3)":{"x":103.57,"y":-2.08,"width":254,"height":164},"tx/炸点2/2 (4)":{"x":103.57,"y":-2.08,"width":254,"height":164},"tx/炸点2/2 (5)":{"x":103.57,"y":-2.08,"width":254,"height":164},"tx/炸点2/2 (6)":{"x":103.57,"y":-2.08,"width":254,"height":164},"tx/炸点2/2 (7)":{"x":103.57,"y":-2.08,"width":254,"height":164},"tx/炸点2/2 (8)":{"x":103.57,"y":-2.08,"width":254,"height":164}},"tx/炸点2/1_1":{"tx/炸点2/2 (1)":{"x":103.57,"y":-2.08,"width":254,"height":164},"tx/炸点2/2 (2)":{"x":103.57,"y":-2.08,"width":254,"height":164},"tx/炸点2/2 (3)":{"x":103.57,"y":-2.08,"width":254,"height":164},"tx/炸点2/2 (4)":{"x":103.57,"y":-2.08,"width":254,"height":164},"tx/炸点2/2 (5)":{"x":103.57,"y":-2.08,"width":254,"height":164},"tx/炸点2/2 (6)":{"x":103.57,"y":-2.08,"width":254,"height":164},"tx/炸点2/2 (7)":{"x":103.57,"y":-2.08,"width":254,"height":164},"tx/炸点2/2 (8)":{"x":103.57,"y":-2.08,"width":254,"height":164}},"tx/炸点2/1_2":{"tx/炸点2/2 (1)":{"x":103.57,"y":-2.08,"width":254,"height":164},"tx/炸点2/2 (2)":{"x":103.57,"y":-2.08,"width":254,"height":164},"tx/炸点2/2 (3)":{"x":103.57,"y":-2.08,"width":254,"height":164},"tx/炸点2/2 (4)":{"x":103.57,"y":-2.08,"width":254,"height":164},"tx/炸点2/2 (5)":{"x":103.57,"y":-2.08,"width":254,"height":164},"tx/炸点2/2 (6)":{"x":103.57,"y":-2.08,"width":254,"height":164},"tx/炸点2/2 (7)":{"x":103.57,"y":-2.08,"width":254,"height":164},"tx/炸点2/2 (8)":{"x":103.57,"y":-2.08,"width":254,"height":164}},"tx/炸点2/1_3":{"tx/炸点2/2 (1)":{"x":103.57,"y":-2.08,"width":254,"height":164},"tx/炸点2/2 (2)":{"x":103.57,"y":-2.08,"width":254,"height":164},"tx/炸点2/2 (3)":{"x":103.57,"y":-2.08,"width":254,"height":164},"tx/炸点2/2 (4)":{"x":103.57,"y":-2.08,"width":254,"height":164},"tx/炸点2/2 (5)":{"x":103.57,"y":-2.08,"width":254,"height":164},"tx/炸点2/2 (6)":{"x":103.57,"y":-2.08,"width":254,"height":164},"tx/炸点2/2 (7)":{"x":103.57,"y":-2.08,"width":254,"height":164},"tx/炸点2/2 (8)":{"x":103.57,"y":-2.08,"width":254,"height":164}},"tx/炸点2/1_4":{"tx/炸点2/2 (1)":{"x":103.57,"y":-2.08,"width":254,"height":164},"tx/炸点2/2 (2)":{"x":103.57,"y":-2.08,"width":254,"height":164},"tx/炸点2/2 (3)":{"x":103.57,"y":-2.08,"width":254,"height":164},"tx/炸点2/2 (4)":{"x":103.57,"y":-2.08,"width":254,"height":164},"tx/炸点2/2 (5)":{"x":103.57,"y":-2.08,"width":254,"height":164},"tx/炸点2/2 (6)":{"x":103.57,"y":-2.08,"width":254,"height":164},"tx/炸点2/2 (7)":{"x":103.57,"y":-2.08,"width":254,"height":164},"tx/炸点2/2 (8)":{"x":103.57,"y":-2.08,"width":254,"height":164}},"tx/炸点6/1_5":{"tx/炸点6/3 (1)":{"x":-24.81,"y":-0.85,"scaleY":1.4961,"width":254,"height":143},"tx/炸点6/3 (2)":{"x":-52.22,"y":-0.85,"scaleY":1.4961,"width":254,"height":143}},"tx/炸点6/1_6":{"tx/炸点6/3 (1)":{"x":-24.81,"y":-0.85,"scaleY":1.4961,"width":254,"height":143},"tx/炸点6/3 (2)":{"x":-52.22,"y":-0.85,"scaleY":1.4961,"width":254,"height":143}},"tx/炸点6/1_7":{"tx/炸点6/3 (1)":{"x":-24.81,"y":-0.85,"scaleY":1.4961,"width":254,"height":143},"tx/炸点6/3 (2)":{"x":-52.22,"y":-0.85,"scaleY":1.4961,"width":254,"height":143}},"tx/炸点6/1_8":{"tx/炸点6/3 (1)":{"x":-24.81,"y":-0.85,"scaleY":1.4961,"width":254,"height":143},"tx/炸点6/3 (2)":{"x":-52.22,"y":-0.85,"scaleY":1.4961,"width":254,"height":143}},"tx/炸点6/1_9":{"tx/炸点6/3 (1)":{"x":-24.81,"y":-0.85,"scaleY":1.4961,"width":254,"height":143},"tx/炸点6/3 (2)":{"x":-52.22,"y":-0.85,"scaleY":1.4961,"width":254,"height":143}},"tx/爆气2/2 (1)":{"tx/爆气2/3 (1)":{"x":0.46,"y":101.14,"width":255,"height":252},"tx/爆气2/3 (3)":{"x":0.46,"y":101.14,"width":255,"height":252},"tx/爆气2/3 (5)":{"x":0.46,"y":101.14,"width":255,"height":252},"tx/爆气2/3 (7)":{"x":0.46,"y":101.14,"width":255,"height":252},"tx/爆气2/3 (9)":{"x":0.46,"y":101.14,"width":255,"height":252}},"tx/爆气2/2 (1)2":{"tx/爆气2/3 (1)":{"x":0.46,"y":101.14,"width":255,"height":252},"tx/爆气2/3 (3)":{"x":0.46,"y":101.14,"width":255,"height":252},"tx/爆气2/3 (5)":{"x":0.46,"y":101.14,"width":255,"height":252},"tx/爆气2/3 (7)":{"x":0.46,"y":101.14,"width":255,"height":252},"tx/爆气2/3 (9)":{"x":0.46,"y":101.14,"width":255,"height":252}},"tx/爆气2/2 (1)3":{"tx/爆气2/3 (1)":{"x":0.46,"y":101.14,"width":255,"height":252},"tx/爆气2/3 (3)":{"x":0.46,"y":101.14,"width":255,"height":252},"tx/爆气2/3 (5)":{"x":0.46,"y":101.14,"width":255,"height":252},"tx/爆气2/3 (7)":{"x":0.46,"y":101.14,"width":255,"height":252},"tx/爆气2/3 (9)":{"x":0.46,"y":101.14,"width":255,"height":252}},"tx/爆气2/2 (1)4":{"tx/爆气2/3 (1)":{"x":0.46,"y":101.14,"width":255,"height":252},"tx/爆气2/3 (3)":{"x":0.46,"y":101.14,"width":255,"height":252},"tx/爆气2/3 (5)":{"x":0.46,"y":101.14,"width":255,"height":252},"tx/爆气2/3 (7)":{"x":0.46,"y":101.14,"width":255,"height":252},"tx/爆气2/3 (9)":{"x":0.46,"y":101.14,"width":255,"height":252}},"tx/爆气2/2 (1)5":{"tx/爆气2/3 (1)":{"x":0.46,"y":101.14,"width":255,"height":252},"tx/爆气2/3 (3)":{"x":0.46,"y":101.14,"width":255,"height":252},"tx/爆气2/3 (5)":{"x":0.46,"y":101.14,"width":255,"height":252},"tx/爆气2/3 (7)":{"x":0.46,"y":101.14,"width":255,"height":252},"tx/爆气2/3 (9)":{"x":0.46,"y":101.14,"width":255,"height":252}},"tx/爆气2/2 (1)6":{"tx/爆气2/3 (1)":{"x":0.46,"y":101.14,"width":255,"height":252},"tx/爆气2/3 (3)":{"x":0.46,"y":101.14,"width":255,"height":252},"tx/爆气2/3 (5)":{"x":0.46,"y":101.14,"width":255,"height":252},"tx/爆气2/3 (7)":{"x":0.46,"y":101.14,"width":255,"height":252},"tx/爆气2/3 (9)":{"x":0.46,"y":101.14,"width":255,"height":252}},"tx/爆气3/1_00002":{"tx/爆气3/2 (1)":{"x":1.8,"y":4.11,"width":254,"height":117},"tx/爆气3/2 (2)":{"x":1.8,"y":4.11,"width":254,"height":117},"tx/爆气3/2 (3)":{"x":1.8,"y":4.11,"width":254,"height":117},"tx/爆气3/2 (4)":{"x":1.8,"y":4.11,"width":254,"height":117},"tx/爆气3/2 (5)":{"x":1.8,"y":4.11,"width":254,"height":117},"tx/爆气3/2 (6)":{"x":1.8,"y":4.11,"width":254,"height":117},"tx/爆气3/2 (7)":{"x":1.8,"y":4.11,"width":254,"height":117},"tx/爆气3/2 (8)":{"x":1.8,"y":4.11,"width":254,"height":117}},"tx/爆气3/1_2":{"tx/爆气3/2 (1)":{"x":1.8,"y":4.11,"width":254,"height":117},"tx/爆气3/2 (2)":{"x":1.8,"y":4.11,"width":254,"height":117},"tx/爆气3/2 (3)":{"x":1.8,"y":4.11,"width":254,"height":117},"tx/爆气3/2 (4)":{"x":1.8,"y":4.11,"width":254,"height":117},"tx/爆气3/2 (5)":{"x":1.8,"y":4.11,"width":254,"height":117},"tx/爆气3/2 (6)":{"x":1.8,"y":4.11,"width":254,"height":117},"tx/爆气3/2 (7)":{"x":1.8,"y":4.11,"width":254,"height":117},"tx/爆气3/2 (8)":{"x":1.8,"y":4.11,"width":254,"height":117}},"tx/爆气3/1_3":{"tx/爆气3/2 (1)":{"x":1.8,"y":4.11,"width":254,"height":117},"tx/爆气3/2 (2)":{"x":1.8,"y":4.11,"width":254,"height":117},"tx/爆气3/2 (3)":{"x":1.8,"y":4.11,"width":254,"height":117},"tx/爆气3/2 (4)":{"x":1.8,"y":4.11,"width":254,"height":117},"tx/爆气3/2 (5)":{"x":1.8,"y":4.11,"width":254,"height":117},"tx/爆气3/2 (6)":{"x":1.8,"y":4.11,"width":254,"height":117},"tx/爆气3/2 (7)":{"x":1.8,"y":4.11,"width":254,"height":117},"tx/爆气3/2 (8)":{"x":1.8,"y":4.11,"width":254,"height":117}},"tx/爆气3/1_4":{"tx/爆气3/2 (1)":{"x":1.8,"y":4.11,"width":254,"height":117},"tx/爆气3/2 (2)":{"x":1.8,"y":4.11,"width":254,"height":117},"tx/爆气3/2 (3)":{"x":1.8,"y":4.11,"width":254,"height":117},"tx/爆气3/2 (4)":{"x":1.8,"y":4.11,"width":254,"height":117},"tx/爆气3/2 (5)":{"x":1.8,"y":4.11,"width":254,"height":117},"tx/爆气3/2 (6)":{"x":1.8,"y":4.11,"width":254,"height":117},"tx/爆气3/2 (7)":{"x":1.8,"y":4.11,"width":254,"height":117},"tx/爆气3/2 (8)":{"x":1.8,"y":4.11,"width":254,"height":117}},"tx/爆气3/1_5":{"tx/爆气3/2 (1)":{"x":1.8,"y":4.11,"width":254,"height":117},"tx/爆气3/2 (2)":{"x":1.8,"y":4.11,"width":254,"height":117},"tx/爆气3/2 (3)":{"x":1.8,"y":4.11,"width":254,"height":117},"tx/爆气3/2 (4)":{"x":1.8,"y":4.11,"width":254,"height":117},"tx/爆气3/2 (5)":{"x":1.8,"y":4.11,"width":254,"height":117},"tx/爆气3/2 (6)":{"x":1.8,"y":4.11,"width":254,"height":117},"tx/爆气3/2 (7)":{"x":1.8,"y":4.11,"width":254,"height":117},"tx/爆气3/2 (8)":{"x":1.8,"y":4.11,"width":254,"height":117}},"tx/爆气3/1_6":{"tx/爆气3/2 (1)":{"x":1.8,"y":4.11,"width":254,"height":117},"tx/爆气3/2 (2)":{"x":1.8,"y":4.11,"width":254,"height":117},"tx/爆气3/2 (3)":{"x":1.8,"y":4.11,"width":254,"height":117},"tx/爆气3/2 (4)":{"x":1.8,"y":4.11,"width":254,"height":117},"tx/爆气3/2 (5)":{"x":1.8,"y":4.11,"width":254,"height":117},"tx/爆气3/2 (6)":{"x":1.8,"y":4.11,"width":254,"height":117},"tx/爆气3/2 (7)":{"x":1.8,"y":4.11,"width":254,"height":117},"tx/爆气3/2 (8)":{"x":1.8,"y":4.11,"width":254,"height":117}},"tx/石头1/1_00003":{"tx/石头1/1_00003":{"x":-1.9,"y":104.68,"width":243,"height":252},"tx/石头1/1_00005":{"x":-1.9,"y":104.68,"width":243,"height":252},"tx/石头1/1_00007":{"x":-1.9,"y":104.68,"width":243,"height":252},"tx/石头1/1_00009":{"x":-1.9,"y":104.68,"width":243,"height":252},"tx/石头1/1_00011":{"x":-1.9,"y":104.68,"width":243,"height":252},"tx/石头1/1_00013":{"x":-1.9,"y":104.68,"width":243,"height":252}},"tx/石头1/1_3":{"tx/石头1/1_00003":{"x":-1.9,"y":104.68,"width":243,"height":252},"tx/石头1/1_00005":{"x":-1.9,"y":104.68,"width":243,"height":252},"tx/石头1/1_00007":{"x":-1.9,"y":104.68,"width":243,"height":252},"tx/石头1/1_00009":{"x":-1.9,"y":104.68,"width":243,"height":252},"tx/石头1/1_00011":{"x":-1.9,"y":104.68,"width":243,"height":252},"tx/石头1/1_00013":{"x":-1.9,"y":104.68,"width":243,"height":252}},"tx/石头1/1_4":{"tx/石头1/1_00003":{"x":-1.9,"y":104.68,"width":243,"height":252},"tx/石头1/1_00005":{"x":-1.9,"y":104.68,"width":243,"height":252},"tx/石头1/1_00007":{"x":-1.9,"y":104.68,"width":243,"height":252},"tx/石头1/1_00009":{"x":-1.9,"y":104.68,"width":243,"height":252},"tx/石头1/1_00011":{"x":-1.9,"y":104.68,"width":243,"height":252},"tx/石头1/1_00013":{"x":-1.9,"y":104.68,"width":243,"height":252}},"tx/石头1/1_5":{"tx/石头1/1_00003":{"x":-1.9,"y":104.68,"width":243,"height":252},"tx/石头1/1_00005":{"x":-1.9,"y":104.68,"width":243,"height":252},"tx/石头1/1_00007":{"x":-1.9,"y":104.68,"width":243,"height":252},"tx/石头1/1_00009":{"x":-1.9,"y":104.68,"width":243,"height":252},"tx/石头1/1_00011":{"x":-1.9,"y":104.68,"width":243,"height":252},"tx/石头1/1_00013":{"x":-1.9,"y":104.68,"width":243,"height":252}},"tx/石头1/1_6":{"tx/石头1/1_00003":{"x":-1.9,"y":104.68,"width":243,"height":252},"tx/石头1/1_00005":{"x":-1.9,"y":104.68,"width":243,"height":252},"tx/石头1/1_00007":{"x":-1.9,"y":104.68,"width":243,"height":252},"tx/石头1/1_00009":{"x":-1.9,"y":104.68,"width":243,"height":252},"tx/石头1/1_00011":{"x":-1.9,"y":104.68,"width":243,"height":252},"tx/石头1/1_00013":{"x":-1.9,"y":104.68,"width":243,"height":252}},"tx/石头1/1_7":{"tx/石头1/1_00003":{"x":-1.9,"y":104.68,"width":243,"height":252},"tx/石头1/1_00005":{"x":-1.9,"y":104.68,"width":243,"height":252},"tx/石头1/1_00007":{"x":-1.9,"y":104.68,"width":243,"height":252},"tx/石头1/1_00009":{"x":-1.9,"y":104.68,"width":243,"height":252},"tx/石头1/1_00011":{"x":-1.9,"y":104.68,"width":243,"height":252},"tx/石头1/1_00013":{"x":-1.9,"y":104.68,"width":243,"height":252}},"斯巴达人物拆分小/武器/gongjian1-2":{"tx/冰剑/bing7":{"x":76.11,"scaleY":0.8,"rotation":-90,"width":35,"height":213},"tx/冰剑/bing8":{"type":"mesh","path":"tx/冰剑/bing7","uvs":[1,0.16164,1,1,0,1,0,0.15989],"triangles":[0,2,3,0,1,2],"vertices":[135.65,-17.35,-7.71,-17.35,-7.71,17.34,135.94,17.34],"hull":4,"edges":[2,4,4,6,2,0,6,0],"width":35,"height":213}},"斯巴达人物拆分小/武器/gongjian1-3":{"tx/冰剑/bing7":{"x":77.79,"scaleY":0.8,"rotation":-90,"width":35,"height":213},"tx/冰剑/bing8":{"type":"mesh","path":"tx/冰剑/bing7","uvs":[1,0.16164,1,1,0,1,0,0.15989],"triangles":[0,2,3,0,1,2],"vertices":[135.65,-19.22,-7.71,-19.22,-7.71,19.21,135.94,19.21],"hull":4,"edges":[2,4,4,6,2,0,6,0],"width":35,"height":213}},"斯巴达人物拆分小/武器/gongjian1-5":{"tx/冰剑/bing7":{"x":77.79,"scaleX":0.6254,"scaleY":0.8,"rotation":-90,"width":35,"height":213},"tx/冰剑/bing8":{"type":"mesh","path":"tx/冰剑/bing7","uvs":[1,0.16164,1,1,0,1,0,0.15989],"triangles":[0,2,3,0,1,2],"vertices":[135.65,-12,-7.71,-12,-7.71,12,135.94,12],"hull":4,"edges":[2,4,4,6,2,0,6,0],"width":35,"height":213}},"斯巴达人物拆分小/武器/gongjian1-6":{"tx/冰剑/bing7":{"x":77.79,"scaleY":0.8,"rotation":-90,"width":35,"height":213},"tx/冰剑/bing8":{"type":"mesh","path":"tx/冰剑/bing7","uvs":[1,0.16164,1,1,0,1,0,0.15989],"triangles":[0,2,3,0,1,2],"vertices":[135.65,-17.88,-7.71,-17.88,-7.71,17.87,135.94,17.87],"hull":4,"edges":[2,4,4,6,2,0,6,0],"width":35,"height":213}},"斯巴达人物拆分小/武器/gongjian1-7":{"tx/冰剑/bing7":{"x":77.79,"scaleY":0.8,"rotation":-90,"width":35,"height":213},"tx/冰剑/bing8":{"type":"mesh","path":"tx/冰剑/bing7","uvs":[1,0.16164,1,1,0,1,0,0.15989],"triangles":[0,2,3,0,1,2],"vertices":[135.65,-17.68,-7.71,-17.68,-7.71,17.68,135.94,17.68],"hull":4,"edges":[2,4,4,6,2,0,6,0],"width":35,"height":213}}}}],"animations":{"ARCHER_ATTACK12":{"slots":{"tx/冰剑/01":{"attachment":[{"time":0.2333,"name":"tx/冰剑/01"},{"time":0.2667,"name":"tx/冰剑/02"},{"time":0.3,"name":"tx/冰剑/01"},{"time":0.3333,"name":null}]},"tx/冰剑/1":{"attachment":[{"time":0.3333,"name":"tx/冰剑/01"},{"time":0.3667,"name":"tx/冰剑/02"},{"time":0.4,"name":"tx/冰剑/01"},{"time":0.4333,"name":null}]},"tx/冰剑/3":{"attachment":[{"time":0.4333,"name":"tx/冰剑/01"},{"time":0.4667,"name":"tx/冰剑/02"},{"time":0.5,"name":"tx/冰剑/01"},{"time":0.5333,"name":null}]},"tx/冰剑/4":{"attachment":[{"time":0.5333,"name":"tx/冰剑/01"},{"time":0.5667,"name":"tx/冰剑/02"},{"time":0.6,"name":"tx/冰剑/01"},{"time":0.6333,"name":null}]},"tx/冰剑/5":{"attachment":[{"time":0.6333,"name":"tx/冰剑/01"},{"time":0.6667,"name":"tx/冰剑/02"},{"time":0.7,"name":"tx/冰剑/01"},{"time":0.7333,"name":null}]},"tx/冰剑/6":{"attachment":[{"time":0.7333,"name":"tx/冰剑/01"},{"time":0.7667,"name":"tx/冰剑/02"},{"time":0.8,"name":"tx/冰剑/01"},{"time":0.8333,"name":null}]},"tx/冰剑/11":{"color":[{"color":"ffffff00","curve":0.25,"c3":0.75},{"time":0.1333,"color":"ffffffff","curve":0.25,"c3":0.75},{"time":0.2667,"color":"ffffff00"}],"attachment":[{"name":"tx/冰剑/12"}]},"tx/冰剑/12":{"color":[{"color":"ffffffff"},{"time":0.1333,"color":"66f0ffa6"},{"time":0.2667,"color":"ffffffff"},{"time":0.6667,"color":"ffffff00"}],"attachment":[{"name":"tx/冰剑/13"}]},"tx/冰剑/13":{"color":[{"color":"ffffffcf","curve":0.379,"c2":0.6,"c3":0.724},{"time":0.0333,"color":"ffffffff","curve":0.25,"c3":0.75},{"time":0.1333,"color":"ffffff00","curve":"stepped"},{"time":0.1667,"color":"ffffff00","curve":0.242,"c3":0.667,"c4":0.67},{"time":0.2667,"color":"ffffffcf","curve":0.379,"c2":0.6,"c3":0.724},{"time":0.6667,"color":"ffffff00"}],"attachment":[{"name":"tx/冰剑/12"}]},"tx/冰剑/14":{"color":[{"time":0.1,"color":"ffffffff"},{"time":0.2333,"color":"66f0ffa6"},{"time":0.3667,"color":"ffffffff"},{"time":0.8333,"color":"ffffff00"}],"attachment":[{"time":0.1,"name":"tx/冰剑/13"}]},"tx/冰剑/15":{"color":[{"time":0.1,"color":"ffffff00","curve":0.25,"c3":0.75},{"time":0.2333,"color":"ffffffff","curve":0.25,"c3":0.75},{"time":0.3667,"color":"ffffff00"}],"attachment":[{"time":0.1,"name":"tx/冰剑/12"}]},"tx/冰剑/16":{"color":[{"time":0.1,"color":"ffffffcf","curve":0.379,"c2":0.6,"c3":0.724},{"time":0.1333,"color":"ffffffff","curve":0.25,"c3":0.75},{"time":0.2333,"color":"ffffff00","curve":"stepped"},{"time":0.2667,"color":"ffffff00","curve":0.242,"c3":0.667,"c4":0.67},{"time":0.3667,"color":"ffffffcf","curve":0.379,"c2":0.6,"c3":0.724},{"time":0.8333,"color":"ffffff00"}],"attachment":[{"time":0.1,"name":"tx/冰剑/12"}]},"tx/冰剑/17":{"color":[{"time":0.2,"color":"ffffffff"},{"time":0.3333,"color":"66f0ffa6"},{"time":0.4667,"color":"ffffffff"},{"time":0.9,"color":"ffffff00"}],"attachment":[{"time":0.2,"name":"tx/冰剑/13"}]},"tx/冰剑/18":{"color":[{"time":0.2,"color":"ffffff00","curve":0.25,"c3":0.75},{"time":0.3333,"color":"ffffffff","curve":0.25,"c3":0.75},{"time":0.4667,"color":"ffffff00"}],"attachment":[{"time":0.2,"name":"tx/冰剑/12"}]},"tx/冰剑/19":{"color":[{"time":0.2,"color":"ffffffcf","curve":0.379,"c2":0.6,"c3":0.724},{"time":0.2333,"color":"ffffffff","curve":0.25,"c3":0.75},{"time":0.3333,"color":"ffffff00","curve":"stepped"},{"time":0.3667,"color":"ffffff00","curve":0.242,"c3":0.667,"c4":0.67},{"time":0.4667,"color":"ffffffcf","curve":0.379,"c2":0.6,"c3":0.724},{"time":0.9,"color":"ffffff00"}],"attachment":[{"time":0.2,"name":"tx/冰剑/12"}]},"tx/冰剑/20":{"color":[{"time":0.3,"color":"ffffffff"},{"time":0.4333,"color":"66f0ffa6"},{"time":0.5667,"color":"ffffffff"},{"time":1,"color":"ffffff00"}],"attachment":[{"time":0.3,"name":"tx/冰剑/13"}]},"tx/冰剑/21":{"color":[{"time":0.3,"color":"ffffff00","curve":0.25,"c3":0.75},{"time":0.4333,"color":"ffffffff","curve":0.25,"c3":0.75},{"time":0.5667,"color":"ffffff00"}],"attachment":[{"time":0.3,"name":"tx/冰剑/12"}]},"tx/冰剑/22":{"color":[{"time":0.3,"color":"ffffffcf","curve":0.379,"c2":0.6,"c3":0.724},{"time":0.3333,"color":"ffffffff","curve":0.25,"c3":0.75},{"time":0.4333,"color":"ffffff00","curve":"stepped"},{"time":0.4667,"color":"ffffff00","curve":0.242,"c3":0.667,"c4":0.67},{"time":0.5667,"color":"ffffffcf","curve":0.379,"c2":0.6,"c3":0.724},{"time":1,"color":"ffffff00"}],"attachment":[{"time":0.3,"name":"tx/冰剑/12"}]},"tx/冰剑/23":{"color":[{"time":0.4,"color":"ffffffff"},{"time":0.5333,"color":"66f0ffa6"},{"time":0.6667,"color":"ffffffff"},{"time":1.1333,"color":"ffffff00"}],"attachment":[{"time":0.4,"name":"tx/冰剑/13"}]},"tx/冰剑/24":{"color":[{"time":0.4,"color":"ffffff00","curve":0.25,"c3":0.75},{"time":0.5333,"color":"ffffffff","curve":0.25,"c3":0.75},{"time":0.6667,"color":"ffffff00"}],"attachment":[{"time":0.4,"name":"tx/冰剑/12"}]},"tx/冰剑/25":{"color":[{"time":0.4,"color":"ffffffcf","curve":0.379,"c2":0.6,"c3":0.724},{"time":0.4333,"color":"ffffffff","curve":0.25,"c3":0.75},{"time":0.5333,"color":"ffffff00","curve":"stepped"},{"time":0.5667,"color":"ffffff00","curve":0.242,"c3":0.667,"c4":0.67},{"time":0.6667,"color":"ffffffcf","curve":0.379,"c2":0.6,"c3":0.724},{"time":1.1333,"color":"ffffff00"}],"attachment":[{"time":0.4,"name":"tx/冰剑/12"}]},"tx/冰剑/26":{"color":[{"time":0.5,"color":"ffffffff"},{"time":0.6333,"color":"66f0ffa6"},{"time":0.7667,"color":"ffffffff"},{"time":1.1667,"color":"ffffff00"}],"attachment":[{"time":0.5,"name":"tx/冰剑/13"}]},"tx/冰剑/27":{"color":[{"time":0.5,"color":"ffffff00","curve":0.25,"c3":0.75},{"time":0.6333,"color":"ffffffff","curve":0.25,"c3":0.75},{"time":0.7667,"color":"ffffff00"}],"attachment":[{"time":0.5,"name":"tx/冰剑/12"}]},"tx/冰剑/28":{"color":[{"time":0.5,"color":"ffffffcf","curve":0.379,"c2":0.6,"c3":0.724},{"time":0.5333,"color":"ffffffff","curve":0.25,"c3":0.75},{"time":0.6333,"color":"ffffff00","curve":"stepped"},{"time":0.6667,"color":"ffffff00","curve":0.242,"c3":0.667,"c4":0.67},{"time":0.7667,"color":"ffffffcf","curve":0.379,"c2":0.6,"c3":0.724},{"time":1.1667,"color":"ffffff00"}],"attachment":[{"time":0.5,"name":"tx/冰剑/12"}]},"tx/冰剑/bing7":{"color":[{"time":1,"color":"ffffffff"},{"time":1.3333,"color":"ffffff00"}],"attachment":[{"time":0.2,"name":"tx/冰剑/bing7"},{"time":0.4667,"name":"tx/冰剑/bing8"}]},"tx/炸点2/1_0":{"attachment":[{"time":0.3333,"name":"tx/炸点2/2 (1)"},{"time":0.3667,"name":"tx/炸点2/2 (2)"},{"time":0.4,"name":"tx/炸点2/2 (3)"},{"time":0.4333,"name":"tx/炸点2/2 (4)"},{"time":0.4667,"name":"tx/炸点2/2 (5)"},{"time":0.5,"name":"tx/炸点2/2 (6)"},{"time":0.5333,"name":"tx/炸点2/2 (7)"},{"time":0.5667,"name":"tx/炸点2/2 (8)"},{"time":0.6,"name":null}]},"tx/炸点2/1_00000":{"attachment":[{"time":0.2333,"name":"tx/炸点2/2 (1)"},{"time":0.2667,"name":"tx/炸点2/2 (2)"},{"time":0.3,"name":"tx/炸点2/2 (3)"},{"time":0.3333,"name":"tx/炸点2/2 (4)"},{"time":0.3667,"name":"tx/炸点2/2 (5)"},{"time":0.4,"name":"tx/炸点2/2 (6)"},{"time":0.4333,"name":"tx/炸点2/2 (7)"},{"time":0.4667,"name":"tx/炸点2/2 (8)"},{"time":0.5,"name":null}]},"tx/炸点2/1_1":{"attachment":[{"time":0.4333,"name":"tx/炸点2/2 (1)"},{"time":0.4667,"name":"tx/炸点2/2 (2)"},{"time":0.5,"name":"tx/炸点2/2 (3)"},{"time":0.5333,"name":"tx/炸点2/2 (4)"},{"time":0.5667,"name":"tx/炸点2/2 (5)"},{"time":0.6,"name":"tx/炸点2/2 (6)"},{"time":0.6333,"name":"tx/炸点2/2 (7)"},{"time":0.6667,"name":"tx/炸点2/2 (8)"},{"time":0.7,"name":null}]},"tx/炸点2/1_2":{"attachment":[{"time":0.5333,"name":"tx/炸点2/2 (1)"},{"time":0.5667,"name":"tx/炸点2/2 (2)"},{"time":0.6,"name":"tx/炸点2/2 (3)"},{"time":0.6333,"name":"tx/炸点2/2 (4)"},{"time":0.6667,"name":"tx/炸点2/2 (5)"},{"time":0.7,"name":"tx/炸点2/2 (6)"},{"time":0.7333,"name":"tx/炸点2/2 (7)"},{"time":0.7667,"name":"tx/炸点2/2 (8)"},{"time":0.8,"name":null}]},"tx/炸点2/1_3":{"attachment":[{"time":0.6333,"name":"tx/炸点2/2 (1)"},{"time":0.6667,"name":"tx/炸点2/2 (2)"},{"time":0.7,"name":"tx/炸点2/2 (3)"},{"time":0.7333,"name":"tx/炸点2/2 (4)"},{"time":0.7667,"name":"tx/炸点2/2 (5)"},{"time":0.8,"name":"tx/炸点2/2 (6)"},{"time":0.8333,"name":"tx/炸点2/2 (7)"},{"time":0.8667,"name":"tx/炸点2/2 (8)"},{"time":0.9,"name":null}]},"tx/炸点2/1_4":{"attachment":[{"time":0.7333,"name":"tx/炸点2/2 (1)"},{"time":0.7667,"name":"tx/炸点2/2 (2)"},{"time":0.8,"name":"tx/炸点2/2 (3)"},{"time":0.8333,"name":"tx/炸点2/2 (4)"},{"time":0.8667,"name":"tx/炸点2/2 (5)"},{"time":0.9,"name":"tx/炸点2/2 (6)"},{"time":0.9333,"name":"tx/炸点2/2 (7)"},{"time":0.9667,"name":"tx/炸点2/2 (8)"},{"time":1,"name":null}]},"tx/炸点6/1_5":{"color":[{"color":"ffffffff"},{"time":0.1,"color":"ffffffa0"}],"attachment":[{"time":0.1,"name":"tx/炸点6/3 (1)"},{"time":0.1667,"name":"tx/炸点6/3 (2)"},{"time":0.2333,"name":"tx/炸点6/3 (1)"},{"time":0.3,"name":"tx/炸点6/3 (2)"},{"time":0.3667,"name":null}]},"tx/炸点6/1_6":{"color":[{"color":"ffffffff"},{"time":0.2,"color":"ffffffa0"}],"attachment":[{"time":0.2,"name":"tx/炸点6/3 (1)"},{"time":0.2667,"name":"tx/炸点6/3 (2)"},{"time":0.3333,"name":"tx/炸点6/3 (1)"},{"time":0.4,"name":"tx/炸点6/3 (2)"},{"time":0.4667,"name":null}]},"tx/炸点6/1_7":{"color":[{"color":"ffffffff"},{"time":0.3,"color":"ffffffa0"}],"attachment":[{"time":0.3,"name":"tx/炸点6/3 (1)"},{"time":0.3667,"name":"tx/炸点6/3 (2)"},{"time":0.4333,"name":"tx/炸点6/3 (1)"},{"time":0.5,"name":"tx/炸点6/3 (2)"},{"time":0.5667,"name":null}]},"tx/炸点6/1_8":{"color":[{"color":"ffffffff"},{"time":0.4,"color":"ffffffa0"}],"attachment":[{"time":0.4,"name":"tx/炸点6/3 (1)"},{"time":0.4667,"name":"tx/炸点6/3 (2)"},{"time":0.5333,"name":"tx/炸点6/3 (1)"},{"time":0.6,"name":"tx/炸点6/3 (2)"},{"time":0.6667,"name":null}]},"tx/炸点6/1_9":{"color":[{"color":"ffffffff"},{"time":0.5,"color":"ffffffa0"}],"attachment":[{"time":0.5,"name":"tx/炸点6/3 (1)"},{"time":0.5667,"name":"tx/炸点6/3 (2)"},{"time":0.6333,"name":"tx/炸点6/3 (1)"},{"time":0.7,"name":"tx/炸点6/3 (2)"},{"time":0.7667,"name":null}]},"tx/爆气2/2 (1)":{"attachment":[{"time":0.3,"name":"tx/爆气2/3 (1)"},{"time":0.3333,"name":"tx/爆气2/3 (3)"},{"time":0.3667,"name":"tx/爆气2/3 (5)"},{"time":0.4,"name":"tx/爆气2/3 (7)"},{"time":0.4333,"name":"tx/爆气2/3 (9)"},{"time":0.4667,"name":null}]},"tx/爆气2/2 (1)2":{"attachment":[{"time":0.4,"name":"tx/爆气2/3 (1)"},{"time":0.4333,"name":"tx/爆气2/3 (3)"},{"time":0.4667,"name":"tx/爆气2/3 (5)"},{"time":0.5,"name":"tx/爆气2/3 (7)"},{"time":0.5333,"name":"tx/爆气2/3 (9)"},{"time":0.5667,"name":null}]},"tx/爆气2/2 (1)3":{"attachment":[{"time":0.5,"name":"tx/爆气2/3 (1)"},{"time":0.5333,"name":"tx/爆气2/3 (3)"},{"time":0.5667,"name":"tx/爆气2/3 (5)"},{"time":0.6,"name":"tx/爆气2/3 (7)"},{"time":0.6333,"name":"tx/爆气2/3 (9)"},{"time":0.6667,"name":null}]},"tx/爆气2/2 (1)4":{"attachment":[{"time":0.6,"name":"tx/爆气2/3 (1)"},{"time":0.6333,"name":"tx/爆气2/3 (3)"},{"time":0.6667,"name":"tx/爆气2/3 (5)"},{"time":0.7,"name":"tx/爆气2/3 (7)"},{"time":0.7333,"name":"tx/爆气2/3 (9)"},{"time":0.7667,"name":null}]},"tx/爆气2/2 (1)5":{"attachment":[{"time":0.7,"name":"tx/爆气2/3 (1)"},{"time":0.7333,"name":"tx/爆气2/3 (3)"},{"time":0.7667,"name":"tx/爆气2/3 (5)"},{"time":0.8,"name":"tx/爆气2/3 (7)"},{"time":0.8333,"name":"tx/爆气2/3 (9)"},{"time":0.8667,"name":null}]},"tx/爆气2/2 (1)6":{"attachment":[{"time":0.8,"name":"tx/爆气2/3 (1)"},{"time":0.8333,"name":"tx/爆气2/3 (3)"},{"time":0.8667,"name":"tx/爆气2/3 (5)"},{"time":0.9,"name":"tx/爆气2/3 (7)"},{"time":0.9333,"name":"tx/爆气2/3 (9)"},{"time":0.9667,"name":null}]},"tx/爆气3/1_00002":{"attachment":[{"time":0.2667,"name":"tx/爆气3/2 (1)"},{"time":0.3,"name":"tx/爆气3/2 (2)"},{"time":0.3333,"name":"tx/爆气3/2 (3)"},{"time":0.3667,"name":"tx/爆气3/2 (4)"},{"time":0.4,"name":"tx/爆气3/2 (5)"},{"time":0.4333,"name":"tx/爆气3/2 (6)"},{"time":0.4667,"name":"tx/爆气3/2 (7)"},{"time":0.5,"name":"tx/爆气3/2 (8)"},{"time":0.5333,"name":null}]},"tx/爆气3/1_2":{"attachment":[{"time":0.3667,"name":"tx/爆气3/2 (1)"},{"time":0.4,"name":"tx/爆气3/2 (2)"},{"time":0.4333,"name":"tx/爆气3/2 (3)"},{"time":0.4667,"name":"tx/爆气3/2 (4)"},{"time":0.5,"name":"tx/爆气3/2 (5)"},{"time":0.5333,"name":"tx/爆气3/2 (6)"},{"time":0.5667,"name":"tx/爆气3/2 (7)"},{"time":0.6,"name":"tx/爆气3/2 (8)"},{"time":0.6333,"name":null}]},"tx/爆气3/1_3":{"attachment":[{"time":0.4667,"name":"tx/爆气3/2 (1)"},{"time":0.5,"name":"tx/爆气3/2 (2)"},{"time":0.5333,"name":"tx/爆气3/2 (3)"},{"time":0.5667,"name":"tx/爆气3/2 (4)"},{"time":0.6,"name":"tx/爆气3/2 (5)"},{"time":0.6333,"name":"tx/爆气3/2 (6)"},{"time":0.6667,"name":"tx/爆气3/2 (7)"},{"time":0.7,"name":"tx/爆气3/2 (8)"},{"time":0.7333,"name":null}]},"tx/爆气3/1_4":{"attachment":[{"time":0.5667,"name":"tx/爆气3/2 (1)"},{"time":0.6,"name":"tx/爆气3/2 (2)"},{"time":0.6333,"name":"tx/爆气3/2 (3)"},{"time":0.6667,"name":"tx/爆气3/2 (4)"},{"time":0.7,"name":"tx/爆气3/2 (5)"},{"time":0.7333,"name":"tx/爆气3/2 (6)"},{"time":0.7667,"name":"tx/爆气3/2 (7)"},{"time":0.8,"name":"tx/爆气3/2 (8)"},{"time":0.8333,"name":null}]},"tx/爆气3/1_5":{"attachment":[{"time":0.6667,"name":"tx/爆气3/2 (1)"},{"time":0.7,"name":"tx/爆气3/2 (2)"},{"time":0.7333,"name":"tx/爆气3/2 (3)"},{"time":0.7667,"name":"tx/爆气3/2 (4)"},{"time":0.8,"name":"tx/爆气3/2 (5)"},{"time":0.8333,"name":"tx/爆气3/2 (6)"},{"time":0.8667,"name":"tx/爆气3/2 (7)"},{"time":0.9,"name":"tx/爆气3/2 (8)"},{"time":0.9333,"name":null}]},"tx/爆气3/1_6":{"attachment":[{"time":0.7667,"name":"tx/爆气3/2 (1)"},{"time":0.8,"name":"tx/爆气3/2 (2)"},{"time":0.8333,"name":"tx/爆气3/2 (3)"},{"time":0.8667,"name":"tx/爆气3/2 (4)"},{"time":0.9,"name":"tx/爆气3/2 (5)"},{"time":0.9333,"name":"tx/爆气3/2 (6)"},{"time":0.9667,"name":"tx/爆气3/2 (7)"},{"time":1,"name":"tx/爆气3/2 (8)"},{"time":1.0333,"name":null}]},"tx/石头1/1_00003":{"attachment":[{"time":0.3,"name":"tx/石头1/1_00003"},{"time":0.3333,"name":"tx/石头1/1_00005"},{"time":0.3667,"name":"tx/石头1/1_00007"},{"time":0.4,"name":"tx/石头1/1_00009"},{"time":0.4333,"name":"tx/石头1/1_00011"},{"time":0.4667,"name":"tx/石头1/1_00013"},{"time":0.5,"name":null}]},"tx/石头1/1_3":{"attachment":[{"time":0.4,"name":"tx/石头1/1_00003"},{"time":0.4333,"name":"tx/石头1/1_00005"},{"time":0.4667,"name":"tx/石头1/1_00007"},{"time":0.5,"name":"tx/石头1/1_00009"},{"time":0.5333,"name":"tx/石头1/1_00011"},{"time":0.5667,"name":"tx/石头1/1_00013"},{"time":0.6,"name":null}]},"tx/石头1/1_4":{"attachment":[{"time":0.5,"name":"tx/石头1/1_00003"},{"time":0.5333,"name":"tx/石头1/1_00005"},{"time":0.5667,"name":"tx/石头1/1_00007"},{"time":0.6,"name":"tx/石头1/1_00009"},{"time":0.6333,"name":"tx/石头1/1_00011"},{"time":0.6667,"name":"tx/石头1/1_00013"},{"time":0.7,"name":null}]},"tx/石头1/1_5":{"attachment":[{"time":0.6,"name":"tx/石头1/1_00003"},{"time":0.6333,"name":"tx/石头1/1_00005"},{"time":0.6667,"name":"tx/石头1/1_00007"},{"time":0.7,"name":"tx/石头1/1_00009"},{"time":0.7333,"name":"tx/石头1/1_00011"},{"time":0.7667,"name":"tx/石头1/1_00013"},{"time":0.8,"name":null}]},"tx/石头1/1_6":{"attachment":[{"time":0.7,"name":"tx/石头1/1_00003"},{"time":0.7333,"name":"tx/石头1/1_00005"},{"time":0.7667,"name":"tx/石头1/1_00007"},{"time":0.8,"name":"tx/石头1/1_00009"},{"time":0.8333,"name":"tx/石头1/1_00011"},{"time":0.8667,"name":"tx/石头1/1_00013"},{"time":0.9,"name":null}]},"tx/石头1/1_7":{"attachment":[{"time":0.8,"name":"tx/石头1/1_00003"},{"time":0.8333,"name":"tx/石头1/1_00005"},{"time":0.8667,"name":"tx/石头1/1_00007"},{"time":0.9,"name":"tx/石头1/1_00009"},{"time":0.9333,"name":"tx/石头1/1_00011"},{"time":0.9667,"name":"tx/石头1/1_00013"},{"time":1,"name":null}]},"斯巴达人物拆分小/武器/gongjian1-2":{"color":[{"time":0.5,"color":"ffffffff"},{"time":0.8333,"color":"ffffff00"}],"attachment":[{"name":"tx/冰剑/bing7"},{"time":0.2667,"name":"tx/冰剑/bing8"}]},"斯巴达人物拆分小/武器/gongjian1-3":{"color":[{"time":0.6,"color":"ffffffff"},{"time":0.9333,"color":"ffffff00"}],"attachment":[{"time":0.1,"name":"tx/冰剑/bing7"},{"time":0.3667,"name":"tx/冰剑/bing8"}]},"斯巴达人物拆分小/武器/gongjian1-5":{"color":[{"time":0.8,"color":"ffffffff"},{"time":1.1333,"color":"ffffff00"}],"attachment":[{"time":0.3,"name":"tx/冰剑/bing7"},{"time":0.5667,"name":"tx/冰剑/bing8"}]},"斯巴达人物拆分小/武器/gongjian1-6":{"color":[{"time":0.9,"color":"ffffffff"},{"time":1.2333,"color":"ffffff00"}],"attachment":[{"time":0.4,"name":"tx/冰剑/bing7"},{"time":0.6667,"name":"tx/冰剑/bing8"}]},"斯巴达人物拆分小/武器/gongjian1-7":{"color":[{"time":1,"color":"ffffffff"},{"time":1.3333,"color":"ffffff00"}],"attachment":[{"time":0.5,"name":"tx/冰剑/bing7"},{"time":0.7667,"name":"tx/冰剑/bing8"}]}},"bones":{"jian":{"rotate":[{"angle":-90}],"translate":[{"x":-12.25,"y":1293.7},{"time":0.2333,"x":-12.25,"y":157.97,"curve":"stepped"},{"time":0.2667,"x":-12.25,"y":129.17}],"scale":[{},{"time":0.1333,"y":0},{"time":0.2667}]},"root":{"translate":[{"x":167.99}]},"tx/炸点2/1_00000":{"translate":[{"time":0.2333,"y":47.54}]},"tx/爆气2/2 (1)":{"translate":[{"time":0.3,"x":-15.29,"y":57.88}]},"tx/爆气3/1_00002":{"translate":[{"time":0.2667,"x":-17.47,"y":50.23}]},"tx/石头1/1_00003":{"translate":[{"time":0.3,"y":54.34}]},"jian2":{"rotate":[{"time":0.1,"angle":-90}],"translate":[{"y":54.65},{"time":0.1,"x":110.21,"y":1402.76},{"time":0.3333,"x":110.21,"y":219.02,"curve":"stepped"},{"time":0.3667,"x":110.21,"y":190.22}],"scale":[{"time":0.1},{"time":0.2333,"y":0},{"time":0.3667}]},"3":{"scale":[{"time":0.1},{"time":0.1667,"x":0.804,"y":1.154},{"time":0.2333},{"time":0.3,"x":0.804,"y":1.154},{"time":0.3667}]},"jian3":{"rotate":[{"time":0.2,"angle":-90}],"translate":[{"time":0.2,"x":-77.56,"y":1394.54},{"time":0.4333,"x":-77.56,"y":210.8,"curve":"stepped"},{"time":0.4667,"x":-77.56,"y":181.99}],"scale":[{"time":0.2},{"time":0.3333,"y":0},{"time":0.4667}]},"5":{"scale":[{"time":0.2},{"time":0.2667,"x":0.804,"y":1.154},{"time":0.3333},{"time":0.4,"x":0.804,"y":1.154},{"time":0.4667}]},"jian4":{"rotate":[{"time":0.3,"angle":-90}],"translate":[{"y":-37.62},{"time":0.3,"x":57.15,"y":1310.49},{"time":0.5333,"x":57.15,"y":126.75,"curve":"stepped"},{"time":0.5667,"x":57.15,"y":97.94}],"scale":[{"time":0.3},{"time":0.4333,"y":0},{"time":0.5667}]},"7":{"scale":[{"time":0.3},{"time":0.3667,"x":0.804,"y":1.154},{"time":0.4333},{"time":0.5,"x":0.804,"y":1.154},{"time":0.5667}]},"jian5":{"rotate":[{"time":0.4,"angle":-90}],"translate":[{"y":-54.42},{"time":0.4,"x":-118.38,"y":1341.71},{"time":0.6333,"x":-118.38,"y":157.97,"curve":"stepped"},{"time":0.6667,"x":-118.38,"y":129.17}],"scale":[{"time":0.4},{"time":0.5333,"y":0},{"time":0.6667}]},"9":{"scale":[{"time":0.4},{"time":0.4667,"x":0.804,"y":1.154},{"time":0.5333},{"time":0.6,"x":0.804,"y":1.154},{"time":0.6667}]},"jian6":{"rotate":[{"time":0.5,"angle":-90}],"translate":[{"y":-54.42},{"time":0.5,"x":16.33,"y":1341.71},{"time":0.7333,"x":16.33,"y":157.97,"curve":"stepped"},{"time":0.7667,"x":16.33,"y":129.17}],"scale":[{"time":0.5},{"time":0.6333,"y":0},{"time":0.7667}]},"11":{"scale":[{"time":0.5},{"time":0.5667,"x":0.804,"y":1.154},{"time":0.6333},{"time":0.7,"x":0.804,"y":1.154},{"time":0.7667}]},"4":{"translate":[{"x":111.62,"y":54.65}]},"6":{"translate":[{"x":-78.58,"y":46.42}]},"8":{"translate":[{"x":57.15,"y":-37.62}]},"10":{"translate":[{"x":-118.77}]},"12":{"translate":[{"x":16.97}]},"X13":{"translate":[{"time":0.3},{"time":0.4333,"x":-16.53},{"time":0.5667}],"scale":[{"time":0.3,"x":1.168,"y":0.656},{"time":0.4333,"x":1.179,"y":0.603},{"time":0.5667,"y":0.656}]},"X15":{"rotate":[{"time":0.3,"angle":11.83},{"time":0.4333,"angle":27.6,"curve":"stepped"},{"time":0.4667},{"time":0.5667,"angle":11.83}],"translate":[{"time":0.3,"x":-125.97,"y":13.23},{"time":0.4333,"x":-161.7,"y":19.92,"curve":"stepped"},{"time":0.4667,"x":-99.17,"y":8.22},{"time":0.5667,"x":-125.97,"y":13.23}],"scale":[{"time":0.3,"x":0.6,"y":0.6}]},"X16":{"rotate":[{"angle":-90}],"translate":[{"time":0.4,"x":-277.68,"y":1185.03},{"time":0.6333,"x":-277.68,"y":-3.91}]},"X12":{"rotate":[{"angle":-90}],"translate":[{"y":-37.62},{"time":0.3,"x":-97.77,"y":1143.5},{"time":0.5667,"x":-97.78,"y":-25.89}]},"X8":{"rotate":[{"angle":-90}],"translate":[{"time":0.2,"x":-238.57,"y":1231.45},{"time":0.4333,"x":-238.57,"y":62.06}]},"X2":{"rotate":[{},{"time":0.2667,"angle":-24}],"translate":[{"x":-35.78,"y":-11.5},{"time":0.2667,"x":-85.63,"y":-18.53}],"scale":[{"x":0.5,"y":0.5}]},"X19":{"rotate":[{"time":0.4,"angle":11.83},{"time":0.5333,"angle":27.6,"curve":"stepped"},{"time":0.5667},{"time":0.6667,"angle":11.83}],"translate":[{"time":0.4,"x":-125.97,"y":13.23},{"time":0.5333,"x":-161.7,"y":19.92,"curve":"stepped"},{"time":0.5667,"x":-99.17,"y":8.22},{"time":0.6667,"x":-125.97,"y":13.23}],"scale":[{"time":0.4,"x":0.6,"y":0.6}]},"X3":{"rotate":[{"angle":11.83},{"time":0.1333,"angle":27.6,"curve":"stepped"},{"time":0.1667},{"time":0.2667,"angle":11.83}],"translate":[{"x":-125.97,"y":13.23},{"time":0.1333,"x":-161.7,"y":19.92,"curve":"stepped"},{"time":0.1667,"x":-99.17,"y":8.22},{"time":0.2667,"x":-125.97,"y":13.23}],"scale":[{"x":0.6,"y":0.6}]},"X4":{"rotate":[{"angle":-90}],"translate":[{"y":54.65},{"time":0.1,"x":-44.34,"y":1255.07},{"time":0.3333,"x":-44.34,"y":69.5}]},"X1":{"translate":[{},{"time":0.1333,"x":-16.53},{"time":0.2667}],"scale":[{"x":1.168,"y":0.656},{"time":0.1333,"x":1.179,"y":0.603},{"time":0.2667,"y":0.656}]},"X23":{"rotate":[{"time":0.5,"angle":11.83},{"time":0.6333,"angle":27.6,"curve":"stepped"},{"time":0.6667},{"time":0.7667,"angle":11.83}],"translate":[{"time":0.5,"x":-125.97,"y":13.23},{"time":0.6333,"x":-161.7,"y":19.92,"curve":"stepped"},{"time":0.6667,"x":-99.17,"y":8.22},{"time":0.7667,"x":-125.97,"y":13.23}],"scale":[{"time":0.5,"x":0.6,"y":0.6}]},"X18":{"rotate":[{"time":0.4},{"time":0.6667,"angle":-24}],"translate":[{"time":0.4,"x":-35.78,"y":-11.5},{"time":0.6667,"x":-85.63,"y":-18.53}],"scale":[{"time":0.4,"x":0.5,"y":0.5}]},"X0":{"rotate":[{"angle":-90}],"translate":[{"x":-170.02,"y":1131.09},{"time":0.2333,"x":-170.02,"y":5.56}]},"X17":{"translate":[{"time":0.4},{"time":0.5333,"x":-16.53},{"time":0.6667}],"scale":[{"time":0.4,"x":1.168,"y":0.656},{"time":0.5333,"x":1.179,"y":0.603},{"time":0.6667,"y":0.656}]},"X21":{"translate":[{"time":0.5},{"time":0.6333,"x":-16.53},{"time":0.7667}],"scale":[{"time":0.5,"x":1.168,"y":0.656},{"time":0.6333,"x":1.179,"y":0.603},{"time":0.7667,"y":0.656}]},"X22":{"rotate":[{"time":0.5},{"time":0.7667,"angle":-24}],"translate":[{"time":0.5,"x":-35.78,"y":-11.5},{"time":0.7667,"x":-85.63,"y":-18.53}],"scale":[{"time":0.5,"x":0.5,"y":0.5}]},"X6":{"rotate":[{"time":0.1},{"time":0.3667,"angle":-24}],"translate":[{"time":0.1,"x":-35.78,"y":-11.5},{"time":0.3667,"x":-85.63,"y":-18.53}],"scale":[{"time":0.1,"x":0.5,"y":0.5}]},"X5":{"translate":[{"time":0.1},{"time":0.2333,"x":-16.53},{"time":0.3667}],"scale":[{"time":0.1,"x":1.168,"y":0.656},{"time":0.2333,"x":1.179,"y":0.603},{"time":0.3667,"y":0.656}]},"X9":{"translate":[{"time":0.2},{"time":0.3333,"x":-16.53},{"time":0.4667}],"scale":[{"time":0.2,"x":1.168,"y":0.656},{"time":0.3333,"x":1.179,"y":0.603},{"time":0.4667,"y":0.656}]},"X10":{"rotate":[{"time":0.2},{"time":0.4667,"angle":-24}],"translate":[{"time":0.2,"x":-35.78,"y":-11.5},{"time":0.4667,"x":-85.63,"y":-18.53}],"scale":[{"time":0.2,"x":0.5,"y":0.5}]},"X7":{"rotate":[{"time":0.1,"angle":11.83},{"time":0.2333,"angle":27.6,"curve":"stepped"},{"time":0.2667},{"time":0.3667,"angle":11.83}],"translate":[{"time":0.1,"x":-125.97,"y":13.23},{"time":0.2333,"x":-161.7,"y":19.92,"curve":"stepped"},{"time":0.2667,"x":-99.17,"y":8.22},{"time":0.3667,"x":-125.97,"y":13.23}],"scale":[{"time":0.1,"x":0.6,"y":0.6}]},"X11":{"rotate":[{"time":0.2,"angle":11.83},{"time":0.3333,"angle":27.6,"curve":"stepped"},{"time":0.3667},{"time":0.4667,"angle":11.83}],"translate":[{"time":0.2,"x":-125.97,"y":13.23},{"time":0.3333,"x":-161.7,"y":19.92,"curve":"stepped"},{"time":0.3667,"x":-99.17,"y":8.22},{"time":0.4667,"x":-125.97,"y":13.23}],"scale":[{"time":0.2,"x":0.6,"y":0.6}]},"X14":{"rotate":[{"time":0.3},{"time":0.5667,"angle":-24}],"translate":[{"time":0.3,"x":-35.78,"y":-11.5},{"time":0.5667,"x":-85.63,"y":-18.53}],"scale":[{"time":0.3,"x":0.5,"y":0.5}]},"X20":{"rotate":[{"angle":-90}],"translate":[{"time":0.5,"x":-136.88,"y":1192.85},{"time":0.7333,"x":-136.89,"y":-3.91}]},"TXB01":{"translate":[{"y":-54.42},{"time":0.2333,"x":-171.67,"y":-6.4}],"scale":[{"time":0.2333},{"time":0.2667,"x":1.432,"y":1.903,"curve":"stepped"},{"time":0.3,"x":1.432,"y":1.903},{"time":0.3333}]},"TXB1":{"translate":[{"y":54.65},{"time":0.3333,"x":-48.24,"y":54.65}],"scale":[{"time":0.3333},{"time":0.3667,"x":1.432,"y":1.903,"curve":"stepped"},{"time":0.4,"x":1.432,"y":1.903},{"time":0.4333}]},"TXB2":{"translate":[{"time":0.4333,"x":-232.83,"y":46.42}],"scale":[{"time":0.4333},{"time":0.4667,"x":1.432,"y":1.903,"curve":"stepped"},{"time":0.5,"x":1.432,"y":1.903},{"time":0.5333}]},"TXB3":{"translate":[{"y":-37.62},{"time":0.5333,"x":-102.73,"y":-37.62}],"scale":[{"time":0.5333},{"time":0.5667,"x":1.432,"y":1.903,"curve":"stepped"},{"time":0.6,"x":1.432,"y":1.903},{"time":0.6333}]},"TXB4":{"translate":[{"time":0.6333,"x":-278.43}],"scale":[{"time":0.6333},{"time":0.6667,"x":1.432,"y":1.903,"curve":"stepped"},{"time":0.7,"x":1.432,"y":1.903},{"time":0.7333}]},"TXB5":{"translate":[{"time":0.7333,"x":-141.65}],"scale":[{"time":0.7333},{"time":0.7667,"x":1.432,"y":1.903,"curve":"stepped"},{"time":0.8,"x":1.432,"y":1.903},{"time":0.8333}]},"02":{"translate":[{"y":-54.42}]}}}}}