{"skeleton":{"hash":"/ffZA4s6HnO921KlwD9ycYRxv50","spine":"3.8.99","x":-12.32,"y":-64.58,"width":54,"height":71,"images":"../","audio":"D:/work/CryptoGladiator/美术资源/角色/斯巴达人物拆分/斯巴达(标准)"},"bones":[{"name":"root"}],"slots":[{"name":"xiaobizuo","bone":"root","attachment":"斯巴达人物拆分小/斯巴达(标准)/xiaobizuo"}],"skins":[{"name":"a1","attachments":{"xiaobizuo":{"斯巴达人物拆分小/斯巴达(标准)/xiaobizuo":{"x":14.68,"y":-29.08,"width":55,"height":72}}}},{"name":"a2","attachments":{"xiaobizuo":{"斯巴达人物拆分小/斯巴达(标准)/xiaobizuo":{"name":"斯巴达人物拆分小/斯巴达(标准伤疤)/xiaobizuo","x":13.34,"y":-28.95,"width":54,"height":71}}}},{"name":"a3","attachments":{"xiaobizuo":{"斯巴达人物拆分小/斯巴达(标准)/xiaobizuo":{"name":"斯巴达人物拆分小/斯巴达(标准无肌肉)/xiaobizuo","x":14.68,"y":-29.08,"width":54,"height":71}}}},{"name":"a4","attachments":{"xiaobizuo":{"斯巴达人物拆分小/斯巴达(标准)/xiaobizuo":{"name":"斯巴达人物拆分小/斯巴达(标准肌肉)/xiaobizuo","x":14.68,"y":-29.08,"width":54,"height":71}}}}],"animations":{"a":{}}}