{"skeleton":{"hash":"DMmJIPFi9tDUU7Ue01T21omMOUM","spine":"3.8.99","x":-255.46,"y":44.23,"width":484,"height":528,"images":"./小角斗士json/","audio":"D:/work/CryptoGladiator/美术资源/切图2/过场/小角斗士json"},"bones":[{"name":"root"},{"name":"shenti","parent":"root","length":92.01,"rotation":88.27,"x":-3.74,"y":179.78},{"name":"tou","parent":"shenti","length":123.05,"rotation":3.53,"x":95.83,"y":1.78},{"name":"dabiyou","parent":"shenti","length":88.63,"rotation":102.58,"x":94.76,"y":56.24},{"name":"xiaobiyou","parent":"dabiyou","length":52.64,"rotation":98.67,"x":86.96,"y":-1.52},{"name":"shouyou","parent":"xiaobiyou","length":46.46,"rotation":16.79,"x":53.86,"y":-3.3},{"name":"dabizuo","parent":"shenti","length":86.75,"rotation":-97.25,"x":74.95,"y":-19.92},{"name":"xiaobizuo","parent":"dabizuo","length":44.79,"rotation":94.35,"x":85.27,"y":0.68},{"name":"shouzuo","parent":"xiaobizuo","length":47.81,"rotation":4.62,"x":45.73,"y":-0.38},{"name":"han2","parent":"root","length":55.81,"rotation":23.41,"x":125.93,"y":438.68},{"name":"han3","parent":"root","length":28.43,"rotation":58.67,"x":54.38,"y":543.15},{"name":"han1","parent":"root","length":55.12,"rotation":156.87,"x":-140.98,"y":490.35},{"name":"datuiyou","parent":"shenti","length":81.15,"rotation":-119.72,"x":-12.91,"y":28.41},{"name":"xiaotuiyou","parent":"datuiyou","length":66.65,"rotation":-20.73,"x":83.54,"y":-0.35},{"name":"jiaoyou","parent":"xiaotuiyou","length":49.19,"rotation":110.49,"x":66.65},{"name":"datuizuo","parent":"shenti","length":101.18,"rotation":143.18,"x":-3.7,"y":-29.67},{"name":"xiaotuizuo","parent":"datuizuo","length":44.24,"rotation":-47.65,"x":101.22,"y":-0.06},{"name":"jiaozuo","parent":"xiaotuizuo","length":49.01,"rotation":15.62,"x":42.8,"y":-4.63}],"slots":[{"name":"datuizuo","bone":"datuizuo","attachment":"datuizuo"},{"name":"jiaozuo","bone":"jiaozuo","attachment":"jiaozuo"},{"name":"xiaotuizuo","bone":"xiaotuizuo","attachment":"xiaotuizuo"},{"name":"datuiyou2","bone":"shenti","attachment":"datuiyou"},{"name":"datuiyou","bone":"datuiyou","attachment":"datuiyou"},{"name":"xiaotuiyou","bone":"xiaotuiyou","attachment":"xiaotuiyou"},{"name":"jiaoyou","bone":"jiaoyou","attachment":"jiaoyou"},{"name":"dabizuo","bone":"dabizuo","attachment":"dabizuo"},{"name":"xiaobizuo","bone":"xiaobizuo","attachment":"xiaobizuo"},{"name":"shouzuo","bone":"shouzuo","attachment":"shouzuo"},{"name":"jianbing","bone":"shouzuo","attachment":"jianbing"},{"name":"jian","bone":"shouzuo","attachment":"jian"},{"name":"shenti","bone":"shenti","attachment":"shenti"},{"name":"dabiyou","bone":"dabiyou","attachment":"dabiyou"},{"name":"tou","bone":"tou","attachment":"tou"},{"name":"han3","bone":"han3","attachment":"han3"},{"name":"han2","bone":"han2","attachment":"han2"},{"name":"han1","bone":"han1","attachment":"han1"},{"name":"xiaobiyou","bone":"xiaobiyou","attachment":"xiaobiyou"},{"name":"shouyou","bone":"shouyou","attachment":"shouyou"}],"skins":[{"name":"default","attachments":{"dabiyou":{"dabiyou":{"x":44.91,"y":-4.06,"rotation":169.15,"width":129,"height":79}},"dabizuo":{"dabizuo":{"x":46.84,"y":8.55,"rotation":8.97,"width":121,"height":76}},"datuiyou":{"datuiyou":{"type":"mesh","uvs":[1,1,0.60987,1,0,1,0,0.46908,0,0.25116,0,0,0.25699,0,1,0,0.22262,0.19512,0.48524,0.25116,0.69424,0.3321,0.53199,0.10484,0.23362,0.357,0.49762,0.3321,0.89495,0.54368,0.7954,0.7281,0.64607,0.96032],"triangles":[15,10,14,15,13,10,12,9,13,4,8,12,3,4,12,14,10,7,15,16,13,2,3,12,16,12,13,1,12,16,2,12,1,14,7,0,15,14,0,16,15,0,1,16,0,10,11,7,10,13,9,11,6,7,8,5,6,9,8,6,11,9,6,4,5,8,10,9,11,12,8,9],"vertices":[1,12,122.72,-14.63,1,1,12,82.78,-39.05,1,1,12,20.34,-77.23,1,1,12,-9.02,-29.22,1,2,1,-10.72,51.43,0.272,12,-21.07,-9.51,0.728,1,1,15.89,52.23,1,1,1,16.81,21.4,1,1,12,67.42,75.8,1,2,1,-3.98,24.9,0.56,12,-1.38,9.49,0.44,2,1,-8.97,-6.78,0.792,12,28.61,20.87,0.208,1,12,54.48,26.63,1,1,1,6.7,-11.92,1,2,1,-21.1,23.07,0.168,12,8.7,-4.46,0.832,2,1,-17.5,-8.52,0.432,12,34.35,14.32,0.568,1,12,86.73,20.06,1,1,12,86.74,-2.85,1,1,12,84.29,-33.2,1],"hull":8,"edges":[0,14,8,10,10,12,12,14,4,6,6,8,0,2,2,4],"width":120,"height":106}},"datuiyou2":{"datuiyou":{"type":"mesh","uvs":[1,0.7128,1,0.78785,1,1,0.7873,1,0,1,0,0.4403,0,0,0.30744,0,1,0,0.54979,0.10133,0.67765,0.29576,0.70628,0.3865,0.86085,0.5334,0.96995,0.62238,0.07244,0.62544,0.20982,0.7543,0.43143,0.87375,0.72057,0.97151,0.89066,0.9567,0.27199,0.66385,0.4358,0.75327,0.63946,0.80709,0.61031,0.38615,0.65107,0.45852,0.67679,0.5546,0.70461,0.68406],"triangles":[21,20,25,17,21,25,18,17,25,3,17,18,1,18,0,18,25,0,10,9,8,22,9,10,11,10,8,22,10,11,20,19,22,23,20,22,20,15,19,16,20,21,16,15,20,16,21,17,4,16,17,4,15,16,9,7,8,23,22,11,12,11,8,24,23,11,24,11,12,19,14,5,22,19,7,22,7,9,24,20,23,20,24,25,15,14,19,4,5,14,4,14,15,3,4,17,5,6,7,13,12,8,0,13,8,7,19,5,25,24,12,13,25,12,25,13,0,18,1,2,3,18,2],"vertices":[2,15,38.33,26.48,0.464,1,-50.26,-27.9,0.536,2,15,44.11,23.91,0.464,1,-53.35,-22.38,0.536,1,1,-86.45,-70.91,1,2,15,53.73,20.29,0.424,1,-58.87,-13.72,0.576,2,12,20.34,-77.23,0.272,1,-90.07,49.04,0.728,2,12,-10.61,-26.62,0.272,1,-30.77,50.82,0.728,1,1,15.89,52.23,1,1,1,17,15.35,1,1,1,19.5,-67.72,1,1,1,9.51,-38.74,1,1,1,1.37,-53.3,1,2,15,1.74,24.96,0.24,1,-20.06,-48.61,0.76,2,15,19.93,29.4,0.472,1,-37.27,-41.26,0.528,2,15,31.91,30.07,0.44,1,-47.27,-34.62,0.56,2,12,7.04,-38.82,0.272,1,-50.12,41.54,0.728,2,12,28.64,-40.99,0.272,1,-62.71,23.86,0.728,2,12,42.49,-35.33,0.376,1,-64.66,9.03,0.624,2,15,63.5,12.87,0.424,1,-62.25,-1.92,0.576,2,15,47.84,22.53,0.456,1,-55.5,-19.04,0.544,2,12,30.71,-27.99,0.256,1,-52.45,15.62,0.744,2,15,59.27,6.89,0.424,1,-55.28,0.33,0.576,2,15,50.71,13.7,0.424,1,-52.51,-10.25,0.576,1,1,-4.06,-37.67,1,2,15,5.95,14.27,0.24,1,-17.02,-37.53,0.76,2,15,18.62,19.09,0.472,1,-30.05,-33.8,0.528,2,15,36.2,19.23,0.472,1,-44.21,-23.38,0.528],"hull":9,"edges":[12,14,14,16,14,18,18,20,20,22,22,24,24,26,0,16,26,0,8,10,10,12,10,28,28,30,30,32,32,34,4,6,6,8,34,6,6,36,0,2,2,4,36,2],"width":120,"height":106}},"datuizuo":{"datuizuo":{"type":"mesh","uvs":[1,0.33423,1,1,0.30444,1,0,1,0,0.64063,0,0,0.5386,0,1,0,0.30693,0.35167,0.69304,0.67551,0.46885,0.86732,0.11013,0.55345],"triangles":[6,7,0,8,5,6,8,6,0,11,5,8,4,5,11,9,8,0,10,8,9,11,8,10,4,2,3,11,2,4,11,10,2,9,0,1,10,9,1,2,10,1],"vertices":[8.65,28.28,66.98,74.74,115.52,13.81,136.76,-12.86,105.28,-37.94,49.16,-82.64,11.57,-35.46,-20.63,4.96,58.55,-31.22,59.97,25.21,92.42,18.95,89.96,-34.37],"hull":8,"edges":[10,12,12,14,16,12,2,0,0,14,0,18,18,20,2,4,4,6,20,4,16,22,6,8,8,10,22,8],"width":112,"height":112}},"han1":{"han1":{"x":26.59,"y":-3.74,"rotation":-156.87,"width":53,"height":34}},"han2":{"han2":{"x":33.35,"y":2.51,"rotation":-23.41,"width":66,"height":42}},"han3":{"han3":{"x":16.2,"y":-1.45,"rotation":-58.67,"width":25,"height":32}},"jian":{"jian":{"x":69.21,"y":242.29,"rotation":-90,"width":240,"height":126}},"jianbing":{"jianbing":{"x":8.71,"y":-71.71,"rotation":-90,"width":100,"height":55}},"jiaoyou":{"jiaoyou":{"type":"mesh","uvs":[1,1,0.25341,1,0.13342,1,0.10698,1,0,1,0,0,0.81079,0,0.88641,0,1,0,0.50241,0.87648,0.75741,0.59281,0.91341,0.34102,0.62541,0.26045,0.40941,0.50216,0.22041,0.76234,0.14467,0.73073,0.51704,0.2306],"triangles":[16,5,6,12,16,6,12,6,7,11,7,8,12,7,11,0,11,8,16,15,5,13,16,12,13,12,11,10,13,11,13,15,16,14,15,13,14,13,10,9,14,10,15,4,5,3,4,15,14,3,15,14,2,3,14,1,2,9,1,14,10,11,0,9,10,0,1,9,0],"vertices":[-1.89,-48.29,-20.32,-18.43,-23.28,-13.63,-23.93,-12.57,-26.57,-8.29,44.91,35.82,64.92,3.4,66.79,0.37,69.59,-4.17,-5.34,-22.94,21.23,-20.62,43.08,-15.75,41.73,-0.68,19.12,-2.71,-4.15,-6.63,-3.76,-2.2,41.19,4.97],"hull":9,"edges":[8,10,0,16,0,2,2,18,18,20,20,22,22,16,14,16,14,24,24,26,26,28,2,4,28,4,4,6,6,8,6,30,30,32,10,12,12,14,32,12],"width":47,"height":84}},"jiaozuo":{"jiaozuo":{"x":20.34,"y":-4.42,"rotation":160.56,"width":55,"height":46}},"shenti":{"shenti":{"x":50.83,"y":4.76,"rotation":-88.27,"width":143,"height":145}},"shouyou":{"shouyou":{"x":33.02,"y":2.34,"rotation":53.69,"width":82,"height":78}},"shouzuo":{"shouzuo":{"x":34.21,"y":1.29,"rotation":-90,"width":82,"height":82}},"tou":{"tou":{"x":116.49,"y":10.17,"rotation":-91.81,"width":224,"height":251}},"xiaobiyou":{"xiaobiyou":{"x":34.48,"y":-9.23,"rotation":70.48,"width":77,"height":75}},"xiaobizuo":{"xiaobizuo":{"x":25.81,"y":-5.7,"rotation":-85.38,"width":66,"height":63}},"xiaotuiyou":{"xiaotuiyou":{"type":"mesh","uvs":[1,0.48465,1,1,0.75296,1,0,1,0,0,1,0,0.60035,0.91524,0.72625,0.72583,0.84644,0.31296,0.93228,0.85256,0.38034,0.78756,0.5208,0.51758,0.71745,0.15822],"triangles":[7,11,8,6,10,7,8,5,0,3,6,2,9,7,0,2,6,9,9,0,1,2,9,1,0,7,8,6,7,9,12,4,5,8,12,5,11,4,12,11,12,8,10,4,11,10,11,7,3,4,10,3,10,6],"vertices":[1,14,26.92,0.04,1,1,14,-12.99,-24.59,1,1,14,-21.43,-10.92,1,1,13,54.37,-54.9,1,1,13,-17.51,0.9,1,1,13,22.35,52.25,1,1,14,-20.07,1.57,1,1,14,-1.11,3.66,1,1,14,34.97,16.74,1,1,14,-3.89,-13.8,1,1,13,54.26,-23.52,1,1,13,40.46,-1.24,1,1,13,22.46,28.91,1],"hull":6,"edges":[6,8,8,10,12,14,14,16,2,4,4,6,2,0,0,10],"width":65,"height":91}},"xiaotuizuo":{"xiaotuizuo":{"type":"mesh","uvs":[1,1,0.3324,1,0,1,0,0.85155,0,0.36584,0,0,0.15627,0,0.29393,0,0.47005,0,1,0,0.36883,0.49496,0.18259,0.4181,0.1583,0.90381],"triangles":[2,3,12,3,4,11,4,6,11,11,6,7,4,5,6,12,3,11,2,12,1,12,11,10,11,7,10,1,10,0,0,10,9,10,8,9,1,12,10,10,7,8],"vertices":[1,16,-21.8,31.34,1,2,16,32.82,27.7,0.99507,17,-0.9,33.83,0.00493,1,17,24.8,24.76,1,1,17,22.13,17.2,1,1,17,13.41,-7.53,1,1,17,6.83,-26.16,1,1,17,-5.25,-21.9,1,2,16,32.37,-26.39,0.496,17,-15.9,-18.14,0.504,2,16,17.96,-25.43,0.72789,17,-29.51,-13.34,0.27211,1,16,-25.4,-22.54,1,1,16,28.02,0.69,1,2,16,42.99,-4.47,0.496,17,0.23,0.11,0.504,2,16,46.72,21.57,0.496,17,10.83,24.18,0.504],"hull":10,"edges":[0,18,16,18,0,2,2,4,10,12,8,10,4,6,6,8,12,14,14,16],"width":82,"height":54}}}}],"animations":{"animation":{"slots":{"han1":{"attachment":[{"name":null},{"time":0.1667,"name":"han1"},{"time":0.3333,"name":null}]},"han2":{"attachment":[{"name":null},{"time":0.1667,"name":"han2"},{"time":0.3333,"name":null}]},"han3":{"attachment":[{"name":null},{"time":0.2,"name":"han3"},{"time":0.3667,"name":null}]}},"bones":{"shenti":{"rotate":[{"angle":-7.2,"curve":0.25,"c3":0.75},{"time":0.1667,"angle":-9.6,"curve":0.25,"c3":0.75},{"time":0.3333,"angle":-7.2,"curve":0.25,"c3":0.75},{"time":0.5,"angle":-9.6,"curve":0.25,"c3":0.75},{"time":0.6667,"angle":-7.2}],"translate":[{"y":18.68,"curve":0.25,"c3":0.75},{"time":0.1667,"y":-15.57,"curve":0.25,"c3":0.75},{"time":0.3333,"y":18.68,"curve":0.25,"c3":0.75},{"time":0.5,"y":-15.57,"curve":0.25,"c3":0.75},{"time":0.6667,"y":18.68}]},"datuiyou":{"rotate":[{"curve":0.25,"c3":0.75},{"time":0.2,"angle":-64.62,"curve":0.25,"c3":0.75},{"time":0.2667,"angle":-89.44,"curve":0.25,"c3":0.75},{"time":0.6,"angle":14.34,"curve":0.25,"c3":0.75},{"time":0.6667}],"translate":[{"curve":0.25,"c3":0.75},{"time":0.1,"x":-5.81,"y":-12.75,"curve":0.25,"c3":0.75},{"time":0.1667,"x":7.61,"y":-8.99,"curve":0.25,"c3":0.75},{"time":0.2,"x":0.59,"y":-9.8,"curve":0.25,"c3":0.75},{"time":0.3333,"x":3.62,"y":-7.67,"curve":0.25,"c3":0.75},{"time":0.6667}]},"tou":{"translate":[{"x":1.13,"y":0.1,"curve":0.363,"c2":0.44,"c3":0.755},{"time":0.1,"x":7.6,"y":1.19,"curve":0.25,"c3":0.75},{"time":0.2667,"x":-2.64,"y":-0.53,"curve":0.25,"c3":0.75},{"time":0.4333,"x":7.6,"y":1.19,"curve":0.25,"c3":0.75},{"time":0.6,"x":-2.64,"y":-0.53,"curve":0.258,"c3":0.619,"c4":0.45},{"time":0.6667,"x":1.13,"y":0.1}]},"dabiyou":{"rotate":[{"angle":14.22,"curve":0.25,"c3":0.75},{"time":0.0667,"curve":0.25,"c3":0.75},{"time":0.4,"angle":109.31,"curve":0.25,"c3":0.75},{"time":0.6667,"angle":14.22}]},"xiaobiyou":{"rotate":[{"curve":0.25,"c3":0.75},{"time":0.1667,"angle":-38.39,"curve":0.25,"c3":0.75},{"time":0.4,"angle":-27.05,"curve":0.25,"c3":0.75},{"time":0.6667}]},"dabizuo":{"rotate":[{"curve":0.25,"c3":0.75},{"time":0.3333,"angle":-7.15,"curve":0.25,"c3":0.75},{"time":0.6667}],"translate":[{"x":0.57,"y":-18.89,"curve":0.25,"c3":0.75},{"time":0.3333,"x":5.31,"y":0.16,"curve":0.25,"c3":0.75},{"time":0.6667,"x":0.57,"y":-18.89}]},"xiaobizuo":{"rotate":[{"curve":0.25,"c3":0.75},{"time":0.3333,"angle":5.56,"curve":0.25,"c3":0.75},{"time":0.6667}]},"xiaotuiyou":{"rotate":[{"curve":0.25,"c3":0.75},{"time":0.1,"angle":14.1,"curve":0.25,"c3":0.75},{"time":0.2,"angle":3.51,"curve":0.25,"c3":0.75},{"time":0.3333,"angle":-63.9,"curve":0.25,"c3":0.75},{"time":0.5,"angle":-87.6,"curve":0.25,"c3":0.75},{"time":0.6,"angle":-30.38,"curve":0.25,"c3":0.75},{"time":0.6667}],"translate":[{"curve":0.25,"c3":0.75},{"time":0.3333,"x":5.68,"y":3.4,"curve":0.25,"c3":0.75},{"time":0.5,"x":8.46,"y":4.18,"curve":0.25,"c3":0.75},{"time":0.6667}]},"jiaoyou":{"rotate":[{"curve":0.25,"c3":0.75},{"time":0.1667,"angle":-8.43,"curve":0.25,"c3":0.75},{"time":0.2,"angle":3.1,"curve":0.25,"c3":0.75},{"time":0.3333,"angle":-66.19,"curve":0.25,"c3":0.75},{"time":0.5,"angle":-72.71,"curve":0.25,"c3":0.75},{"time":0.6667}]},"datuizuo":{"rotate":[{"angle":11.36,"curve":0.25,"c3":0.75},{"time":0.2667,"angle":100.38,"curve":0.25,"c3":0.75},{"time":0.3333,"angle":92.95,"curve":0.25,"c3":0.75},{"time":0.5,"angle":30.8,"curve":0.25,"c3":0.75},{"time":0.6,"curve":0.25,"c3":0.75},{"time":0.6667,"angle":11.36}],"translate":[{"curve":0.25,"c3":0.75},{"time":0.3333,"x":-3.23,"y":11.68,"curve":0.25,"c3":0.75},{"time":0.5,"x":7.82,"y":7.73,"curve":0.25,"c3":0.75},{"time":0.5333,"x":-19.83,"y":3.56,"curve":0.25,"c3":0.75},{"time":0.6667}],"scale":[{"curve":0.25,"c3":0.75},{"time":0.3333,"x":0.935,"curve":0.25,"c3":0.75},{"time":0.6667}]},"xiaotuizuo":{"rotate":[{"angle":-9.4,"curve":0.25,"c3":0.75},{"time":0.1667,"angle":-48.15,"curve":0.25,"c3":0.75},{"time":0.3333,"angle":38.8,"curve":0.25,"c3":0.75},{"time":0.5,"angle":39.59,"curve":0.25,"c3":0.75},{"time":0.6667,"angle":-9.4}],"translate":[{"curve":0.25,"c3":0.75},{"time":0.1667,"x":-10.9,"y":-7.32,"curve":0.25,"c3":0.75},{"time":0.3333}],"scale":[{"curve":0.25,"c3":0.75},{"time":0.3333,"x":1.423,"curve":0.25,"c3":0.75},{"time":0.6667}]},"jiaozuo":{"rotate":[{"curve":0.25,"c3":0.75},{"time":0.1667,"angle":9.16,"curve":0.25,"c3":0.75},{"time":0.2667,"angle":37.8,"curve":0.25,"c3":0.75},{"time":0.3333,"angle":71.24,"curve":0.25,"c3":0.75},{"time":0.5,"angle":73.81,"curve":0.25,"c3":0.75},{"time":0.5333,"angle":100.14,"curve":0.25,"c3":0.75},{"time":0.6667}],"translate":[{"time":0.3333,"curve":0.25,"c3":0.75},{"time":0.5333,"x":5.13,"y":5.63,"curve":0.25,"c3":0.75},{"time":0.6667}]},"han2":{"rotate":[{"curve":0.25,"c3":0.625,"c4":0.5},{"time":0.1667,"angle":-5.4,"curve":0.375,"c2":0.5,"c3":0.75},{"time":0.3333,"angle":-14.99}],"translate":[{"time":0.1667,"curve":0.375,"c2":0.5,"c3":0.75},{"time":0.3333,"x":52.7,"y":28.55}],"scale":[{"curve":0.25,"c3":0.625,"c4":0.5},{"time":0.1667,"x":0,"y":0,"curve":0.375,"c2":0.5,"c3":0.75},{"time":0.3333}]},"han3":{"rotate":[{"curve":0.276,"c3":0.621,"c4":0.4},{"time":0.1,"angle":2.06,"curve":0.314,"c2":0.27,"c3":0.657,"c4":0.64},{"time":0.2,"angle":-4.2,"curve":0.375,"c2":0.5,"c3":0.75},{"time":0.3667,"angle":-15.24}],"translate":[{"time":0.2,"curve":0.375,"c2":0.5,"c3":0.75},{"time":0.3667,"x":31.84,"y":46.12}],"scale":[{"curve":0.25,"c3":0.625,"c4":0.5},{"time":0.2,"x":0,"y":0,"curve":0.375,"c2":0.5,"c3":0.75},{"time":0.3667}]},"han1":{"rotate":[{"curve":0.25,"c3":0.625,"c4":0.5},{"time":0.1667,"angle":6,"curve":0.375,"c2":0.5,"c3":0.75},{"time":0.3333,"angle":12}],"translate":[{"time":0.1667,"curve":0.375,"c2":0.5,"c3":0.75},{"time":0.3333,"x":-66.98,"y":25.25}],"scale":[{"curve":0.25,"c3":0.625,"c4":0.5},{"time":0.1667,"x":0,"y":0,"curve":0.375,"c2":0.5,"c3":0.75},{"time":0.3333}]}},"deform":{"default":{"datuiyou":{"datuiyou":[{},{"time":0.1,"offset":6,"vertices":[-4.91573,-3.2925,4.32761,10.50631,-8.7494,-7.24969,4.59935,0.53437]},{"time":0.2,"offset":6,"vertices":[-2.66739,-6.82733,5.55334,13.88257,-9.71594,-10.70908,4.59935,0.53437]},{"time":0.3333,"offset":6,"vertices":[-0.33765,-2.12121,4.88193,10.13448,-4.92436,-9.59226]},{"time":0.4333,"offset":6,"vertices":[-0.55106,-1.26163,4.69514,5.8071,-6.57408,-3.54224]},{"time":0.6667}]},"datuiyou2":{"datuiyou":[{"curve":0.25,"c3":0.75},{"time":0.2667,"offset":48,"vertices":[13.97565,8.50386,-16.34782,-0.61583,14.79187,11.34303,-18.44397,-2.6973,0,0,0,0,0,0,0,0,14.06428,6.0858,-15.24683,1.53914],"curve":0.25,"c3":0.75},{"time":0.6667}]},"datuizuo":{"datuizuo":[{"curve":0.25,"c3":0.75},{"time":0.1667,"offset":4,"vertices":[-20.95398,7.99418,-26.60941,7.47938,-6.74211,2.48759,0,0,0,0,0,0,0,0,0,0,-8.10414,4.69686,-9.12204,-0.85886],"curve":0.25,"c3":0.75},{"time":0.3333}]},"jiaoyou":{"jiaoyou":[{"curve":0.25,"c3":0.75},{"time":0.1667,"offset":18,"vertices":[-0.95082,4.63446,-1.20103,5.85406,-1.0509,5.1223,1.15102,-5.61011,1.4513,-7.07363,1.15102,-5.61011],"curve":0.25,"c3":0.75},{"time":0.3333}]}}}}}}