{"skeleton":{"hash":"OF5gfJxw3WzMCz2ksnrLy2my9bw","spine":"3.8.99","x":-52.75,"y":-55.83,"width":101.83,"height":73.6,"images":"../","audio":"D:/work/CryptoGladiator/美术资源/角色/斯巴达人物拆分/斯巴达(标准)"},"bones":[{"name":"root"}],"slots":[{"name":"weiqun","bone":"root","attachment":"weiqun"}],"skins":[{"name":"a1","attachments":{"weiqun":{"weiqun":{"name":"斯巴达人物拆分小/斯巴达(标准)/weiqun","type":"mesh","uvs":[1,0.30783,1,0.59918,1,0.6972,1,1,0.35594,1,0,1,0,0,0.1178,0,0.40087,0,0.71091,0,1,0,0.09533,0.32962,0.04141,0.64002,0.37167,0.35957,0.69294,0.37046,0.37167,0.62913,0.71316,0.61007,0.73562,0.81428],"triangles":[15,12,11,4,17,3,15,14,16,4,15,17,15,16,17,4,12,15,16,14,1,17,16,2,16,1,2,17,2,3,5,12,4,12,5,6,9,10,0,11,6,7,13,7,8,11,7,13,14,8,9,14,9,0,13,8,14,15,13,14,12,6,11,15,11,13,14,0,1],"vertices":[43.33,1.86,49.09,-19.87,48.87,-33.75,40.89,-55.81,-16.56,-55.83,-52.75,-54.73,-48.35,17.78,-37.84,17.78,-12.59,17.78,15.06,17.78,45.51,17.78,-41.85,-5.81,-51.73,-27.34,-13.2,-7.8,14.79,-9.71,-14.06,-28.75,18.4,-28.23,21.08,-44.59],"hull":11,"edges":[10,12,12,14,0,20,18,20,14,16,16,18,0,2,6,8,8,10,2,4,4,6],"width":90,"height":75}}}},{"name":"a2","attachments":{"weiqun":{"weiqun":{"name":"斯巴达人物拆分小/斯巴达(标准)/weiqun","type":"mesh","uvs":[1,0.30783,1,0.59918,1,0.6972,1,1,0.35594,1,0,1,0,0,0.1178,0,0.40087,0,0.71091,0,1,0,0.09533,0.32962,0.04141,0.64002,0.37167,0.35957,0.69294,0.37046,0.37167,0.62913,0.71316,0.61007,0.73562,0.81428],"triangles":[15,12,11,4,17,3,15,14,16,4,15,17,15,16,17,4,12,15,16,14,1,17,16,2,16,1,2,17,2,3,5,12,4,12,5,6,9,10,0,11,6,7,13,7,8,11,7,13,14,8,9,14,9,0,13,8,14,15,13,14,12,6,11,15,11,13,14,0,1],"vertices":[43.33,1.86,49.09,-19.87,48.87,-33.75,40.89,-55.81,-16.56,-55.83,-52.75,-54.73,-48.35,17.78,-37.84,17.78,-12.59,17.78,15.06,17.78,45.51,17.78,-41.85,-5.81,-51.73,-27.34,-13.2,-7.8,14.79,-9.71,-14.06,-28.75,18.4,-28.23,21.08,-44.59],"hull":11,"edges":[10,12,12,14,0,20,18,20,14,16,16,18,0,2,6,8,8,10,2,4,4,6],"width":90,"height":75}}}},{"name":"a3","attachments":{"weiqun":{"weiqun":{"name":"斯巴达人物拆分小/斯巴达(标准)/weiqun","type":"mesh","uvs":[1,0.30783,1,0.59918,1,0.6972,1,1,0.35594,1,0,1,0,0,0.1178,0,0.40087,0,0.71091,0,1,0,0.09533,0.32962,0.04141,0.64002,0.37167,0.35957,0.69294,0.37046,0.37167,0.62913,0.71316,0.61007,0.73562,0.81428],"triangles":[15,12,11,4,17,3,15,14,16,4,15,17,15,16,17,4,12,15,16,14,1,17,16,2,16,1,2,17,2,3,5,12,4,12,5,6,9,10,0,11,6,7,13,7,8,11,7,13,14,8,9,14,9,0,13,8,14,15,13,14,12,6,11,15,11,13,14,0,1],"vertices":[43.33,1.86,49.09,-19.87,48.87,-33.75,40.89,-55.81,-16.56,-55.83,-52.75,-54.73,-48.35,17.78,-37.84,17.78,-12.59,17.78,15.06,17.78,45.51,17.78,-41.85,-5.81,-51.73,-27.34,-13.2,-7.8,14.79,-9.71,-14.06,-28.75,18.4,-28.23,21.08,-44.59],"hull":11,"edges":[10,12,12,14,0,20,18,20,14,16,16,18,0,2,6,8,8,10,2,4,4,6],"width":90,"height":75}}}},{"name":"a4","attachments":{"weiqun":{"weiqun":{"name":"斯巴达人物拆分小/斯巴达(标准)/weiqun","type":"mesh","uvs":[1,0.30783,1,0.59918,1,0.6972,1,1,0.35594,1,0,1,0,0,0.1178,0,0.40087,0,0.71091,0,1,0,0.09533,0.32962,0.04141,0.64002,0.37167,0.35957,0.69294,0.37046,0.37167,0.62913,0.71316,0.61007,0.73562,0.81428],"triangles":[15,12,11,4,17,3,15,14,16,4,15,17,15,16,17,4,12,15,16,14,1,17,16,2,16,1,2,17,2,3,5,12,4,12,5,6,9,10,0,11,6,7,13,7,8,11,7,13,14,8,9,14,9,0,13,8,14,15,13,14,12,6,11,15,11,13,14,0,1],"vertices":[49.89,1.86,50.9,-19.87,50.67,-33.75,42.41,-55.81,-17.13,-55.83,-54.63,-54.73,-55.11,17.78,-43.08,17.78,-14.16,17.78,17.51,17.78,52.39,17.78,-47.66,-5.81,-53.59,-27.34,-14.85,-7.8,17.2,-9.71,-14.55,-28.75,19.09,-28.23,21.87,-44.59],"hull":11,"edges":[10,12,12,14,0,20,18,20,14,16,16,18,0,2,6,8,8,10,2,4,4,6],"width":90,"height":75}}}}],"animations":{"ARCHER_ATTACK0":{"deform":{"a4":{"weiqun":{"weiqun":[{"time":0.8333}]}}}},"ARCHER_ATTACK1":{"deform":{"a4":{"weiqun":{"weiqun":[{"time":0.8333}]}}}},"ARCHER_ATTACK2":{"deform":{"a4":{"weiqun":{"weiqun":[{"time":1}]}}}},"ARCHER_ATTACK3":{"deform":{"a4":{"weiqun":{"weiqun":[{"time":1.0667}]}}}},"ARISE":{"deform":{"a4":{"weiqun":{"weiqun":[{"time":0.9667}]}}}},"BACK":{"deform":{"a4":{"weiqun":{"weiqun":[{"time":1}]}}}},"BLOCK0":{"deform":{"a4":{"weiqun":{"weiqun":[{"time":0.6}]}}}},"DAUL_ATTACK0":{"deform":{"a4":{"weiqun":{"weiqun":[{"time":1.1333}]}}}},"DAUL_ATTACK1":{"deform":{"a4":{"weiqun":{"weiqun":[{"time":1.1333}]}}}},"DAUL_ATTACK2":{"deform":{"a4":{"weiqun":{"weiqun":[{"time":1.4}]}}}},"DAUL_ATTACK3":{"deform":{"a4":{"weiqun":{"weiqun":[{"time":0.9}]}}}},"DEATH0":{"deform":{"a4":{"weiqun":{"weiqun":[{"time":1.5}]}}}},"DEATH1":{"deform":{"a4":{"weiqun":{"weiqun":[{"time":0.9667}]}}}},"DIAUP":{"deform":{"a4":{"weiqun":{"weiqun":[{"time":1.0333}]}}}},"HIT":{"deform":{"a4":{"weiqun":{"weiqun":[{"time":0.6667}]}}}},"IDLE0":{"deform":{"a4":{"weiqun":{"weiqun":[{"time":2}]}}}},"IDLE1":{"deform":{"a4":{"weiqun":{"weiqun":[{"time":1.3333}]}}}},"ONEHAND_ATTACK0":{"deform":{"a4":{"weiqun":{"weiqun":[{"time":0.8}]}}}},"ONEHAND_ATTACK1":{"deform":{"a4":{"weiqun":{"weiqun":[{"time":0.8}]}}}},"ONEHAND_ATTACK2":{"deform":{"a4":{"weiqun":{"weiqun":[{"time":0.9667}]}}}},"ONEHAND_ATTACK3":{"deform":{"a4":{"weiqun":{"weiqun":[{"time":1.8}]}}}},"TWOHAND_ATTACK0":{"deform":{"a4":{"weiqun":{"weiqun":[{"time":0.8}]}}}},"TWOHAND_ATTACK1":{"deform":{"a4":{"weiqun":{"weiqun":[{"time":0.8}]}}}},"TWOHAND_ATTACK2":{"deform":{"a4":{"weiqun":{"weiqun":[{"time":0.9}]}}}},"TWOHAND_ATTACK3":{"deform":{"a4":{"weiqun":{"weiqun":[{"time":1.7667}]}}}},"WALK0":{"deform":{"a4":{"weiqun":{"weiqun":[{"time":0.8}]}}}},"WALK1":{"deform":{"a4":{"weiqun":{"weiqun":[{"time":0.5}]}}}}}}