{"skeleton":{"hash":"VFtkb0YoaDJZ36P8em0pcC1wt0A","spine":"3.8.99","images":"../","audio":"D:/work/CryptoGladiator/美术资源/角色/spine"},"bones":[{"name":"root"},{"name":"jian","parent":"root","x":-157.64},{"name":"X0","parent":"root"},{"name":"X1","parent":"X0"},{"name":"X2","parent":"X0"},{"name":"X3","parent":"X0"}],"slots":[{"name":"斯巴达人物拆分小/武器/gongjian1-2","bone":"jian"},{"name":"tx/炸点5/2 (1)","bone":"root","blend":"additive"},{"name":"tx/冰剑/11","bone":"X2"},{"name":"tx/冰剑/13","bone":"X3"},{"name":"tx/冰剑/12","bone":"X1"}],"skins":[{"name":"default","attachments":{"tx/冰剑/11":{"tx/冰剑/12":{"path":"tx/冰剑/11","width":42,"height":41}},"tx/冰剑/12":{"tx/冰剑/13":{"path":"tx/冰剑/12","x":-39.94,"y":1.85,"width":209,"height":203}},"tx/冰剑/13":{"tx/冰剑/12":{"path":"tx/冰剑/11","width":42,"height":41}},"tx/炸点5/2 (1)":{"tx/炸点5/2 (6)2":{"path":"tx/炸点5/2 (6)","x":-30.26,"y":-3.28,"scaleX":1.0093,"scaleY":1.0093,"width":254,"height":143},"tx/炸点5/2 (7)2":{"path":"tx/炸点5/2 (7)","x":-58.52,"y":-3.28,"width":254,"height":143},"tx/炸点5/2 (8)2":{"path":"tx/炸点5/2 (8)","x":-64.17,"y":-4.85,"scaleY":1.5872,"width":254,"height":143}},"斯巴达人物拆分小/武器/gongjian1-2":{"tx/冰剑/bing7":{"x":76.11,"scaleY":0.8,"rotation":-90,"width":35,"height":213}}}}],"animations":{"ARCHER_ATTACK":{"slots":{"tx/冰剑/11":{"color":[{"color":"ffffff00","curve":0.25,"c3":0.75},{"time":0.1333,"color":"ffffffff","curve":0.25,"c3":0.75},{"time":0.2667,"color":"ffffff00"}],"attachment":[{"name":"tx/冰剑/12"}]},"tx/冰剑/12":{"color":[{"color":"ffffffff"},{"time":0.1333,"color":"66f0ffa6"},{"time":0.2667,"color":"ffffffff"}],"attachment":[{"name":"tx/冰剑/13"}]},"tx/冰剑/13":{"color":[{"color":"ffffffcf","curve":0.379,"c2":0.6,"c3":0.724},{"time":0.0333,"color":"ffffffff","curve":0.25,"c3":0.75},{"time":0.1333,"color":"ffffff00","curve":"stepped"},{"time":0.1667,"color":"ffffff00","curve":0.242,"c3":0.667,"c4":0.67},{"time":0.2667,"color":"ffffffcf"}],"attachment":[{"name":"tx/冰剑/12"}]},"tx/炸点5/2 (1)":{"color":[{"color":"ffffff88"}],"attachment":[{"name":"tx/炸点5/2 (6)2"},{"time":0.0333,"name":"tx/炸点5/2 (7)2"},{"time":0.0667,"name":"tx/炸点5/2 (8)2"},{"time":0.1,"name":"tx/炸点5/2 (6)2"},{"time":0.1333,"name":"tx/炸点5/2 (7)2"},{"time":0.1667,"name":"tx/炸点5/2 (8)2"},{"time":0.2,"name":"tx/炸点5/2 (6)2"},{"time":0.2333,"name":"tx/炸点5/2 (7)2"},{"time":0.2667,"name":"tx/炸点5/2 (8)2"}]},"斯巴达人物拆分小/武器/gongjian1-2":{"attachment":[{"name":"tx/冰剑/bing7"}]}},"bones":{"jian":{"scale":[{},{"time":0.1333,"y":0},{"time":0.2667}]},"X1":{"translate":[{},{"time":0.1333,"x":-16.53},{"time":0.2667}],"scale":[{"x":1.168,"y":0.656},{"time":0.1333,"x":1.179,"y":0.603},{"time":0.2667,"y":0.656}]},"X2":{"rotate":[{},{"time":0.2667,"angle":-24}],"translate":[{"x":-35.78,"y":-11.5},{"time":0.2667,"x":-85.63,"y":-18.53}],"scale":[{"x":0.5,"y":0.5}]},"X3":{"rotate":[{"angle":11.83},{"time":0.1333,"angle":27.6,"curve":"stepped"},{"time":0.1667},{"time":0.2667,"angle":11.83}],"translate":[{"x":-125.97,"y":13.23},{"time":0.1333,"x":-161.7,"y":19.92,"curve":"stepped"},{"time":0.1667,"x":-99.17,"y":8.22},{"time":0.2667,"x":-125.97,"y":13.23}],"scale":[{"x":0.6,"y":0.6}]}}}}}