{"skeleton":{"hash":"moNGYC80taTOhst4NjIsqAAXmSE","spine":"3.8.99","x":-24.52,"y":-67.87,"width":46.01,"height":73,"images":"../","audio":"D:/work/CryptoGladiator/美术资源/角色/斯巴达人物拆分/斯巴达(标准)"},"bones":[{"name":"root"}],"slots":[{"name":"xiaobiyou","bone":"root","attachment":"斯巴达人物拆分小/斯巴达(标准)/xiaobiyou"}],"skins":[{"name":"a1","attachments":{"xiaobiyou":{"斯巴达人物拆分小/斯巴达(标准)/xiaobiyou":{"x":-1.52,"y":-31.37,"width":46,"height":73}}}},{"name":"a2","attachments":{"xiaobiyou":{"斯巴达人物拆分小/斯巴达(标准)/xiaobiyou":{"name":"斯巴达人物拆分小/斯巴达(标准伤疤)/xiaobiyou","x":-1.02,"y":-31.87,"width":45,"height":72}}}},{"name":"a3","attachments":{"xiaobiyou":{"斯巴达人物拆分小/斯巴达(标准)/xiaobiyou":{"name":"斯巴达人物拆分小/斯巴达(标准无肌肉)/xiaobiyou","x":-1.52,"y":-31.37,"width":45,"height":72}}}},{"name":"a4","attachments":{"xiaobiyou":{"斯巴达人物拆分小/斯巴达(标准)/xiaobiyou":{"name":"斯巴达人物拆分小/斯巴达(标准肌肉)/xiaobiyou","x":-1.52,"y":-31.37,"width":46,"height":73}}}}],"animations":{"a":{}}}