{"skeleton":{"hash":"jsPjG2pBNlbyiSTTzJ0mH8jRRuY","spine":"3.8.99","images":"../","audio":"D:/work/CryptoGladiator/美术资源/角色/spine"},"bones":[{"name":"root"},{"name":"jian","parent":"root","x":-157.64},{"name":"2","parent":"jian","x":157.43,"transform":"noScale"}],"slots":[{"name":"斯巴达人物拆分小/武器/gongjian1-2","bone":"jian"},{"name":"tx/炸点5/2 (1)","bone":"root","blend":"additive"},{"name":"tx/炸点6/1_00005","bone":"2","blend":"additive"}],"skins":[{"name":"default","attachments":{"tx/炸点5/2 (1)":{"tx/炸点5/2 (6)2":{"path":"tx/炸点5/2 (6)","x":-30.26,"y":-3.28,"scaleX":1.0093,"scaleY":1.0093,"width":254,"height":143},"tx/炸点5/2 (7)2":{"path":"tx/炸点5/2 (7)","x":-58.52,"y":-3.28,"width":254,"height":143},"tx/炸点5/2 (8)2":{"path":"tx/炸点5/2 (8)","x":-64.17,"y":-4.85,"scaleY":1.5872,"width":254,"height":143}},"tx/炸点6/1_00005":{"tx/炸点6/3 (1)2":{"path":"tx/炸点6/3 (1)","x":-24.81,"y":-0.85,"scaleY":1.4961,"width":254,"height":143},"tx/炸点6/3 (2)2":{"path":"tx/炸点6/3 (2)","x":-52.22,"y":-0.85,"scaleY":1.4961,"width":254,"height":143}},"斯巴达人物拆分小/武器/gongjian1-2":{"斯巴达人物拆分小/武器/gongjian1-4":{"path":"斯巴达人物拆分小/武器/gongjian1-2","x":77.79,"rotation":-90,"width":24,"height":171}}}}],"animations":{"ARCHER_ATTACK":{"slots":{"tx/炸点5/2 (1)":{"color":[{"color":"ffffff88"}],"attachment":[{"name":"tx/炸点5/2 (6)2"},{"time":0.0333,"name":"tx/炸点5/2 (7)2"},{"time":0.0667,"name":"tx/炸点5/2 (8)2"},{"time":0.1,"name":"tx/炸点5/2 (6)2"},{"time":0.1333,"name":"tx/炸点5/2 (7)2"},{"time":0.1667,"name":"tx/炸点5/2 (8)2"},{"time":0.2,"name":"tx/炸点5/2 (6)2"},{"time":0.2333,"name":"tx/炸点5/2 (7)2"},{"time":0.2667,"name":"tx/炸点5/2 (8)2"}]},"tx/炸点6/1_00005":{"color":[{"color":"ffffffb8"}],"attachment":[{"name":"tx/炸点6/3 (1)2"},{"time":0.0333,"name":"tx/炸点6/3 (2)2"},{"time":0.0667,"name":"tx/炸点6/3 (1)2"},{"time":0.1,"name":"tx/炸点6/3 (2)2"},{"time":0.1333,"name":"tx/炸点6/3 (1)2"},{"time":0.1667,"name":"tx/炸点6/3 (2)2"},{"time":0.2,"name":"tx/炸点6/3 (1)2"},{"time":0.2333,"name":"tx/炸点6/3 (2)2"},{"time":0.2667,"name":"tx/炸点6/3 (1)2"}]},"斯巴达人物拆分小/武器/gongjian1-2":{"attachment":[{"name":"斯巴达人物拆分小/武器/gongjian1-4"}]}},"bones":{"jian":{"scale":[{},{"time":0.1333,"y":0},{"time":0.2667}]},"2":{"scale":[{},{"time":0.0667,"x":0.804,"y":1.154},{"time":0.1333},{"time":0.2,"x":0.804,"y":1.154},{"time":0.2667}]}}}}}