{"skeleton":{"hash":"ehhVGmxLMiVowC46SFM/B7nIsaw","spine":"3.8.99","x":-22.67,"y":-59.76,"width":32,"height":68,"images":"../","audio":"D:/work/CryptoGladiator/美术资源/角色/斯巴达人物拆分/斯巴达(标准)"},"bones":[{"name":"root"}],"slots":[{"name":"xiaotuiyou","bone":"root","attachment":"斯巴达人物拆分小/斯巴达(标准)/xiaotuiyou"}],"skins":[{"name":"a1","attachments":{"xiaotuiyou":{"斯巴达人物拆分小/斯巴达(标准)/xiaotuiyou":{"x":-6.67,"y":-25.76,"width":32,"height":68}}}},{"name":"a2","attachments":{"xiaotuiyou":{"斯巴达人物拆分小/斯巴达(标准)/xiaotuiyou":{"x":-6.67,"y":-25.76,"width":32,"height":68}}}},{"name":"a3","attachments":{"xiaotuiyou":{"斯巴达人物拆分小/斯巴达(标准)/xiaotuiyou":{"name":"斯巴达人物拆分小/斯巴达(标准无肌肉)/xiaotuiyou","x":-6.67,"y":-25.76,"width":32,"height":68}}}},{"name":"a4","attachments":{"xiaotuiyou":{"斯巴达人物拆分小/斯巴达(标准)/xiaotuiyou":{"name":"斯巴达人物拆分小/斯巴达(标准无肌肉)/xiaotuiyou","x":-6.67,"y":-25.76,"width":32,"height":68}}}}],"animations":{"ARCHER_ATTACK0":{"slots":{"xiaotuiyou":{"attachment":[{"time":0.8333,"name":"斯巴达人物拆分小/斯巴达(标准)/xiaotuiyou"}]}}},"ARCHER_ATTACK1":{"slots":{"xiaotuiyou":{"attachment":[{"time":0.8333,"name":"斯巴达人物拆分小/斯巴达(标准)/xiaotuiyou"}]}}},"ARCHER_ATTACK2":{"slots":{"xiaotuiyou":{"attachment":[{"time":1,"name":"斯巴达人物拆分小/斯巴达(标准)/xiaotuiyou"}]}}},"ARCHER_ATTACK3":{"slots":{"xiaotuiyou":{"attachment":[{"time":1.0667,"name":"斯巴达人物拆分小/斯巴达(标准)/xiaotuiyou"}]}}},"ARISE":{"slots":{"xiaotuiyou":{"attachment":[{"time":0.9667,"name":"斯巴达人物拆分小/斯巴达(标准)/xiaotuiyou"}]}}},"BACK":{"slots":{"xiaotuiyou":{"attachment":[{"time":1,"name":"斯巴达人物拆分小/斯巴达(标准)/xiaotuiyou"}]}}},"BLOCK0":{"slots":{"xiaotuiyou":{"attachment":[{"time":0.6,"name":"斯巴达人物拆分小/斯巴达(标准)/xiaotuiyou"}]}}},"DEATH0":{"slots":{"xiaotuiyou":{"attachment":[{"time":1.5,"name":"斯巴达人物拆分小/斯巴达(标准)/xiaotuiyou"}]}}},"DEATH1":{"slots":{"xiaotuiyou":{"attachment":[{"time":0.9667,"name":"斯巴达人物拆分小/斯巴达(标准)/xiaotuiyou"}]}}},"DIAUP":{"slots":{"xiaotuiyou":{"attachment":[{"time":1.0333,"name":"斯巴达人物拆分小/斯巴达(标准)/xiaotuiyou"}]}}},"HIT":{"slots":{"xiaotuiyou":{"attachment":[{"time":0.6667,"name":"斯巴达人物拆分小/斯巴达(标准)/xiaotuiyou"}]}}},"IDLE0":{"slots":{"xiaotuiyou":{"attachment":[{"time":2,"name":"斯巴达人物拆分小/斯巴达(标准)/xiaotuiyou"}]}}},"IDLE1":{"slots":{"xiaotuiyou":{"attachment":[{"time":1.3333,"name":"斯巴达人物拆分小/斯巴达(标准)/xiaotuiyou"}]}}},"ONEHAND_ATTACK0":{"slots":{"xiaotuiyou":{"attachment":[{"time":0.8,"name":"斯巴达人物拆分小/斯巴达(标准)/xiaotuiyou"}]}}},"ONEHAND_ATTACK1":{"slots":{"xiaotuiyou":{"attachment":[{"time":0.8,"name":"斯巴达人物拆分小/斯巴达(标准)/xiaotuiyou"}]}}},"ONEHAND_ATTACK2":{"slots":{"xiaotuiyou":{"attachment":[{"time":0.8667,"name":"斯巴达人物拆分小/斯巴达(标准)/xiaotuiyou"}]}}},"TWOHAND_ATTACK3":{"slots":{"xiaotuiyou":{"attachment":[{"time":1.8,"name":"斯巴达人物拆分小/斯巴达(标准)/xiaotuiyou"}]}}},"WALK0":{"slots":{"xiaotuiyou":{"attachment":[{"time":0.8,"name":"斯巴达人物拆分小/斯巴达(标准)/xiaotuiyou"}]}}},"WALK1":{"slots":{"xiaotuiyou":{"attachment":[{"time":0.5,"name":"斯巴达人物拆分小/斯巴达(标准)/xiaotuiyou"}]}}}}}