{"skeleton":{"hash":"9DVi6+eY6Nhvueciug44Yqsz/ig","spine":"3.7.87","width":0,"height":0,"images":"/Users/qishao/Desktop/loading","audio":""},"bones":[{"name":"root"},{"name":"bone","parent":"root"}],"slots":[{"name":"loading_bg","bone":"root","color":"ffffff8e","attachment":"loading_bg"},{"name":"loading_bg1","bone":"bone","attachment":"loading_bg1"}],"skins":{"default":{"loading_bg":{"loading_bg":{"width":181,"height":181}},"loading_bg1":{"loading_bg1":{"width":181,"height":181}}}},"animations":{"active":{"bones":{"bone":{"rotate":[{"time":0,"angle":0},{"time":0.3333,"angle":-90},{"time":0.6667,"angle":180},{"time":1,"angle":98.05},{"time":1.3333,"angle":0}]}}},"enter":{}}}