{"skeleton":{"hash":"ZAHbqBEQJMc+ghB46WCgahB5WxE","spine":"3.8.99","images":"../","audio":"D:/work/CryptoGladiator/美术资源/角色/spine"},"bones":[{"name":"root"},{"name":"jian","parent":"root","x":-157.64},{"name":"H","parent":"root","x":0.14}],"slots":[{"name":"斯巴达人物拆分小/武器/gongjian1-2","bone":"jian"},{"name":"tx/炸点5/2 (1)","bone":"root","blend":"additive"},{"name":"tx/火5/1_00001","bone":"H","blend":"additive"}],"skins":[{"name":"default","attachments":{"tx/火5/1_00001":{"tx/火5/1_1":{"path":"tx/火5/1_00001","x":-35.09,"width":138,"height":69},"tx/火5/1_2":{"path":"tx/火5/1_00002","x":-35.09,"width":138,"height":69},"tx/火5/1_3":{"path":"tx/火5/1_00003","x":-35.09,"width":138,"height":69},"tx/火5/1_4":{"path":"tx/火5/1_00004","x":-35.09,"width":138,"height":69}},"tx/炸点5/2 (1)":{"tx/炸点5/2 (6)2":{"path":"tx/炸点5/2 (6)","x":-30.26,"y":-3.28,"scaleX":1.0093,"scaleY":1.0093,"width":254,"height":143},"tx/炸点5/2 (7)2":{"path":"tx/炸点5/2 (7)","x":-58.52,"y":-3.28,"width":254,"height":143},"tx/炸点5/2 (8)2":{"path":"tx/炸点5/2 (8)","x":-64.17,"y":-4.85,"scaleY":1.5872,"width":254,"height":143}},"斯巴达人物拆分小/武器/gongjian1-2":{"斯巴达人物拆分小/武器/gongjian1-4":{"path":"斯巴达人物拆分小/武器/gongjian1-2","x":77.79,"rotation":-90,"width":24,"height":171}}}}],"animations":{"ARCHER_ATTACK":{"slots":{"tx/火5/1_00001":{"attachment":[{"name":"tx/火5/1_1"},{"time":0.0333,"name":"tx/火5/1_2"},{"time":0.0667,"name":"tx/火5/1_3"},{"time":0.1,"name":"tx/火5/1_4"},{"time":0.1333,"name":"tx/火5/1_1"},{"time":0.1667,"name":"tx/火5/1_2"},{"time":0.2,"name":"tx/火5/1_3"},{"time":0.2333,"name":"tx/火5/1_4"},{"time":0.2667,"name":"tx/火5/1_1"}]},"tx/炸点5/2 (1)":{"color":[{"color":"ffffff88"}],"attachment":[{"name":"tx/炸点5/2 (6)2"},{"time":0.0333,"name":"tx/炸点5/2 (7)2"},{"time":0.0667,"name":"tx/炸点5/2 (8)2"},{"time":0.1,"name":"tx/炸点5/2 (6)2"},{"time":0.1333,"name":"tx/炸点5/2 (7)2"},{"time":0.1667,"name":"tx/炸点5/2 (8)2"},{"time":0.2,"name":"tx/炸点5/2 (6)2"},{"time":0.2333,"name":"tx/炸点5/2 (7)2"},{"time":0.2667,"name":"tx/炸点5/2 (8)2"}]},"斯巴达人物拆分小/武器/gongjian1-2":{"attachment":[{"name":"斯巴达人物拆分小/武器/gongjian1-4"}]}},"bones":{"jian":{"scale":[{},{"time":0.1333,"y":0},{"time":0.2667}]},"H":{"translate":[{"x":-7.91}],"scale":[{"x":1.375,"curve":0.25,"c3":0.75},{"time":0.1333,"x":1.839,"y":0.997,"curve":0.25,"c3":0.75},{"time":0.2667,"x":1.375}]}}}}}