{"skeleton":{"hash":"nFIs7TxeKZUVR5Y8FNmbyzfU+TE","spine":"3.8.99","x":-72.08,"y":-39.95,"width":132,"height":137,"images":"../","audio":"D:/work/CryptoGladiator/美术资源/角色/斯巴达人物拆分/斯巴达(标准)"},"bones":[{"name":"root"}],"slots":[{"name":"shenti","bone":"root","attachment":"斯巴达人物拆分小/斯巴达(标准)/shenti"}],"skins":[{"name":"a1","attachments":{"shenti":{"斯巴达人物拆分小/斯巴达(标准)/shenti":{"x":-6.23,"y":20.95,"width":111,"height":127}}}},{"name":"a2","attachments":{"shenti":{"斯巴达人物拆分小/斯巴达(标准)/shenti":{"name":"斯巴达人物拆分小/斯巴达(标准伤疤)/shenti","x":-6.23,"y":20.95,"width":111,"height":127}}}},{"name":"a3","attachments":{"shenti":{"斯巴达人物拆分小/斯巴达(标准)/shenti":{"name":"斯巴达人物拆分小/斯巴达(标准肌肉)/shenti","x":-6.23,"y":20.95,"width":111,"height":127}}}},{"name":"a4","attachments":{"shenti":{"斯巴达人物拆分小/斯巴达(标准)/shenti":{"name":"斯巴达人物拆分小/斯巴达(胖)/shenti","x":-6.08,"y":28.55,"width":132,"height":137}}}}],"animations":{"a":{}}}