{"skeleton":{"hash":"y+JfKrM/lNxH7/iQ3A6oxiWNFyA","spine":"3.8.99","images":"","audio":""},"bones":[{"name":"root"},{"name":"骨骼","parent":"root"},{"name":"1","parent":"骨骼","x":-327.53,"y":476.3},{"name":"2","parent":"骨骼","x":-327.53,"y":48.67},{"name":"3","parent":"骨骼","x":-327.53,"y":-386.4},{"name":"4","parent":"骨骼","x":0.11,"y":703.3},{"name":"5","parent":"骨骼","x":0.11,"y":280.67},{"name":"6","parent":"骨骼","x":0.11,"y":-143.4},{"name":"7","parent":"骨骼","x":0.11,"y":-559.4},{"name":"8","parent":"骨骼","x":307.69,"y":-386.4},{"name":"9","parent":"骨骼","x":307.69,"y":48.67},{"name":"10","parent":"骨骼","x":307.69,"y":476.3},{"name":"11","parent":"root"}],"slots":[{"name":"beimian","bone":"1"},{"name":"beimian4","bone":"4"},{"name":"beimian10","bone":"10"},{"name":"beimian2","bone":"2"},{"name":"beimian5","bone":"5"},{"name":"beimian9","bone":"9"},{"name":"beimian3","bone":"3"},{"name":"beimian6","bone":"6"},{"name":"beimian11","bone":"11"},{"name":"beimian8","bone":"8"},{"name":"beimian7","bone":"7"}],"skins":[{"name":"default","attachments":{"beimian":{"beimian":{"width":248,"height":411}},"beimian2":{"beimian":{"width":248,"height":411}},"beimian3":{"beimian":{"width":248,"height":411}},"beimian4":{"beimian":{"width":248,"height":411}},"beimian5":{"beimian":{"width":248,"height":411}},"beimian6":{"beimian":{"width":248,"height":411}},"beimian7":{"beimian":{"width":248,"height":411}},"beimian8":{"beimian":{"width":248,"height":411}},"beimian9":{"beimian":{"width":248,"height":411}},"beimian10":{"beimian":{"width":248,"height":411}},"beimian11":{"beimian":{"width":248,"height":411}}}}],"animations":{"1":{"bones":{"1":{"translate":[{"y":1750.39}],"scale":[{"x":0,"y":0}]},"2":{"translate":[{"y":1750.39}],"scale":[{"x":0,"y":0}]},"3":{"translate":[{"y":1750.39}],"scale":[{"x":0,"y":0}]},"4":{"translate":[{"y":1750.39}],"scale":[{"x":0,"y":0}]},"5":{"translate":[{"y":1750.39}],"scale":[{"x":0,"y":0}]},"6":{"translate":[{"y":1750.39}],"scale":[{"x":0,"y":0}]},"7":{"translate":[{"y":1750.39}],"scale":[{"x":0,"y":0}]},"8":{"translate":[{"y":1750.39}],"scale":[{"x":0,"y":0}]},"9":{"translate":[{"y":1750.39}],"scale":[{"x":0,"y":0}]},"10":{"translate":[{"y":1750.39}],"scale":[{"x":0,"y":0}]},"11":{"translate":[{"y":1750.39},{"time":0.1667},{"time":0.2333,"y":-20},{"time":0.3,"curve":"stepped"},{"time":0.5}],"scale":[{"y":0.52},{"time":0.1667},{"time":0.2333,"y":1.03},{"time":0.3}]}}},"2":{"bones":{"1":{"translate":[{"y":1750.39,"curve":"stepped"},{"time":0.2667,"y":1750.39},{"time":0.4333},{"time":0.5,"y":-20},{"time":0.5667}],"scale":[{"y":0.52,"curve":"stepped"},{"time":0.2667,"y":0.52},{"time":0.4333},{"time":0.5,"y":1.03},{"time":0.5667}]},"2":{"translate":[{"y":1750.39,"curve":"stepped"},{"time":0.1667,"y":1750.39},{"time":0.3333},{"time":0.4,"y":-20},{"time":0.4667}],"scale":[{"y":0.52,"curve":"stepped"},{"time":0.1667,"y":0.52},{"time":0.3333},{"time":0.4,"y":1.03},{"time":0.4667}]},"3":{"translate":[{"y":1750.39,"curve":"stepped"},{"time":0.0667,"y":1750.39},{"time":0.2333},{"time":0.3,"y":-20},{"time":0.3667}],"scale":[{"y":0.52,"curve":"stepped"},{"time":0.0667,"y":0.52},{"time":0.2333},{"time":0.3,"y":1.03},{"time":0.3667}]},"4":{"translate":[{"y":1750.39,"curve":"stepped"},{"time":0.3,"y":1750.39},{"time":0.4667},{"time":0.5333,"y":-20},{"time":0.6}],"scale":[{"y":0.52,"curve":"stepped"},{"time":0.3,"y":0.52},{"time":0.4667},{"time":0.5333,"y":1.03},{"time":0.6}]},"5":{"translate":[{"y":1750.39,"curve":"stepped"},{"time":0.2,"y":1750.39},{"time":0.3667},{"time":0.4333,"y":-20},{"time":0.5}],"scale":[{"y":0.52,"curve":"stepped"},{"time":0.2,"y":0.52},{"time":0.3667},{"time":0.4333,"y":1.03},{"time":0.5}]},"6":{"translate":[{"y":1750.39,"curve":"stepped"},{"time":0.1,"y":1750.39},{"time":0.2667},{"time":0.3333,"y":-20},{"time":0.4}],"scale":[{"y":0.52,"curve":"stepped"},{"time":0.1,"y":0.52},{"time":0.2667},{"time":0.3333,"y":1.03},{"time":0.4}]},"7":{"translate":[{"y":1750.39},{"time":0.1667},{"time":0.2333,"y":-20},{"time":0.3}],"scale":[{"y":0.52},{"time":0.1667},{"time":0.2333,"y":1.03},{"time":0.3}]},"8":{"translate":[{"y":1750.39,"curve":"stepped"},{"time":0.0667,"y":1750.39},{"time":0.2333},{"time":0.3,"y":-20},{"time":0.3667}],"scale":[{"y":0.52,"curve":"stepped"},{"time":0.0667,"y":0.52},{"time":0.2333},{"time":0.3,"y":1.03},{"time":0.3667}]},"9":{"translate":[{"y":1750.39,"curve":"stepped"},{"time":0.1667,"y":1750.39},{"time":0.3333},{"time":0.4,"y":-20},{"time":0.4667}],"scale":[{"y":0.52,"curve":"stepped"},{"time":0.1667,"y":0.52},{"time":0.3333},{"time":0.4,"y":1.03},{"time":0.4667}]},"10":{"translate":[{"y":1750.39,"curve":"stepped"},{"time":0.2667,"y":1750.39},{"time":0.4333},{"time":0.5,"y":-20},{"time":0.5667}],"scale":[{"y":0.52,"curve":"stepped"},{"time":0.2667,"y":0.52},{"time":0.4333},{"time":0.5,"y":1.03},{"time":0.5667}]},"11":{"translate":[{"y":1750.39}],"scale":[{"x":0,"y":0,"curve":"stepped"},{"time":0.8,"x":0,"y":0}]}}}}}