{"skeleton":{"hash":"NZKE14+IffJsHjDl9hMQ8xwHiZc","spine":"3.8.99","x":-8.73,"y":-10.81,"width":58,"height":19,"images":"../","audio":"D:/work/CryptoGladiator/美术资源/角色/斯巴达人物拆分/斯巴达(标准)"},"bones":[{"name":"root"}],"slots":[{"name":"jiaoyou","bone":"root","attachment":"斯巴达人物拆分小/斯巴达(标准)/jiaoyou"}],"skins":[{"name":"a1","attachments":{"jiaoyou":{"斯巴达人物拆分小/斯巴达(标准)/jiaoyou":{"x":20.27,"y":-1.31,"width":58,"height":19}}}},{"name":"a2","attachments":{"jiaoyou":{"斯巴达人物拆分小/斯巴达(标准)/jiaoyou":{"x":20.27,"y":-1.31,"width":58,"height":19}}}},{"name":"a3","attachments":{"jiaoyou":{"斯巴达人物拆分小/斯巴达(标准)/jiaoyou":{"x":20.27,"y":-1.31,"width":58,"height":19}}}},{"name":"a4","attachments":{"jiaoyou":{"斯巴达人物拆分小/斯巴达(标准)/jiaoyou":{"x":20.27,"y":-1.31,"width":58,"height":19}}}}],"animations":{"ARCHER_ATTACK0":{"slots":{"jiaoyou":{"attachment":[{"time":0.8333,"name":"斯巴达人物拆分小/斯巴达(标准)/jiaoyou"}]}}},"ARCHER_ATTACK1":{"slots":{"jiaoyou":{"attachment":[{"time":0.8333,"name":"斯巴达人物拆分小/斯巴达(标准)/jiaoyou"}]}}},"ARCHER_ATTACK2":{"slots":{"jiaoyou":{"attachment":[{"time":1,"name":"斯巴达人物拆分小/斯巴达(标准)/jiaoyou"}]}}},"ARCHER_ATTACK3":{"slots":{"jiaoyou":{"attachment":[{"time":1.0667,"name":"斯巴达人物拆分小/斯巴达(标准)/jiaoyou"}]}}},"ARISE":{"slots":{"jiaoyou":{"attachment":[{"time":0.9667,"name":"斯巴达人物拆分小/斯巴达(标准)/jiaoyou"}]}}},"BACK":{"slots":{"jiaoyou":{"attachment":[{"time":1,"name":"斯巴达人物拆分小/斯巴达(标准)/jiaoyou"}]}}},"BLOCK0":{"slots":{"jiaoyou":{"attachment":[{"time":0.6,"name":"斯巴达人物拆分小/斯巴达(标准)/jiaoyou"}]}}},"DEATH0":{"slots":{"jiaoyou":{"attachment":[{"time":1.5,"name":"斯巴达人物拆分小/斯巴达(标准)/jiaoyou"}]}}},"DEATH1":{"slots":{"jiaoyou":{"attachment":[{"time":0.9667,"name":"斯巴达人物拆分小/斯巴达(标准)/jiaoyou"}]}}},"DIAUP":{"slots":{"jiaoyou":{"attachment":[{"time":1.0333,"name":"斯巴达人物拆分小/斯巴达(标准)/jiaoyou"}]}}},"HIT":{"slots":{"jiaoyou":{"attachment":[{"time":0.6667,"name":"斯巴达人物拆分小/斯巴达(标准)/jiaoyou"}]}}},"IDLE0":{"slots":{"jiaoyou":{"attachment":[{"time":2,"name":"斯巴达人物拆分小/斯巴达(标准)/jiaoyou"}]}}},"IDLE1":{"slots":{"jiaoyou":{"attachment":[{"time":1.3333,"name":"斯巴达人物拆分小/斯巴达(标准)/jiaoyou"}]}}},"ONEHAND_ATTACK0":{"slots":{"jiaoyou":{"attachment":[{"time":0.8,"name":"斯巴达人物拆分小/斯巴达(标准)/jiaoyou"}]}}},"ONEHAND_ATTACK1":{"slots":{"jiaoyou":{"attachment":[{"time":0.8,"name":"斯巴达人物拆分小/斯巴达(标准)/jiaoyou"}]}}},"ONEHAND_ATTACK2":{"slots":{"jiaoyou":{"attachment":[{"time":0.8667,"name":"斯巴达人物拆分小/斯巴达(标准)/jiaoyou"}]}}},"TWOHAND_ATTACK3":{"slots":{"jiaoyou":{"attachment":[{"time":1.8,"name":"斯巴达人物拆分小/斯巴达(标准)/jiaoyou"}]}}},"WALK0":{"slots":{"jiaoyou":{"attachment":[{"time":0.8,"name":"斯巴达人物拆分小/斯巴达(标准)/jiaoyou"}]}}},"WALK1":{"slots":{"jiaoyou":{"attachment":[{"time":0.5,"name":"斯巴达人物拆分小/斯巴达(标准)/jiaoyou"}]}}}}}