{"skeleton":{"hash":"0tWHpkR2oUH6omBPCxweTco7+RA","spine":"3.8.99","x":-13.52,"y":-31.05,"width":37,"height":34,"images":"../","audio":"D:/work/CryptoGladiator/美术资源/角色/斯巴达人物拆分/斯巴达(标准)"},"bones":[{"name":"root"}],"slots":[{"name":"斯巴达人物拆分小/斯巴达(标准)/shouyou","bone":"root","attachment":"shouyou"}],"skins":[{"name":"a1","attachments":{"斯巴达人物拆分小/斯巴达(标准)/shouyou":{"shouyou":{"name":"斯巴达人物拆分小/斯巴达(标准)/shouyou","x":4.98,"y":-14.05,"width":37,"height":34}}}},{"name":"a2","attachments":{"斯巴达人物拆分小/斯巴达(标准)/shouyou":{"shouyou":{"name":"斯巴达人物拆分小/斯巴达(标准)/shouyou","x":4.98,"y":-14.05,"width":37,"height":34}}}},{"name":"a3","attachments":{"斯巴达人物拆分小/斯巴达(标准)/shouyou":{"shouyou":{"name":"斯巴达人物拆分小/斯巴达(标准)/shouyou","x":4.98,"y":-14.05,"width":37,"height":34}}}},{"name":"a4","attachments":{"斯巴达人物拆分小/斯巴达(标准)/shouyou":{"shouyou":{"name":"斯巴达人物拆分小/斯巴达(标准)/shouyou","x":4.98,"y":-14.05,"width":37,"height":34}}}}],"animations":{"a":{}}}