{"skeleton":{"hash":"zKEmAURSXLfebuyap2QZe4byOsQ","spine":"3.8.99","x":-107.5,"y":-55.33,"width":215,"height":253,"images":"","audio":""},"bones":[{"name":"root"},{"name":"g1","parent":"root","x":3.78,"y":47.94},{"name":"2","parent":"g1","x":4.34,"y":29.72,"scaleX":2,"scaleY":2},{"name":"4","parent":"g1","x":-3.66,"y":19.15,"scaleX":2,"scaleY":2},{"name":"g2","parent":"root","x":8.15,"y":53.32,"scaleX":-1},{"name":"7","parent":"g2","x":4.34,"y":29.72,"scaleX":2,"scaleY":2},{"name":"9","parent":"g2","x":-3.66,"y":19.15,"scaleX":2,"scaleY":2},{"name":"g3","parent":"root","x":80.75,"y":91.37},{"name":"11","parent":"g3","x":5.1,"y":9.04,"scaleX":2,"scaleY":2},{"name":"12","parent":"g3","x":-3.66,"y":19.15,"scaleX":2,"scaleY":2},{"name":"g4","parent":"root","x":85.12,"y":96.75,"scaleX":-1},{"name":"14","parent":"g4","x":4.34,"y":29.72,"scaleX":2,"scaleY":2},{"name":"15","parent":"g4","x":-3.66,"y":19.15,"scaleX":2,"scaleY":2},{"name":"g5","parent":"root","x":-0.09,"y":138.67},{"name":"16","parent":"g5","x":-2.15,"y":11,"scaleX":2,"scaleY":2},{"name":"18","parent":"g5","x":4.34,"y":29.72,"scaleX":2,"scaleY":2},{"name":"g6","parent":"root","x":4.28,"y":144.05,"scaleX":-1},{"name":"22","parent":"g6","x":4.34,"y":29.72,"scaleX":2,"scaleY":2},{"name":"g7","parent":"root","x":-76.84,"y":104.7},{"name":"26","parent":"g7","x":4.34,"y":29.72,"scaleX":2,"scaleY":2},{"name":"28","parent":"g7","x":-3.66,"y":19.15,"scaleX":2,"scaleY":2},{"name":"g8","parent":"root","x":-72.48,"y":110.08,"scaleX":-1},{"name":"29","parent":"g8","x":-2.15,"y":11,"scaleX":2,"scaleY":2},{"name":"31","parent":"g8","x":-3.66,"y":19.15,"scaleX":2,"scaleY":2}],"slots":[{"name":"map6","bone":"root","attachment":"map6"},{"name":"map1/02","bone":"root","color":"3500ffff","blend":"additive"},{"name":"map1/8","bone":"root","blend":"additive"},{"name":"map1/2","bone":"root","color":"3500ffff","blend":"additive"},{"name":"map1/7","bone":"root","blend":"additive"},{"name":"map1/3","bone":"root","color":"3500ffff","blend":"additive"},{"name":"map1/6","bone":"root","blend":"additive"},{"name":"map1/4","bone":"root","color":"3500ffff","blend":"additive"},{"name":"map1/5","bone":"root","blend":"additive"},{"name":"16","bone":"16","blend":"additive"},{"name":"29","bone":"29","blend":"additive"},{"name":"2","bone":"2","blend":"additive"},{"name":"18","bone":"18","blend":"additive"},{"name":"26","bone":"26","blend":"additive"},{"name":"7","bone":"7","blend":"additive"},{"name":"14","bone":"14","blend":"additive"},{"name":"22","bone":"22","blend":"additive"},{"name":"11","bone":"11","blend":"additive"},{"name":"4","bone":"4","blend":"additive"},{"name":"12","bone":"12","blend":"additive"},{"name":"28","bone":"28","blend":"additive"},{"name":"9","bone":"9","blend":"additive"},{"name":"15","bone":"15","blend":"additive"},{"name":"31","bone":"31","blend":"additive"}],"skins":[{"name":"default","attachments":{"2":{"map1/03":{"color":"b2f8ff81","x":-3.61,"y":-5.21,"width":8,"height":8}},"4":{"map1/03":{"color":"b2f8ff81","x":-3.61,"y":-5.21,"width":8,"height":8}},"7":{"map1/03":{"color":"b2f8ff81","x":-3.61,"y":-5.21,"width":8,"height":8}},"9":{"map1/03":{"color":"b2f8ff81","x":-3.61,"y":-5.21,"width":8,"height":8}},"11":{"map1/03":{"color":"b2f8ff81","x":-3.61,"y":-5.21,"width":8,"height":8}},"12":{"map1/03":{"color":"b2f8ff81","x":-3.61,"y":-5.21,"width":8,"height":8}},"14":{"map1/03":{"color":"b2f8ff81","x":-3.61,"y":-5.21,"width":8,"height":8}},"15":{"map1/03":{"color":"b2f8ff81","x":-3.61,"y":-5.21,"width":8,"height":8}},"16":{"map1/03":{"color":"b2f8ff81","x":-3.61,"y":-5.21,"width":8,"height":8}},"18":{"map1/03":{"color":"b2f8ff81","x":-3.61,"y":-5.21,"width":8,"height":8}},"22":{"map1/03":{"color":"b2f8ff81","x":-3.61,"y":-5.21,"width":8,"height":8}},"26":{"map1/03":{"color":"b2f8ff81","x":-3.61,"y":-5.21,"width":8,"height":8}},"28":{"map1/03":{"color":"b2f8ff81","x":-3.61,"y":-5.21,"width":8,"height":8}},"29":{"map1/03":{"color":"b2f8ff81","x":-3.61,"y":-5.21,"width":8,"height":8}},"31":{"map1/03":{"color":"b2f8ff81","x":-3.61,"y":-5.21,"width":8,"height":8}},"map1/02":{"map1/02":{"type":"mesh","uvs":[1,1,0.508,1,0,1,0,0,0.49745,0,1,0,0.49804,0.05655],"triangles":[0,6,4,6,2,3,6,3,4,0,1,6,4,5,0,2,6,1],"vertices":[59.44,107.65,81.92,152.21,107.05,108.29,103.61,98.51,81.62,90.72,69.13,98.24,82.61,91.71],"hull":6,"edges":[4,6,0,10,0,2,2,4,6,8,8,10,0,8,2,12,12,8],"width":9,"height":21}},"map1/2":{"map1/02":{"type":"mesh","uvs":[1,1,0.48152,1,0,1,0,0,0.52374,0,1,0,0.52251,0.0864],"triangles":[4,2,3,6,2,4,1,2,6,0,6,4,5,0,4,1,6,0],"vertices":[-99.95,117.34,-74.55,167.13,-45.7,114.42,-54.46,108.45,-75.59,101.23,-89.07,108.53,-75.21,102.57],"hull":6,"edges":[4,6,0,10,6,8,8,10,0,2,2,4,8,4,8,0],"width":9,"height":21}},"map1/3":{"map1/02":{"type":"mesh","uvs":[1,1,0.50994,1,0,1,0,0,0.55327,0,1,0],"triangles":[2,3,4,1,2,4,4,5,0,1,4,0],"vertices":[-16.78,164.07,4.05,197.06,14.52,178.13,6.67,143.21,1.52,134.39,-19.57,151.37],"hull":6,"edges":[4,6,0,10,6,8,8,10,0,2,2,4,8,2,8,4],"width":9,"height":21}},"map1/4":{"map1/02":{"type":"mesh","uvs":[1,1,0.50725,1,0,1,0,0,0.4998,0,1,0,0.50028,0.065],"triangles":[0,6,4,6,2,3,6,3,4,0,1,6,4,5,0,2,6,1],"vertices":[-18.72,66.25,5.54,111.23,26.87,62.07,15.39,53.35,2.94,47.97,-10.75,56.54,5.27,49.54],"hull":6,"edges":[4,6,0,10,6,8,8,10,0,2,2,4,8,0,2,12,12,8],"width":9,"height":21}},"map1/5":{"map1/02":{"type":"mesh","uvs":[1,1,0.50725,1,0,1,0,0,0.4998,0,1,0,0.50028,0.065],"triangles":[0,6,4,6,2,3,6,3,4,0,1,6,4,5,0,2,6,1],"vertices":[-18.72,66.25,5.54,111.23,26.87,62.07,15.39,53.35,2.94,47.97,-10.75,56.54,5.27,49.54],"hull":6,"edges":[4,6,0,10,6,8,8,10,0,2,2,4,8,0,2,12,12,8],"width":9,"height":21}},"map1/6":{"map1/02":{"type":"mesh","uvs":[1,1,0.50994,1,0,1,0,0,0.55327,0,1,0],"triangles":[2,3,4,1,2,4,4,5,0,1,4,0],"vertices":[-16.78,164.07,4.05,197.06,14.52,178.13,6.67,143.21,1.52,134.39,-19.57,151.37],"hull":6,"edges":[4,6,0,10,6,8,8,10,0,2,2,4,8,2,8,4],"width":9,"height":21}},"map1/7":{"map1/02":{"type":"mesh","uvs":[1,1,0.48152,1,0,1,0,0,0.52374,0,1,0,0.52251,0.0864],"triangles":[4,2,3,6,2,4,1,2,6,0,6,4,5,0,4,1,6,0],"vertices":[-99.95,117.34,-74.55,167.13,-45.7,114.42,-54.46,108.45,-75.59,101.23,-89.07,108.53,-75.21,102.57],"hull":6,"edges":[4,6,0,10,6,8,8,10,0,2,2,4,8,4,8,0],"width":9,"height":21}},"map1/8":{"map1/02":{"type":"mesh","uvs":[1,1,0.508,1,0,1,0,0,0.49745,0,1,0,0.49804,0.05655],"triangles":[0,6,4,6,2,3,6,3,4,0,1,6,4,5,0,2,6,1],"vertices":[59.44,107.65,81.92,152.21,107.05,108.29,103.61,98.51,81.62,90.72,69.13,98.24,82.61,91.71],"hull":6,"edges":[4,6,0,10,0,2,2,4,6,8,8,10,0,8,2,12,12,8],"width":9,"height":21}},"map6":{"map6":{"y":71.17,"width":215,"height":253}}}}],"animations":{"animation":{"slots":{"2":{"color":[{"time":0.2,"color":"ffffffff","curve":0.25,"c3":0.75},{"time":1.5,"color":"ffffff00","curve":"stepped"},{"time":1.5333,"color":"ffffff00","curve":0.25,"c3":0.75},{"time":2.2,"color":"ffffffff"}],"attachment":[{"name":"map1/03"}]},"4":{"color":[{"color":"ffffff2f","curve":0.333,"c2":0.33,"c3":0.758},{"time":0.5,"color":"ffffffff","curve":"stepped"},{"time":1.8333,"color":"ffffffff","curve":0.25,"c3":0.75},{"time":3.1333,"color":"ffffff00","curve":"stepped"},{"time":3.1667,"color":"ffffff00","curve":0.276,"c3":0.621,"c4":0.4},{"time":3.3333,"color":"ffffff2f"}],"attachment":[{"name":"map1/03"}]},"7":{"color":[{"color":"ffffffb1","curve":0.382,"c2":0.57,"c3":0.737},{"time":0.2333,"color":"ffffffff","curve":"stepped"},{"time":1.5667,"color":"ffffffff","curve":0.25,"c3":0.75},{"time":2.8667,"color":"ffffff00","curve":"stepped"},{"time":2.9,"color":"ffffff00","curve":0.244,"c3":0.646,"c4":0.59},{"time":3.3333,"color":"ffffffb1"}],"attachment":[{"name":"map1/03"}]},"9":{"color":[{"color":"ffffff83","curve":0.374,"c2":0.49,"c3":0.751},{"time":0.6667,"color":"ffffff00","curve":"stepped"},{"time":0.7,"color":"ffffff00","curve":0.276,"c3":0.621,"c4":0.4},{"time":1.3667,"color":"ffffffff","curve":"stepped"},{"time":2.7,"color":"ffffffff","curve":0.251,"c3":0.624,"c4":0.49},{"time":3.3333,"color":"ffffff83"}],"attachment":[{"name":"map1/03"}]},"11":{"color":[{"color":"ffffff0a","curve":0.289,"c2":0.17,"c3":0.755},{"time":0.6,"color":"ffffffff","curve":"stepped"},{"time":1.9333,"color":"ffffffff","curve":0.25,"c3":0.75},{"time":3.2333,"color":"ffffff00","curve":"stepped"},{"time":3.2667,"color":"ffffff00","curve":0.305,"c3":0.64,"c4":0.36},{"time":3.3333,"color":"ffffff0a"}],"attachment":[{"name":"map1/03"}]},"12":{"color":[{"color":"ffffffae","curve":0.356,"c2":0.42,"c3":0.756},{"time":0.8333,"color":"ffffff00","curve":"stepped"},{"time":0.8667,"color":"ffffff00","curve":0.276,"c3":0.621,"c4":0.4},{"time":1.0333,"color":"ffffff2f","curve":0.333,"c2":0.33,"c3":0.758},{"time":1.5333,"color":"ffffffff","curve":"stepped"},{"time":2.8667,"color":"ffffffff","curve":0.262,"c3":0.618,"c4":0.44},{"time":3.3333,"color":"ffffffae"}],"attachment":[{"name":"map1/03"}]},"14":{"color":[{"color":"ffffff69","curve":0.38,"c2":0.53,"c3":0.745},{"time":0.5667,"color":"ffffff00","curve":"stepped"},{"time":0.6,"color":"ffffff00","curve":0.244,"c3":0.646,"c4":0.59},{"time":1.0333,"color":"ffffffb1","curve":0.382,"c2":0.57,"c3":0.737},{"time":1.2667,"color":"ffffffff","curve":"stepped"},{"time":2.6,"color":"ffffffff","curve":0.247,"c3":0.632,"c4":0.53},{"time":3.3333,"color":"ffffff69"}],"attachment":[{"name":"map1/03"}]},"15":{"color":[{"time":0.4,"color":"ffffffff","curve":0.251,"c3":0.624,"c4":0.49},{"time":1.0333,"color":"ffffff83","curve":0.374,"c2":0.49,"c3":0.751},{"time":1.7,"color":"ffffff00","curve":"stepped"},{"time":1.7333,"color":"ffffff00","curve":0.276,"c3":0.621,"c4":0.4},{"time":2.4,"color":"ffffffff"}],"attachment":[{"name":"map1/03"}]},"16":{"color":[{"time":0.7,"color":"ffffffff","curve":0.25,"c3":0.75},{"time":2,"color":"ffffff00","curve":"stepped"},{"time":2.0333,"color":"ffffff00","curve":0.25,"c3":0.75},{"time":2.7,"color":"ffffffff"}],"attachment":[{"name":"map1/03"}]},"18":{"color":[{"color":"ffffff15","curve":0.369,"c2":0.63,"c3":0.707},{"time":0.2,"color":"ffffff00","curve":"stepped"},{"time":0.2333,"color":"ffffff00","curve":0.25,"c3":0.75},{"time":0.9,"color":"ffffffff","curve":"stepped"},{"time":2.2333,"color":"ffffffff","curve":0.244,"c3":0.693,"c4":0.76},{"time":3.3333,"color":"ffffff15"}],"attachment":[{"name":"map1/03"}]},"22":{"color":[{"time":0.2667,"color":"ffffffff","curve":0.25,"c3":0.75},{"time":1.5667,"color":"ffffff00","curve":"stepped"},{"time":1.6,"color":"ffffff00","curve":0.244,"c3":0.646,"c4":0.59},{"time":2.0333,"color":"ffffffb1","curve":0.382,"c2":0.57,"c3":0.737},{"time":2.2667,"color":"ffffffff"}],"attachment":[{"name":"map1/03"}]},"26":{"color":[{"time":0.5667,"color":"ffffffff","curve":0.25,"c3":0.75},{"time":1.8667,"color":"ffffff00","curve":"stepped"},{"time":1.9,"color":"ffffff00","curve":0.25,"c3":0.75},{"time":2.5667,"color":"ffffffff"}],"attachment":[{"name":"map1/03"}]},"28":{"color":[{"color":"ffffff10","curve":0.365,"c2":0.64,"c3":0.702},{"time":0.1667,"color":"ffffff00","curve":"stepped"},{"time":0.2,"color":"ffffff00","curve":0.276,"c3":0.621,"c4":0.4},{"time":0.3667,"color":"ffffff2f","curve":0.333,"c2":0.33,"c3":0.758},{"time":0.8667,"color":"ffffffff","curve":"stepped"},{"time":2.2,"color":"ffffffff","curve":0.244,"c3":0.701,"c4":0.8},{"time":3.3333,"color":"ffffff10"}],"attachment":[{"name":"map1/03"}]},"29":{"color":[{"color":"ffffffff","curve":0.271,"c3":0.619,"c4":0.41},{"time":0.3667,"color":"ffffffc6","curve":0.341,"c2":0.36,"c3":0.757},{"time":1.3,"color":"ffffff00","curve":"stepped"},{"time":1.3333,"color":"ffffff00","curve":0.25,"c3":0.75},{"time":2,"color":"ffffffff"}],"attachment":[{"name":"map1/03"}]},"31":{"color":[{"color":"ffffffdc","curve":0.307,"c2":0.25,"c3":0.653,"c4":0.62},{"time":0.3667,"color":"ffffff83","curve":0.374,"c2":0.49,"c3":0.751},{"time":1.0333,"color":"ffffff00","curve":"stepped"},{"time":1.0667,"color":"ffffff00","curve":0.276,"c3":0.621,"c4":0.4},{"time":1.7333,"color":"ffffffff","curve":"stepped"},{"time":3.0667,"color":"ffffffff","curve":0.283,"c3":0.624,"c4":0.39},{"time":3.3333,"color":"ffffffdc"}],"attachment":[{"name":"map1/03"}]},"map1/02":{"color":[{"color":"3500ffff","curve":0.25,"c3":0.75},{"time":1.6667,"color":"3500ff6c","curve":0.25,"c3":0.75},{"time":3.3333,"color":"3500ffff"}],"attachment":[{"name":"map1/02"}]},"map1/2":{"color":[{"color":"3500ffff","curve":0.25,"c3":0.75},{"time":1.6667,"color":"3500ff6c","curve":0.25,"c3":0.75},{"time":3.3333,"color":"3500ffff"}],"attachment":[{"name":"map1/02"}]},"map1/3":{"color":[{"color":"3500ffff","curve":0.25,"c3":0.75},{"time":1.6667,"color":"3500ff6c","curve":0.25,"c3":0.75},{"time":3.3333,"color":"3500ffff"}],"attachment":[{"name":"map1/02"}]},"map1/4":{"color":[{"color":"3500ffff","curve":0.25,"c3":0.75},{"time":1.6667,"color":"3500ff6c","curve":0.25,"c3":0.75},{"time":3.3333,"color":"3500ffff"}],"attachment":[{"name":"map1/02"}]},"map1/5":{"color":[{"color":"ffffff32","curve":0.25,"c3":0.75},{"time":1.6667,"color":"ff4500ff","curve":0.25,"c3":0.75},{"time":3.3333,"color":"ffffff32"}],"attachment":[{"name":"map1/02"}]},"map1/6":{"color":[{"color":"ffffff32","curve":0.25,"c3":0.75},{"time":1.6667,"color":"ff4500ff","curve":0.25,"c3":0.75},{"time":3.3333,"color":"ffffff32"}],"attachment":[{"name":"map1/02"}]},"map1/7":{"color":[{"color":"ffffff32","curve":0.25,"c3":0.75},{"time":1.6667,"color":"ff4500ff","curve":0.25,"c3":0.75},{"time":3.3333,"color":"ffffff32"}],"attachment":[{"name":"map1/02"}]},"map1/8":{"color":[{"color":"ffffff32","curve":0.25,"c3":0.75},{"time":1.6667,"color":"ff4500ff","curve":0.25,"c3":0.75},{"time":3.3333,"color":"ffffff32"}],"attachment":[{"name":"map1/02"}]}},"bones":{"2":{"rotate":[{"angle":-100.81,"curve":0.379,"c2":0.52,"c3":0.747},{"time":1.5,"angle":180,"curve":"stepped"},{"time":1.5333,"curve":0.247,"c3":0.63,"c4":0.52},{"time":3.3333,"angle":-100.81}],"translate":[{"x":-2.5,"y":17.97,"curve":0.379,"c2":0.52,"c3":0.747},{"time":1.5,"x":-4.47,"y":32.08,"curve":"stepped"},{"time":1.5333,"curve":0.247,"c3":0.63,"c4":0.52},{"time":3.3333,"x":-2.5,"y":17.97}],"scale":[{"x":0.647,"y":0.647,"curve":0.379,"c2":0.52,"c3":0.747},{"time":1.5,"x":0.37,"y":0.37,"curve":"stepped"},{"time":1.5333,"curve":0.247,"c3":0.63,"c4":0.52},{"time":3.3333,"x":0.647,"y":0.647}]},"4":{"rotate":[{"angle":-3.1,"curve":0.271,"c2":0.09,"c3":0.753},{"time":3.1333,"angle":180,"curve":"stepped"},{"time":3.1667,"curve":0.318,"c3":0.652,"c4":0.34},{"time":3.3333,"angle":-3.1}],"translate":[{"x":-0.29,"y":0.4,"curve":0.271,"c2":0.09,"c3":0.753},{"time":3.1333,"x":-16.71,"y":23.44,"curve":"stepped"},{"time":3.1667,"curve":0.318,"c3":0.652,"c4":0.34},{"time":3.3333,"x":-0.29,"y":0.4}],"scale":[{"x":0.989,"y":0.989,"curve":0.271,"c2":0.09,"c3":0.753},{"time":3.1333,"x":0.37,"y":0.37,"curve":"stepped"},{"time":3.1667,"curve":0.318,"c3":0.652,"c4":0.34},{"time":3.3333,"x":0.989,"y":0.989}]},"7":{"rotate":[{"angle":-12.22,"curve":0.3,"c2":0.21,"c3":0.756},{"time":2.8667,"angle":180,"curve":"stepped"},{"time":2.9,"curve":0.298,"c3":0.634,"c4":0.37},{"time":3.3333,"angle":-12.22}],"translate":[{"x":-0.61,"y":1.27,"curve":0.3,"c2":0.21,"c3":0.756},{"time":2.8667,"x":-8.98,"y":18.75,"curve":"stepped"},{"time":2.9,"curve":0.298,"c3":0.634,"c4":0.37},{"time":3.3333,"x":-0.61,"y":1.27}],"scale":[{"x":0.957,"y":0.957,"curve":0.3,"c2":0.21,"c3":0.756},{"time":2.8667,"x":0.37,"y":0.37,"curve":"stepped"},{"time":2.9,"curve":0.298,"c3":0.634,"c4":0.37},{"time":3.3333,"x":0.957,"y":0.957}]},"9":{"rotate":[{"angle":-156.19,"curve":0.375,"c2":0.61,"c3":0.716},{"time":0.6667,"angle":180,"curve":"stepped"},{"time":0.7,"curve":0.243,"c3":0.679,"c4":0.71},{"time":3.3333,"angle":-156.19}],"translate":[{"x":-8.16,"y":12.13,"curve":0.375,"c2":0.61,"c3":0.716},{"time":0.6667,"x":-9.41,"y":13.98,"curve":"stepped"},{"time":0.7,"curve":0.243,"c3":0.679,"c4":0.71},{"time":3.3333,"x":-8.16,"y":12.13}],"scale":[{"x":0.453,"y":0.453,"curve":0.375,"c2":0.61,"c3":0.716},{"time":0.6667,"x":0.37,"y":0.37,"curve":"stepped"},{"time":0.7,"curve":0.243,"c3":0.679,"c4":0.71},{"time":3.3333,"x":0.453,"y":0.453}]},"11":{"rotate":[{"angle":-0.47,"curve":0.272,"c2":0.05,"c3":0.622,"c4":0.46},{"time":1.0333,"angle":-51.08,"curve":0.351,"c2":0.4,"c3":0.757},{"time":3.2333,"angle":180,"curve":"stepped"},{"time":3.2667,"curve":0.327,"c3":0.66,"c4":0.34},{"time":3.3333,"angle":-0.47}],"translate":[{"x":-0.04,"y":0.05,"curve":0.272,"c2":0.05,"c3":0.622,"c4":0.46},{"time":1.0333,"x":-4.14,"y":5.55,"curve":0.351,"c2":0.4,"c3":0.757},{"time":3.2333,"x":-14.59,"y":19.56,"curve":"stepped"},{"time":3.2667,"curve":0.327,"c3":0.66,"c4":0.34},{"time":3.3333,"x":-0.04,"y":0.05}],"scale":[{"x":0.998,"y":0.998,"curve":0.272,"c2":0.05,"c3":0.622,"c4":0.46},{"time":1.0333,"x":0.821,"y":0.821,"curve":0.351,"c2":0.4,"c3":0.757},{"time":3.2333,"x":0.37,"y":0.37,"curve":"stepped"},{"time":3.2667,"curve":0.327,"c3":0.66,"c4":0.34},{"time":3.3333,"x":0.998,"y":0.998}]},"12":{"rotate":[{"angle":-146.28,"curve":0.379,"c2":0.6,"c3":0.725},{"time":0.8333,"angle":180,"curve":"stepped"},{"time":0.8667,"curve":0.318,"c3":0.652,"c4":0.34},{"time":1.0333,"angle":-3.1,"curve":0.261,"c2":0.08,"c3":0.672,"c4":0.68},{"time":3.3333,"angle":-146.28}],"translate":[{"x":-13.58,"y":19.05,"curve":0.379,"c2":0.6,"c3":0.725},{"time":0.8333,"x":-16.71,"y":23.44,"curve":"stepped"},{"time":0.8667,"curve":0.318,"c3":0.652,"c4":0.34},{"time":1.0333,"x":-0.29,"y":0.4,"curve":0.261,"c2":0.08,"c3":0.672,"c4":0.68},{"time":3.3333,"x":-13.58,"y":19.05}],"scale":[{"x":0.488,"y":0.488,"curve":0.379,"c2":0.6,"c3":0.725},{"time":0.8333,"x":0.37,"y":0.37,"curve":"stepped"},{"time":0.8667,"curve":0.318,"c3":0.652,"c4":0.34},{"time":1.0333,"x":0.989,"y":0.989,"curve":0.261,"c2":0.08,"c3":0.672,"c4":0.68},{"time":3.3333,"x":0.488,"y":0.488}]},"14":{"rotate":[{"angle":-161.35,"curve":0.372,"c2":0.62,"c3":0.711},{"time":0.5667,"angle":180,"curve":"stepped"},{"time":0.6,"curve":0.298,"c3":0.634,"c4":0.37},{"time":1.0333,"angle":-12.22,"curve":0.289,"c2":0.18,"c3":0.698,"c4":0.77},{"time":3.3333,"angle":-161.35}],"translate":[{"x":-8.05,"y":16.81,"curve":0.372,"c2":0.62,"c3":0.711},{"time":0.5667,"x":-8.98,"y":18.75,"curve":"stepped"},{"time":0.6,"curve":0.298,"c3":0.634,"c4":0.37},{"time":1.0333,"x":-0.61,"y":1.27,"curve":0.289,"c2":0.18,"c3":0.698,"c4":0.77},{"time":3.3333,"x":-8.05,"y":16.81}],"scale":[{"x":0.435,"y":0.435,"curve":0.372,"c2":0.62,"c3":0.711},{"time":0.5667,"x":0.37,"y":0.37,"curve":"stepped"},{"time":0.6,"curve":0.298,"c3":0.634,"c4":0.37},{"time":1.0333,"x":0.957,"y":0.957,"curve":0.289,"c2":0.18,"c3":0.698,"c4":0.77},{"time":3.3333,"x":0.435,"y":0.435}]},"15":{"rotate":[{"angle":-87.21,"curve":0.346,"c2":0.38,"c3":0.695,"c4":0.76},{"time":1.0333,"angle":-156.19,"curve":0.375,"c2":0.61,"c3":0.716},{"time":1.7,"angle":180,"curve":"stepped"},{"time":1.7333,"curve":0.251,"c3":0.624,"c4":0.49},{"time":3.3333,"angle":-87.21}],"translate":[{"x":-4.56,"y":6.77,"curve":0.346,"c2":0.38,"c3":0.695,"c4":0.76},{"time":1.0333,"x":-8.16,"y":12.13,"curve":0.375,"c2":0.61,"c3":0.716},{"time":1.7,"x":-9.41,"y":13.98,"curve":"stepped"},{"time":1.7333,"curve":0.251,"c3":0.624,"c4":0.49},{"time":3.3333,"x":-4.56,"y":6.77}],"scale":[{"x":0.695,"y":0.695,"curve":0.346,"c2":0.38,"c3":0.695,"c4":0.76},{"time":1.0333,"x":0.453,"y":0.453,"curve":0.375,"c2":0.61,"c3":0.716},{"time":1.7,"x":0.37,"y":0.37,"curve":"stepped"},{"time":1.7333,"curve":0.251,"c3":0.624,"c4":0.49},{"time":3.3333,"x":0.695,"y":0.695}]},"16":{"rotate":[{"angle":-64.77,"curve":0.362,"c2":0.44,"c3":0.755},{"time":2,"angle":180,"curve":"stepped"},{"time":2.0333,"curve":0.258,"c3":0.618,"c4":0.45},{"time":3.3333,"angle":-64.77}],"translate":[{"x":-5.7,"y":4.12,"curve":0.362,"c2":0.44,"c3":0.755},{"time":2,"x":-15.84,"y":11.44,"curve":"stepped"},{"time":2.0333,"curve":0.258,"c3":0.618,"c4":0.45},{"time":3.3333,"x":-5.7,"y":4.12}],"scale":[{"x":0.773,"y":0.773,"curve":0.362,"c2":0.44,"c3":0.755},{"time":2,"x":0.37,"y":0.37,"curve":"stepped"},{"time":2.0333,"curve":0.258,"c3":0.618,"c4":0.45},{"time":3.3333,"x":0.773,"y":0.773}]},"18":{"rotate":[{"angle":-176.9,"curve":0.351,"c2":0.65,"c3":0.685},{"time":0.2,"angle":180,"curve":"stepped"},{"time":0.2333,"curve":0.247,"c3":0.63,"c4":0.52},{"time":2.0333,"angle":-100.81,"curve":0.368,"c2":0.46,"c3":0.726,"c4":0.89},{"time":3.3333,"angle":-176.9}],"translate":[{"x":-4.39,"y":31.53,"curve":0.351,"c2":0.65,"c3":0.685},{"time":0.2,"x":-4.47,"y":32.08,"curve":"stepped"},{"time":0.2333,"curve":0.247,"c3":0.63,"c4":0.52},{"time":2.0333,"x":-2.5,"y":17.97,"curve":0.368,"c2":0.46,"c3":0.726,"c4":0.89},{"time":3.3333,"x":-4.39,"y":31.53}],"scale":[{"x":0.381,"y":0.381,"curve":0.351,"c2":0.65,"c3":0.685},{"time":0.2,"x":0.37,"y":0.37,"curve":"stepped"},{"time":0.2333,"curve":0.247,"c3":0.63,"c4":0.52},{"time":2.0333,"x":0.647,"y":0.647,"curve":0.368,"c2":0.46,"c3":0.726,"c4":0.89},{"time":3.3333,"x":0.381,"y":0.381}]},"22":{"rotate":[{"angle":-95.16,"curve":0.377,"c2":0.51,"c3":0.748},{"time":1.5667,"angle":180,"curve":"stepped"},{"time":1.6,"curve":0.298,"c3":0.634,"c4":0.37},{"time":2.0333,"angle":-12.22,"curve":0.289,"c2":0.18,"c3":0.647,"c4":0.6},{"time":3.3333,"angle":-95.16}],"translate":[{"x":-4.75,"y":9.91,"curve":0.377,"c2":0.51,"c3":0.748},{"time":1.5667,"x":-8.98,"y":18.75,"curve":"stepped"},{"time":1.6,"curve":0.298,"c3":0.634,"c4":0.37},{"time":2.0333,"x":-0.61,"y":1.27,"curve":0.289,"c2":0.18,"c3":0.647,"c4":0.6},{"time":3.3333,"x":-4.75,"y":9.91}],"scale":[{"x":0.667,"y":0.667,"curve":0.377,"c2":0.51,"c3":0.748},{"time":1.5667,"x":0.37,"y":0.37,"curve":"stepped"},{"time":1.6,"curve":0.298,"c3":0.634,"c4":0.37},{"time":2.0333,"x":0.957,"y":0.957,"curve":0.289,"c2":0.18,"c3":0.647,"c4":0.6},{"time":3.3333,"x":0.667,"y":0.667}]},"26":{"rotate":[{"angle":-74.32,"curve":0.332,"c2":0.33,"c3":0.667,"c4":0.67},{"time":0.3667,"angle":-100.81,"curve":0.379,"c2":0.52,"c3":0.747},{"time":1.8667,"angle":180,"curve":"stepped"},{"time":1.9,"curve":0.255,"c3":0.62,"c4":0.47},{"time":3.3333,"angle":-74.32}],"translate":[{"x":-1.84,"y":13.24,"curve":0.332,"c2":0.33,"c3":0.667,"c4":0.67},{"time":0.3667,"x":-2.5,"y":17.97,"curve":0.379,"c2":0.52,"c3":0.747},{"time":1.8667,"x":-4.47,"y":32.08,"curve":"stepped"},{"time":1.9,"curve":0.255,"c3":0.62,"c4":0.47},{"time":3.3333,"x":-1.84,"y":13.24}],"scale":[{"x":0.74,"y":0.74,"curve":0.332,"c2":0.33,"c3":0.667,"c4":0.67},{"time":0.3667,"x":0.647,"y":0.647,"curve":0.379,"c2":0.52,"c3":0.747},{"time":1.8667,"x":0.37,"y":0.37,"curve":"stepped"},{"time":1.9,"curve":0.255,"c3":0.62,"c4":0.47},{"time":3.3333,"x":0.74,"y":0.74}]},"28":{"rotate":[{"angle":-177.03,"curve":0.348,"c2":0.66,"c3":0.682},{"time":0.1667,"angle":180,"curve":"stepped"},{"time":0.2,"curve":0.318,"c3":0.652,"c4":0.34},{"time":0.3667,"angle":-3.1,"curve":0.268,"c2":0.09,"c3":0.732,"c4":0.91},{"time":3.3333,"angle":-177.03}],"translate":[{"x":-16.44,"y":23.05,"curve":0.348,"c2":0.66,"c3":0.682},{"time":0.1667,"x":-16.71,"y":23.44,"curve":"stepped"},{"time":0.2,"curve":0.318,"c3":0.652,"c4":0.34},{"time":0.3667,"x":-0.29,"y":0.4,"curve":0.268,"c2":0.09,"c3":0.732,"c4":0.91},{"time":3.3333,"x":-16.44,"y":23.05}],"scale":[{"x":0.38,"y":0.38,"curve":0.348,"c2":0.66,"c3":0.682},{"time":0.1667,"x":0.37,"y":0.37,"curve":"stepped"},{"time":0.2,"curve":0.318,"c3":0.652,"c4":0.34},{"time":0.3667,"x":0.989,"y":0.989,"curve":0.268,"c2":0.09,"c3":0.732,"c4":0.91},{"time":3.3333,"x":0.38,"y":0.38}]},"29":{"rotate":[{"angle":-115.62,"curve":0.341,"c2":0.36,"c3":0.676,"c4":0.7},{"time":0.3667,"angle":-140.26,"curve":0.381,"c2":0.59,"c3":0.729},{"time":1.3,"angle":180,"curve":"stepped"},{"time":1.3333,"curve":0.245,"c3":0.638,"c4":0.56},{"time":3.3333,"angle":-115.62}],"translate":[{"x":-11.14,"y":2.93,"curve":0.341,"c2":0.36,"c3":0.676,"c4":0.7},{"time":0.3667,"x":-13.52,"y":3.55,"curve":0.381,"c2":0.59,"c3":0.729},{"time":1.3,"x":-17.34,"y":4.56,"curve":"stepped"},{"time":1.3333,"curve":0.245,"c3":0.638,"c4":0.56},{"time":3.3333,"x":-11.14,"y":2.93}],"scale":[{"x":0.595,"y":0.595,"curve":0.341,"c2":0.36,"c3":0.676,"c4":0.7},{"time":0.3667,"x":0.509,"y":0.509,"curve":0.381,"c2":0.59,"c3":0.729},{"time":1.3,"x":0.37,"y":0.37,"curve":"stepped"},{"time":1.3333,"curve":0.245,"c3":0.638,"c4":0.56},{"time":3.3333,"x":0.595,"y":0.595}]},"31":{"rotate":[{"angle":-133.96,"curve":0.345,"c2":0.38,"c3":0.681,"c4":0.72},{"time":0.3667,"angle":-156.19,"curve":0.375,"c2":0.61,"c3":0.716},{"time":1.0333,"angle":180,"curve":"stepped"},{"time":1.0667,"curve":0.243,"c3":0.653,"c4":0.61},{"time":3.3333,"angle":-133.96}],"translate":[{"x":-7,"y":10.4,"curve":0.345,"c2":0.38,"c3":0.681,"c4":0.72},{"time":0.3667,"x":-8.16,"y":12.13,"curve":0.375,"c2":0.61,"c3":0.716},{"time":1.0333,"x":-9.41,"y":13.98,"curve":"stepped"},{"time":1.0667,"curve":0.243,"c3":0.653,"c4":0.61},{"time":3.3333,"x":-7,"y":10.4}],"scale":[{"x":0.531,"y":0.531,"curve":0.345,"c2":0.38,"c3":0.681,"c4":0.72},{"time":0.3667,"x":0.453,"y":0.453,"curve":0.375,"c2":0.61,"c3":0.716},{"time":1.0333,"x":0.37,"y":0.37,"curve":"stepped"},{"time":1.0667,"curve":0.243,"c3":0.653,"c4":0.61},{"time":3.3333,"x":0.531,"y":0.531}]}}}}}