{"skeleton":{"hash":"Xv5GCATc7LzUiXwr9Nr8fBPNJRw","spine":"3.8.99","images":"../","audio":"D:/work/CryptoGladiator/美术资源/角色/spine"},"bones":[{"name":"root"},{"name":"jian","parent":"root","x":-157.64},{"name":"D","parent":"root","rotation":-90,"x":-65.74}],"slots":[{"name":"斯巴达人物拆分小/武器/gongjian1-2","bone":"jian"},{"name":"tx/炸点5/2 (1)","bone":"root","blend":"additive"},{"name":"tx/电3/1_00001","bone":"D","blend":"additive"},{"name":"tx/电2/2 (1)","bone":"D"}],"skins":[{"name":"default","attachments":{"tx/炸点5/2 (1)":{"tx/炸点5/2 (6)2":{"path":"tx/炸点5/2 (6)","x":-30.26,"y":-3.28,"scaleX":1.0093,"scaleY":1.0093,"width":254,"height":143},"tx/炸点5/2 (7)2":{"path":"tx/炸点5/2 (7)","x":-58.52,"y":-3.28,"width":254,"height":143},"tx/炸点5/2 (8)2":{"path":"tx/炸点5/2 (8)","x":-64.17,"y":-4.85,"scaleY":1.5872,"width":254,"height":143}},"tx/电2/2 (1)":{"tx/电2/2 (2)2":{"path":"tx/电2/2 (2)","x":-1.23,"y":14.49,"rotation":180,"width":127,"height":132},"tx/电2/2 (3)2":{"path":"tx/电2/2 (3)","x":-1.23,"y":14.49,"rotation":180,"width":127,"height":132},"tx/电2/2 (4)2":{"path":"tx/电2/2 (4)","x":-1.23,"y":14.49,"rotation":180,"width":127,"height":132},"tx/电2/2 (5)2":{"path":"tx/电2/2 (5)","x":-1.23,"y":14.49,"rotation":180,"width":127,"height":132},"tx/电2/2 (7)2":{"path":"tx/电2/2 (7)","x":-1.23,"y":14.49,"rotation":180,"width":127,"height":132},"tx/电2/2 (10)2":{"path":"tx/电2/2 (10)","x":-1.23,"y":14.49,"rotation":180,"width":127,"height":132}},"tx/电3/1_00001":{"tx/电3/1_1":{"path":"tx/电3/1_00001","width":75,"height":132},"tx/电3/1_3":{"path":"tx/电3/1_00003","width":75,"height":132},"tx/电3/1_5":{"path":"tx/电3/1_00005","width":75,"height":132},"tx/电3/1_7":{"path":"tx/电3/1_00007","width":75,"height":132},"tx/电3/1_9":{"path":"tx/电3/1_00009","width":75,"height":132},"tx/电3/1_11":{"path":"tx/电3/1_00011","width":75,"height":132},"tx/电3/1_13":{"path":"tx/电3/1_00013","width":75,"height":132},"tx/电3/1_14":{"path":"tx/电3/1_00014","width":75,"height":132}},"斯巴达人物拆分小/武器/gongjian1-2":{"斯巴达人物拆分小/武器/gongjian1-4":{"path":"斯巴达人物拆分小/武器/gongjian1-2","x":77.79,"rotation":-90,"width":24,"height":171}}}}],"animations":{"ARCHER_ATTACK":{"slots":{"tx/炸点5/2 (1)":{"color":[{"color":"ffffff88"}],"attachment":[{"name":"tx/炸点5/2 (6)2"},{"time":0.0333,"name":"tx/炸点5/2 (7)2"},{"time":0.0667,"name":"tx/炸点5/2 (8)2"},{"time":0.1,"name":"tx/炸点5/2 (6)2"},{"time":0.1333,"name":"tx/炸点5/2 (7)2"},{"time":0.1667,"name":"tx/炸点5/2 (8)2"},{"time":0.2,"name":"tx/炸点5/2 (6)2"},{"time":0.2333,"name":"tx/炸点5/2 (7)2"},{"time":0.2667,"name":"tx/炸点5/2 (8)2"}]},"tx/电2/2 (1)":{"attachment":[{"name":"tx/电2/2 (2)2"},{"time":0.0333,"name":"tx/电2/2 (3)2"},{"time":0.0667,"name":"tx/电2/2 (4)2"},{"time":0.1,"name":"tx/电2/2 (5)2"},{"time":0.1333,"name":null},{"time":0.1667,"name":"tx/电2/2 (7)2"},{"time":0.2,"name":null},{"time":0.2667,"name":"tx/电2/2 (10)2"}]},"tx/电3/1_00001":{"attachment":[{"name":"tx/电3/1_1"},{"time":0.0333,"name":"tx/电3/1_3"},{"time":0.0667,"name":"tx/电3/1_5"},{"time":0.1,"name":"tx/电3/1_7"},{"time":0.1333,"name":"tx/电3/1_9"},{"time":0.1667,"name":"tx/电3/1_11"},{"time":0.2,"name":"tx/电3/1_13"},{"time":0.2333,"name":"tx/电3/1_14"},{"time":0.2667,"name":null}]},"斯巴达人物拆分小/武器/gongjian1-2":{"attachment":[{"name":"斯巴达人物拆分小/武器/gongjian1-4"}]}},"bones":{"jian":{"scale":[{},{"time":0.1333,"y":0},{"time":0.2667}]}}}}}